-- MySQL dump 10.13  Distrib 5.1.48, for apple-darwin10.3.0 (i386)
--
-- Host: localhost    Database: cardsys_dev
-- ------------------------------------------------------
-- Server version	5.1.48

/*!40101 SET @OLD_CHARACTER_SET_CLIENT=@@CHARACTER_SET_CLIENT */;
/*!40101 SET @OLD_CHARACTER_SET_RESULTS=@@CHARACTER_SET_RESULTS */;
/*!40101 SET @OLD_COLLATION_CONNECTION=@@COLLATION_CONNECTION */;
/*!40101 SET NAMES utf8 */;
/*!40103 SET @OLD_TIME_ZONE=@@TIME_ZONE */;
/*!40103 SET TIME_ZONE='+00:00' */;
/*!40014 SET @OLD_UNIQUE_CHECKS=@@UNIQUE_CHECKS, UNIQUE_CHECKS=0 */;
/*!40014 SET @OLD_FOREIGN_KEY_CHECKS=@@FOREIGN_KEY_CHECKS, FOREIGN_KEY_CHECKS=0 */;
/*!40101 SET @OLD_SQL_MODE=@@SQL_MODE, SQL_MODE='NO_AUTO_VALUE_ON_ZERO' */;
/*!40111 SET @OLD_SQL_NOTES=@@SQL_NOTES, SQL_NOTES=0 */;

--
-- Table structure for table `advanced_orders`
--

DROP TABLE IF EXISTS `advanced_orders`;
/*!40101 SET @saved_cs_client     = @@character_set_client */;
/*!40101 SET character_set_client = utf8 */;
CREATE TABLE `advanced_orders` (
  `id` int(11) NOT NULL AUTO_INCREMENT,
  `court_id` int(11) NOT NULL DEFAULT '0',
  `start_date` date NOT NULL,
  `end_date` date NOT NULL,
  `wday` tinyint(4) NOT NULL DEFAULT '0',
  `start_hour` tinyint(4) NOT NULL,
  `end_hour` tinyint(4) NOT NULL,
  `member_card_id` int(11) NOT NULL DEFAULT '0',
  `member_id` int(11) NOT NULL DEFAULT '0',
  `created_at` datetime DEFAULT NULL,
  `updated_at` datetime DEFAULT NULL,
  PRIMARY KEY (`id`)
) ENGINE=MyISAM AUTO_INCREMENT=11 DEFAULT CHARSET=utf8;
/*!40101 SET character_set_client = @saved_cs_client */;

--
-- Dumping data for table `advanced_orders`
--

LOCK TABLES `advanced_orders` WRITE;
/*!40000 ALTER TABLE `advanced_orders` DISABLE KEYS */;
INSERT INTO `advanced_orders` VALUES (1,1,'2011-01-28','2011-04-25',1,10,11,15,14,'2011-01-24 08:27:56','2011-01-24 08:27:56'),(2,1,'2011-01-24','2011-02-24',1,7,8,20,17,'2011-01-24 08:57:08','2011-01-24 08:57:08'),(3,4,'2011-01-24','2011-02-24',1,10,11,20,17,'2011-01-24 08:59:01','2011-01-24 08:59:01'),(4,3,'2011-02-22','2011-04-28',1,7,9,29,29,'2011-02-21 07:56:28','2011-02-21 07:56:28'),(5,1,'2011-02-25','2011-05-27',1,7,8,33,30,'2011-02-25 02:27:18','2011-02-25 02:33:06'),(6,1,'2011-02-25','2011-06-03',1,7,8,33,30,'2011-02-25 02:36:01','2011-02-25 02:36:01'),(7,1,'2011-02-28','2011-07-25',1,9,10,33,30,'2011-02-25 02:38:28','2011-02-25 07:10:55'),(8,2,'2011-03-21','2011-04-01',4,10,11,26,26,'2011-03-20 06:57:34','2011-03-20 06:57:34'),(9,5,'2011-03-29','2011-04-26',1,10,12,39,34,'2011-03-22 08:47:55','2011-03-22 08:47:55'),(10,1,'2011-03-29','2011-06-30',1,13,14,25,23,'2011-03-29 01:43:01','2011-03-29 01:43:01');
/*!40000 ALTER TABLE `advanced_orders` ENABLE KEYS */;
UNLOCK TABLES;

--
-- Table structure for table `balances`
--

DROP TABLE IF EXISTS `balances`;
/*!40101 SET @saved_cs_client     = @@character_set_client */;
/*!40101 SET character_set_client = utf8 */;
CREATE TABLE `balances` (
  `id` int(11) NOT NULL AUTO_INCREMENT,
  `order_id` int(11) NOT NULL DEFAULT '0',
  `book_record_amount` decimal(10,2) NOT NULL DEFAULT '0.00',
  `book_record_realy_amount` decimal(10,2) NOT NULL DEFAULT '0.00',
  `change_note` varchar(80) NOT NULL DEFAULT '',
  `catena_id` int(11) NOT NULL DEFAULT '0',
  `balance_way` tinyint(4) NOT NULL DEFAULT '0',
  `member_type` tinyint(4) NOT NULL DEFAULT '0',
  `created_at` datetime DEFAULT NULL,
  `updated_at` datetime DEFAULT NULL,
  `goods_balance_type` tinyint(4) NOT NULL DEFAULT '0',
  `status` tinyint(4) NOT NULL DEFAULT '0',
  `count_amount` int(11) NOT NULL DEFAULT '0',
  `goods_amount` decimal(10,0) DEFAULT NULL,
  `goods_realy_amount` decimal(10,0) DEFAULT '0',
  `goods_member_card_id` int(11) NOT NULL DEFAULT '0',
  `book_reocrd_member_card_id` int(11) NOT NULL DEFAULT '0',
  `member_id` int(11) NOT NULL DEFAULT '0',
  `user_id` int(11) DEFAULT NULL,
  PRIMARY KEY (`id`)
) ENGINE=MyISAM AUTO_INCREMENT=70 DEFAULT CHARSET=utf8;
/*!40101 SET character_set_client = @saved_cs_client */;

--
-- Dumping data for table `balances`
--

LOCK TABLES `balances` WRITE;
/*!40000 ALTER TABLE `balances` DISABLE KEYS */;
INSERT INTO `balances` VALUES (1,1,'240.00','240.00','',1,1,1,'2011-01-24 06:50:38','2011-04-09 08:45:09',1,1,0,'200','200',0,0,1,1),(2,2,'100.00','100.00','',1,1,1,'2011-01-24 06:59:33','2011-04-09 08:45:09',1,1,1,'638','638',0,0,8,1),(3,3,'950.00','950.00','',1,3,1,'2011-01-24 07:05:50','2011-04-09 08:45:09',3,1,0,'2244','2244',0,0,4,1),(4,5,'100.00','100.00','',1,7,1,'2011-01-24 07:23:53','2011-04-09 08:45:09',1,1,1,'200','200',0,0,8,1),(5,6,'240.00','240.00','',1,2,1,'2011-01-24 07:34:03','2011-04-09 08:45:09',2,1,0,'216','216',0,0,9,1),(6,22,'200.00','200.00','',1,7,1,'2011-01-24 08:37:35','2011-04-09 08:45:09',1,1,2,'1120','1120',0,0,19,1),(7,21,'100.00','100.00','',1,1,1,'2011-01-24 08:39:40','2011-04-09 08:45:09',1,1,1,'200','200',0,0,14,1),(8,24,'200.00','200.00','',1,7,1,'2011-01-24 08:41:11','2011-04-09 08:45:09',1,1,2,'400','400',0,0,19,1),(9,26,'300.00','300.00','',1,7,1,'2011-01-24 08:49:18','2011-04-09 08:45:09',1,1,3,'0','0',0,0,19,1),(10,28,'150.00','150.00','',1,7,1,'2011-01-24 08:52:21','2011-04-09 08:45:09',1,1,3,'0','0',0,0,19,1),(11,41,'200.00','200.00','',1,7,1,'2011-01-24 09:24:32','2011-04-09 08:45:09',1,1,2,'0','0',0,0,15,1),(12,29,'250.00','250.00','',1,1,1,'2011-01-25 01:48:10','2011-04-09 08:45:09',1,1,0,'36','36',0,0,17,1),(13,44,'240.00','240.00','',1,1,1,'2011-01-25 03:27:50','2011-04-09 08:45:09',1,1,0,'300','300',0,0,22,1),(14,45,'80.00','80.00','',1,1,1,'2011-01-26 00:59:35','2011-04-09 08:45:09',1,1,0,'300','300',0,0,9,1),(15,47,'540.00','540.00','',1,1,1,'2011-01-26 06:02:53','2011-04-09 08:45:09',1,1,0,'0','0',0,0,22,1),(16,60,'180.00','180.00','',1,1,1,'2011-01-28 06:30:07','2011-04-09 08:45:09',1,1,0,'600','600',0,0,22,1),(17,61,'900.00','900.00','',1,1,1,'2011-01-28 08:07:39','2011-04-09 08:45:09',1,1,0,'1500','1500',0,0,21,1),(18,49,'100.00','100.00','',1,1,1,'2011-02-01 04:08:15','2011-04-09 08:45:09',1,1,1,'0','0',0,0,16,1),(19,63,'160.00','160.00','',1,1,1,'2011-02-09 04:08:27','2011-04-09 08:45:09',1,1,0,'200','200',0,0,24,1),(20,66,'540.00','540.00','',1,1,1,'2011-02-15 02:35:03','2011-04-09 08:45:09',2,1,4,'1200','1200',0,0,27,1),(21,70,'180.00','180.00','',1,1,1,'2011-02-15 07:20:05','2011-04-09 08:45:09',1,1,1,'0','0',0,0,26,1),(22,132,'100.00','100.00','',1,7,1,'2011-02-25 02:47:08','2011-04-09 08:45:09',1,1,1,'0','0',0,0,14,1),(23,132,'100.00','100.00','',1,7,1,'2011-02-25 02:47:34','2011-04-09 08:45:09',1,1,1,'0','0',0,0,14,1),(24,132,'100.00','100.00','',1,7,1,'2011-02-25 02:47:49','2011-04-09 08:45:09',1,1,1,'0','0',0,0,14,1),(25,132,'100.00','100.00','',1,7,1,'2011-02-25 03:08:12','2011-04-09 08:45:09',1,1,1,'0','0',0,0,14,1),(28,30,'70.00','70.00','',1,7,1,'2011-02-25 07:13:30','2011-04-09 08:45:09',1,1,1,'400','400',0,0,14,1),(29,30,'70.00','70.00','',1,7,1,'2011-02-25 07:13:41','2011-04-09 08:45:10',1,1,1,'400','400',0,0,14,1),(30,46,'480.00','480.00','',1,1,1,'2011-02-25 07:16:57','2011-04-09 08:45:10',1,1,0,'240','240',0,0,22,1),(31,67,'70.00','70.00','',1,1,1,'2011-03-04 02:13:56','2011-04-09 08:45:10',1,1,1,'208','208',0,0,28,1),(32,71,'100.00','100.00','',1,1,1,'2011-03-04 02:14:14','2011-04-05 03:21:45',1,1,1,'0','0',0,0,29,NULL),(33,142,'540.00','540.00','',1,1,1,'2011-03-13 06:05:07','2011-04-09 08:45:10',6,1,3,'900','900',0,0,26,1),(34,142,'540.00','540.00','',1,1,1,'2011-03-13 06:05:25','2011-04-09 08:45:10',6,1,3,'900','900',0,0,26,1),(35,142,'540.00','540.00','',1,1,1,'2011-03-13 06:05:33','2011-04-09 08:45:10',6,1,3,'900','900',0,0,26,1),(36,142,'540.00','540.00','',1,1,1,'2011-03-13 06:07:04','2011-04-09 08:45:10',6,1,3,'900','900',0,0,26,1),(37,74,'80.00','80.00','',1,1,1,'2011-03-14 02:14:03','2011-04-05 03:21:45',1,1,2,'0','0',0,0,29,NULL),(38,73,'140.00','140.00','',1,1,1,'2011-03-14 02:21:27','2011-04-05 03:21:45',1,1,2,'0','0',0,0,29,NULL),(39,35,'100.00','100.00','',1,1,1,'2011-03-14 02:21:55','2011-04-09 08:45:10',1,1,0,'200','200',0,0,17,1),(40,145,'180.00','180.00','',1,1,1,'2011-03-22 01:15:56','2011-04-09 08:45:10',1,1,1,'420','420',0,0,26,1),(41,147,'280.00','280.00','',1,1,1,'2011-03-23 07:47:23','2011-04-09 08:45:10',1,1,0,'240','240',0,0,32,1),(42,157,'280.00','280.00','',1,1,1,'2011-03-23 08:15:11','2011-04-09 08:45:10',1,1,0,'0','0',0,0,32,1),(43,162,'280.00','280.00','',1,1,1,'2011-03-25 05:46:57','2011-04-09 08:45:10',1,1,2,'400','400',0,0,34,1),(44,160,'120.00','120.00','',1,1,1,'2011-03-25 06:43:02','2011-04-09 08:45:10',1,1,1,'150','150',0,0,26,1),(45,163,'180.00','180.00','',1,1,1,'2011-03-25 06:43:59','2011-04-09 08:45:10',1,1,1,'128','128',0,0,26,1),(46,159,'120.00','120.00','',1,1,1,'2011-03-25 08:13:31','2011-04-09 08:45:10',1,1,2,'400','400',0,0,10,1),(47,158,'280.00','280.00','',1,1,1,'2011-03-25 08:13:58','2011-04-09 08:45:10',1,1,2,'300','300',0,0,34,1),(48,164,'300.00','300.00','',1,1,1,'2011-03-25 08:14:17','2011-04-09 07:51:34',1,1,3,'2310','2310',0,0,28,NULL),(49,164,'300.00','300.00','',1,1,1,'2011-03-25 08:14:26','2011-04-05 03:21:45',1,0,3,'2310','2310',0,0,28,NULL),(50,15,'70.00','70.00','',1,1,1,'2011-03-28 05:00:48','2011-04-09 08:45:10',1,1,1,'200','200',0,0,14,1),(52,185,'60.00','60.00','',1,1,1,'2011-04-01 15:41:54','2011-04-09 08:45:10',1,1,1,'200','200',0,0,18,1),(53,217,'120.00','112.00','',1,1,1,'2011-04-09 07:41:30','2011-04-09 08:45:10',1,0,1,'150','150',0,0,38,1),(54,217,'120.00','12.00','',1,1,1,'2011-04-09 07:41:54','2011-04-09 08:45:10',1,1,1,'150','150',0,0,38,1),(55,206,'150.00','150.00','',1,2,1,'2011-04-09 07:42:57','2011-04-09 08:45:10',2,1,0,'0','0',0,0,38,1),(56,72,'240.00','240.00','',1,2,1,'2011-04-09 07:46:33','2011-04-09 08:45:10',2,1,0,'0','0',0,0,29,1),(57,182,'100.00','100.00','',1,2,1,'2011-04-09 07:55:52','2011-04-09 08:45:10',2,1,0,'0','0',0,0,38,1),(58,69,'120.00','120.00','',1,2,1,'2011-04-09 08:00:06','2011-04-09 08:45:10',2,1,1,'0','0',0,0,26,1),(59,64,'640.00','640.00','',1,2,1,'2011-04-09 08:01:12','2011-04-09 08:45:10',2,1,0,'900','900',0,0,9,1),(60,148,'280.00','280.00','',1,1,1,'2011-04-09 08:03:43','2011-04-09 08:45:10',1,1,0,'0','0',0,0,32,1),(61,180,'100.00','100.00','',1,2,1,'2011-04-09 08:04:38','2011-04-09 08:45:10',2,1,0,'395','395',0,0,38,1),(62,50,'480.00','480.00','',1,1,1,'2011-04-09 08:08:36','2011-04-09 08:45:10',1,1,0,'4','4',0,0,13,1),(63,82,'180.00','180.00','',1,1,1,'2011-04-09 08:10:41','2011-04-09 08:45:10',1,1,3,'450','450',0,0,18,1),(64,82,'180.00','180.00','',1,1,1,'2011-04-09 08:17:11','2011-04-09 08:45:10',1,1,3,'450','450',0,0,18,1),(65,68,'40.00','40.00','',1,1,1,'2011-04-09 08:17:46','2011-04-09 08:45:10',1,1,1,'0','0',0,0,28,1),(66,215,'240.00','240.00','',1,1,1,'2011-04-09 08:27:06','2011-04-09 08:45:10',1,1,2,'404','404',0,0,38,1),(67,218,'360.00','360.00','',1,1,1,'2011-04-10 06:19:47','2011-04-10 06:19:47',1,1,3,'608','608',0,0,38,1),(68,220,'300.00','300.00','',1,1,1,'2011-04-10 15:07:04','2011-04-10 15:07:04',1,1,3,'0','0',0,0,28,1),(69,225,'100.00','100.00','',1,1,1,'2011-04-15 14:57:20','2011-04-15 14:57:20',1,1,1,'0','0',0,0,38,1);
/*!40000 ALTER TABLE `balances` ENABLE KEYS */;
UNLOCK TABLES;

--
-- Table structure for table `book_records`
--

DROP TABLE IF EXISTS `book_records`;
/*!40101 SET @saved_cs_client     = @@character_set_client */;
/*!40101 SET character_set_client = utf8 */;
CREATE TABLE `book_records` (
  `id` int(11) NOT NULL AUTO_INCREMENT,
  `court_id` int(11) NOT NULL DEFAULT '0',
  `end_hour` tinyint(4) NOT NULL DEFAULT '0',
  `start_hour` tinyint(4) NOT NULL DEFAULT '0',
  `record_date` date NOT NULL,
  `status` tinyint(4) NOT NULL DEFAULT '0',
  `catena_id` int(11) NOT NULL DEFAULT '0',
  `created_at` datetime DEFAULT NULL,
  `updated_at` datetime DEFAULT NULL,
  PRIMARY KEY (`id`)
) ENGINE=MyISAM AUTO_INCREMENT=227 DEFAULT CHARSET=utf8;
/*!40101 SET character_set_client = @saved_cs_client */;

--
-- Dumping data for table `book_records`
--

LOCK TABLES `book_records` WRITE;
/*!40000 ALTER TABLE `book_records` DISABLE KEYS */;
INSERT INTO `book_records` VALUES (1,1,16,15,'2011-01-24',2,1,NULL,NULL),(2,1,17,16,'2011-01-24',2,1,NULL,NULL),(3,2,24,17,'2011-01-24',2,1,NULL,NULL),(5,3,20,19,'2011-01-24',2,1,NULL,NULL),(6,3,18,17,'2011-01-24',2,1,NULL,NULL),(7,1,11,10,'2011-01-31',1,1,NULL,NULL),(8,1,11,10,'2011-02-07',1,1,NULL,NULL),(9,1,11,10,'2011-02-14',1,1,NULL,NULL),(10,1,11,10,'2011-02-21',1,1,NULL,NULL),(11,1,11,10,'2011-02-28',1,1,NULL,NULL),(12,1,11,10,'2011-03-07',1,1,NULL,NULL),(13,1,11,10,'2011-03-14',1,1,NULL,NULL),(14,1,11,10,'2011-03-21',1,1,NULL,NULL),(15,1,11,10,'2011-03-28',2,1,NULL,NULL),(16,1,11,10,'2011-04-04',1,1,NULL,NULL),(17,1,11,10,'2011-04-11',1,1,NULL,NULL),(18,1,11,10,'2011-04-18',1,1,NULL,NULL),(19,1,11,10,'2011-04-25',1,1,NULL,NULL),(43,2,13,11,'2011-02-03',12,1,NULL,NULL),(21,1,12,11,'2011-02-03',2,1,NULL,'2011-04-09 08:06:51'),(22,3,22,20,'2011-01-24',2,1,NULL,NULL),(24,1,20,18,'2011-01-25',2,1,NULL,NULL),(29,1,11,8,'2011-01-25',2,1,NULL,NULL),(26,1,22,19,'2011-01-24',2,1,NULL,NULL),(28,2,10,7,'2011-01-25',2,1,NULL,NULL),(30,2,11,10,'2011-01-25',2,1,NULL,NULL),(31,1,8,7,'2011-01-24',1,1,NULL,NULL),(32,1,8,7,'2011-01-31',1,1,NULL,NULL),(33,1,8,7,'2011-02-07',1,1,NULL,NULL),(34,1,8,7,'2011-02-14',1,1,NULL,NULL),(35,1,8,7,'2011-02-21',2,1,NULL,NULL),(36,4,11,10,'2011-01-24',1,1,NULL,NULL),(37,4,11,10,'2011-01-31',1,1,NULL,NULL),(38,4,11,10,'2011-02-07',1,1,NULL,NULL),(39,4,11,10,'2011-02-14',1,1,NULL,NULL),(40,4,11,10,'2011-02-21',1,1,NULL,NULL),(41,4,20,18,'2011-01-24',2,1,NULL,NULL),(42,4,21,20,'2011-01-24',1,1,NULL,NULL),(44,2,12,10,'2011-01-26',2,1,NULL,NULL),(45,3,9,8,'2011-01-26',2,1,NULL,NULL),(46,3,16,13,'2011-01-27',2,1,NULL,NULL),(47,1,10,7,'2011-02-01',2,1,NULL,NULL),(48,2,10,9,'2011-02-02',1,1,NULL,NULL),(49,3,12,11,'2011-02-02',2,1,NULL,NULL),(50,2,13,11,'2011-02-02',2,1,NULL,'2011-04-09 08:08:36'),(51,1,11,10,'2011-01-28',1,1,NULL,NULL),(52,2,11,10,'2011-01-28',1,1,NULL,NULL),(53,3,12,11,'2011-01-28',1,1,NULL,NULL),(54,4,11,10,'2011-01-28',1,1,NULL,NULL),(55,4,15,14,'2011-01-28',1,1,NULL,NULL),(56,3,18,17,'2011-01-28',1,1,NULL,NULL),(57,4,20,17,'2011-01-28',1,1,NULL,NULL),(58,3,14,12,'2011-01-31',1,1,NULL,NULL),(59,5,15,14,'2011-01-28',1,1,NULL,NULL),(60,2,12,11,'2011-01-29',2,1,NULL,NULL),(61,3,16,11,'2011-01-29',2,1,NULL,NULL),(62,3,18,14,'2011-02-01',1,1,NULL,NULL),(63,3,12,11,'2011-02-09',2,1,NULL,NULL),(64,3,16,13,'2011-02-09',2,1,NULL,'2011-04-09 08:01:12'),(65,1,18,17,'2011-02-14',1,1,NULL,NULL),(66,3,15,11,'2011-02-15',2,1,NULL,NULL),(67,2,23,22,'2011-02-15',2,1,NULL,NULL),(68,1,8,7,'2011-02-16',2,1,NULL,'2011-04-09 08:17:46'),(69,4,14,13,'2011-02-16',2,1,NULL,'2011-04-09 08:00:07'),(70,4,8,7,'2011-02-16',2,1,NULL,NULL),(71,1,19,18,'2011-02-21',2,1,NULL,NULL),(72,2,20,19,'2011-02-21',2,1,NULL,'2011-04-09 07:46:34'),(73,3,9,7,'2011-02-28',2,1,NULL,NULL),(74,3,9,7,'2011-03-07',2,1,NULL,NULL),(75,3,9,7,'2011-03-14',1,1,NULL,NULL),(145,2,13,12,'2011-03-22',2,1,NULL,NULL),(146,3,13,11,'2011-03-22',1,1,NULL,NULL),(78,3,9,7,'2011-04-04',1,1,NULL,NULL),(79,3,9,7,'2011-04-11',1,1,NULL,NULL),(80,3,9,7,'2011-04-18',1,1,NULL,NULL),(81,3,9,7,'2011-04-25',1,1,NULL,NULL),(82,3,13,10,'2011-02-23',2,1,NULL,'2011-04-09 08:10:41'),(160,3,13,12,'2011-03-25',2,1,NULL,NULL),(159,4,13,11,'2011-03-25',2,1,NULL,NULL),(158,1,15,13,'2011-03-25',2,1,NULL,NULL),(157,2,22,21,'2011-03-23',2,1,NULL,NULL),(156,1,18,17,'2011-03-23',1,1,NULL,NULL),(155,1,15,14,'2013-05-23',1,1,NULL,NULL),(154,1,15,14,'2011-05-27',1,1,NULL,NULL),(152,5,12,10,'2011-04-25',1,1,NULL,NULL),(151,5,11,10,'2011-04-18',1,1,NULL,NULL),(153,1,14,13,'2011-05-26',1,1,NULL,NULL),(149,5,12,10,'2011-04-04',1,1,NULL,NULL),(148,3,14,13,'2011-03-22',2,1,NULL,'2011-04-09 08:03:43'),(147,1,12,11,'2011-03-23',2,1,NULL,NULL),(142,2,16,13,'2011-03-13',2,1,NULL,NULL),(141,1,11,9,'2011-03-18',1,1,NULL,NULL),(140,4,19,10,'2011-03-11',1,1,NULL,NULL),(139,3,16,14,'2011-03-11',1,1,NULL,NULL),(138,2,10,7,'2011-03-11',1,1,NULL,NULL),(137,1,16,15,'2011-03-09',1,1,NULL,NULL),(136,3,15,12,'2011-03-09',1,1,NULL,NULL),(135,2,10,9,'2011-03-08',1,1,NULL,NULL),(133,1,12,11,'2011-03-04',1,1,NULL,NULL),(132,1,9,8,'2011-05-02',2,1,NULL,NULL),(161,2,17,16,'2011-05-27',1,1,NULL,NULL),(162,2,15,13,'2011-06-29',2,1,NULL,NULL),(163,1,17,16,'2011-03-25',2,1,NULL,NULL),(164,2,19,16,'2011-03-25',2,1,NULL,'2011-04-09 07:51:34'),(165,3,23,18,'2011-03-25',1,1,NULL,NULL),(166,1,17,16,'2011-03-28',1,1,NULL,NULL),(167,1,14,13,'2011-04-04',1,1,NULL,NULL),(168,1,14,13,'2011-04-11',1,1,NULL,NULL),(169,1,14,13,'2011-04-18',1,1,NULL,NULL),(170,1,14,13,'2011-04-25',1,1,NULL,NULL),(171,1,14,13,'2011-05-02',1,1,NULL,NULL),(172,1,14,13,'2011-05-09',1,1,NULL,NULL),(173,1,14,13,'2011-05-16',1,1,NULL,NULL),(174,1,14,13,'2011-05-23',1,1,NULL,NULL),(175,1,14,13,'2011-05-30',1,1,NULL,NULL),(176,1,14,13,'2011-06-06',1,1,NULL,NULL),(177,1,14,13,'2011-06-13',1,1,NULL,NULL),(178,1,14,13,'2011-06-20',1,1,NULL,NULL),(179,1,14,13,'2011-06-27',1,1,NULL,NULL),(180,1,13,12,'2011-03-29',2,1,NULL,'2011-04-09 08:04:38'),(181,2,19,18,'2011-03-29',1,1,NULL,NULL),(182,3,15,14,'2011-03-30',2,1,NULL,'2011-04-09 07:55:52'),(187,2,18,17,'2011-04-05',1,0,NULL,NULL),(184,1,21,20,'2011-03-30',1,1,NULL,NULL),(185,1,24,23,'2011-04-01',2,1,NULL,NULL),(186,2,24,23,'2011-04-01',11,1,NULL,NULL),(188,1,18,17,'2011-04-05',1,0,NULL,NULL),(189,1,21,17,'2011-04-05',1,0,NULL,NULL),(190,1,18,17,'2011-04-05',1,0,NULL,NULL),(191,1,18,17,'2011-04-05',1,0,NULL,NULL),(192,2,18,17,'2011-04-05',1,0,NULL,NULL),(193,3,18,17,'2011-04-05',1,0,NULL,NULL),(194,1,18,17,'2011-04-05',1,0,NULL,NULL),(195,1,18,17,'2011-04-05',1,0,NULL,NULL),(196,1,18,17,'2011-04-05',1,0,NULL,NULL),(197,1,18,17,'2011-04-05',1,0,NULL,NULL),(198,4,20,19,'2011-04-05',1,0,NULL,NULL),(199,1,18,17,'2011-04-05',1,0,NULL,NULL),(200,1,18,17,'2011-04-05',1,0,NULL,NULL),(201,1,18,17,'2011-04-05',1,0,NULL,NULL),(202,1,18,17,'2011-04-05',1,0,NULL,NULL),(203,1,18,17,'2011-04-05',1,0,NULL,NULL),(204,1,18,17,'2011-04-05',1,1,NULL,NULL),(205,2,19,18,'2011-04-05',1,1,NULL,NULL),(206,2,20,19,'2011-04-05',2,1,NULL,'2011-04-09 07:42:58'),(207,3,19,18,'2011-04-05',1,1,NULL,NULL),(208,3,21,20,'2011-04-05',11,1,NULL,NULL),(209,3,24,22,'2011-04-05',1,1,NULL,NULL),(210,2,21,20,'2011-04-06',1,1,NULL,NULL),(211,1,22,21,'2011-04-07',1,1,NULL,NULL),(212,2,24,21,'2011-04-07',1,1,NULL,NULL),(213,2,22,21,'2011-04-08',1,1,NULL,NULL),(214,3,23,21,'2011-04-08',1,1,NULL,NULL),(215,2,12,10,'2011-04-09',2,1,NULL,'2011-04-09 08:27:06'),(216,2,8,7,'2011-04-09',1,1,'2011-04-09 06:36:30','2011-04-09 06:36:30'),(217,3,8,7,'2011-04-09',2,1,'2011-04-09 06:38:30','2011-04-09 07:42:01'),(218,1,18,15,'2011-04-10',2,1,'2011-04-10 06:15:14','2011-04-10 06:19:47'),(219,2,17,16,'2011-04-10',1,1,'2011-04-10 07:21:07','2011-04-10 07:21:07'),(220,3,19,16,'2011-04-10',2,1,'2011-04-10 07:21:47','2011-04-10 15:07:04'),(221,4,16,15,'2011-04-10',1,1,'2011-04-10 07:22:44','2011-04-10 07:22:44'),(222,1,22,21,'2011-04-11',1,1,'2011-04-11 13:02:24','2011-04-11 13:02:24'),(223,2,22,21,'2011-04-11',1,1,'2011-04-11 13:03:57','2011-04-11 13:03:57'),(224,3,19,17,'2011-04-13',12,1,'2011-04-12 16:14:13','2011-04-13 12:24:25'),(225,2,23,22,'2011-04-15',2,1,'2011-04-15 14:56:38','2011-04-15 14:57:20'),(226,3,24,23,'2011-04-15',12,1,'2011-04-15 15:27:28','2011-04-15 15:27:52');
/*!40000 ALTER TABLE `book_records` ENABLE KEYS */;
UNLOCK TABLES;

--
-- Table structure for table `card_period_prices`
--

DROP TABLE IF EXISTS `card_period_prices`;
/*!40101 SET @saved_cs_client     = @@character_set_client */;
/*!40101 SET character_set_client = utf8 */;
CREATE TABLE `card_period_prices` (
  `id` int(11) NOT NULL AUTO_INCREMENT,
  `card_id` int(11) NOT NULL DEFAULT '1',
  `period_price_id` int(11) NOT NULL DEFAULT '1',
  `card_price` decimal(10,2) NOT NULL DEFAULT '0.00',
  `description` text,
  `catena_id` int(11) NOT NULL DEFAULT '0',
  `created_at` datetime DEFAULT NULL,
  `updated_at` datetime DEFAULT NULL,
  PRIMARY KEY (`id`)
) ENGINE=MyISAM AUTO_INCREMENT=314 DEFAULT CHARSET=utf8;
/*!40101 SET character_set_client = @saved_cs_client */;

--
-- Dumping data for table `card_period_prices`
--

LOCK TABLES `card_period_prices` WRITE;
/*!40000 ALTER TABLE `card_period_prices` DISABLE KEYS */;
INSERT INTO `card_period_prices` VALUES (1,1,17,'240.00',NULL,1,'2011-01-18 07:35:18','2011-01-18 07:35:18'),(2,1,18,'160.00',NULL,1,'2011-01-18 07:35:18','2011-01-18 07:35:18'),(3,1,16,'240.00',NULL,1,'2011-01-18 07:35:18','2011-01-18 07:35:18'),(4,1,10,'80.00',NULL,1,'2011-01-18 07:35:18','2011-01-18 07:35:18'),(5,1,13,'160.00',NULL,1,'2011-01-18 07:35:18','2011-01-18 07:35:18'),(6,1,14,'160.00',NULL,1,'2011-01-18 07:35:18','2011-01-18 07:35:18'),(7,1,15,'240.00',NULL,1,'2011-01-18 07:35:18','2011-01-18 07:35:18'),(8,1,9,'80.00',NULL,1,'2011-01-18 07:35:18','2011-01-18 07:35:18'),(9,1,11,'160.00',NULL,1,'2011-01-18 07:35:18','2011-01-18 07:35:18'),(10,1,12,'160.00',NULL,1,'2011-01-18 07:35:18','2011-01-18 07:35:18'),(11,2,17,'210.00',NULL,1,'2011-01-18 07:37:09','2011-01-18 07:37:09'),(12,2,18,'140.00',NULL,1,'2011-01-18 07:37:09','2011-01-18 07:37:09'),(13,2,16,'210.00',NULL,1,'2011-01-18 07:37:09','2011-01-18 07:37:09'),(14,2,10,'70.00',NULL,1,'2011-01-18 07:37:09','2011-01-18 07:37:09'),(15,2,13,'140.00',NULL,1,'2011-01-18 07:37:09','2011-01-18 07:37:09'),(16,2,14,'140.00',NULL,1,'2011-01-18 07:37:09','2011-01-18 07:37:09'),(17,2,15,'210.00',NULL,1,'2011-01-18 07:37:09','2011-01-18 07:37:09'),(18,2,9,'70.00',NULL,1,'2011-01-18 07:37:09','2011-01-18 07:37:09'),(19,2,11,'140.00',NULL,1,'2011-01-18 07:37:09','2011-01-18 07:37:09'),(20,2,12,'200.00',NULL,1,'2011-01-18 07:37:09','2011-01-18 07:37:09'),(21,3,17,'180.00',NULL,1,'2011-01-18 07:38:31','2011-01-18 07:38:31'),(22,3,18,'120.00',NULL,1,'2011-01-18 07:38:31','2011-01-18 07:38:31'),(23,3,16,'180.00',NULL,1,'2011-01-18 07:38:31','2011-01-18 07:38:31'),(24,3,10,'60.00',NULL,1,'2011-01-18 07:38:31','2011-01-18 07:38:31'),(25,3,13,'120.00',NULL,1,'2011-01-18 07:38:31','2011-01-18 07:38:31'),(26,3,14,'120.00',NULL,1,'2011-01-18 07:38:31','2011-01-18 07:38:31'),(27,3,15,'180.00',NULL,1,'2011-01-18 07:38:31','2011-01-18 07:38:31'),(28,3,9,'60.00',NULL,1,'2011-01-18 07:38:31','2011-01-18 07:38:31'),(29,3,11,'120.00',NULL,1,'2011-01-18 07:38:31','2011-01-18 07:38:31'),(30,3,12,'120.00',NULL,1,'2011-01-18 07:38:31','2011-01-18 07:38:31'),(281,4,12,'100.00',NULL,1,'2011-04-05 11:21:41','2011-04-05 11:21:41'),(280,4,11,'100.00',NULL,1,'2011-04-05 11:21:41','2011-04-05 11:21:41'),(279,4,9,'50.00',NULL,1,'2011-04-05 11:21:41','2011-04-05 11:21:41'),(278,4,15,'150.00',NULL,1,'2011-04-05 11:21:41','2011-04-05 11:21:41'),(277,4,14,'100.00',NULL,1,'2011-04-05 11:21:41','2011-04-05 11:21:41'),(276,4,13,'100.00',NULL,1,'2011-04-05 11:21:41','2011-04-05 11:21:41'),(275,4,10,'50.00',NULL,1,'2011-04-05 11:21:41','2011-04-05 11:21:41'),(274,4,16,'150.00',NULL,1,'2011-04-05 11:21:41','2011-04-05 11:21:41'),(273,4,18,'100.00',NULL,1,'2011-04-05 11:21:41','2011-04-05 11:21:41'),(272,4,17,'150.00',NULL,1,'2011-04-05 11:21:41','2011-04-05 11:21:41'),(130,5,12,'120.00',NULL,1,'2011-01-18 07:54:55','2011-01-18 07:54:55'),(129,5,11,'120.00',NULL,1,'2011-01-18 07:54:55','2011-01-18 07:54:55'),(128,5,9,'60.00',NULL,1,'2011-01-18 07:54:55','2011-01-18 07:54:55'),(127,5,15,'180.00',NULL,1,'2011-01-18 07:54:55','2011-01-18 07:54:55'),(126,5,14,'120.00',NULL,1,'2011-01-18 07:54:55','2011-01-18 07:54:55'),(125,5,13,'120.00',NULL,1,'2011-01-18 07:54:55','2011-01-18 07:54:55'),(124,5,10,'60.00',NULL,1,'2011-01-18 07:54:55','2011-01-18 07:54:55'),(123,5,16,'180.00',NULL,1,'2011-01-18 07:54:55','2011-01-18 07:54:55'),(122,5,18,'120.00',NULL,1,'2011-01-18 07:54:55','2011-01-18 07:54:55'),(121,5,17,'180.00',NULL,1,'2011-01-18 07:54:55','2011-01-18 07:54:55'),(120,6,12,'90.00',NULL,1,'2011-01-18 07:54:24','2011-01-18 07:54:24'),(119,6,11,'90.00',NULL,1,'2011-01-18 07:54:24','2011-01-18 07:54:24'),(118,6,9,'50.00',NULL,1,'2011-01-18 07:54:24','2011-01-18 07:54:24'),(117,6,15,'130.00',NULL,1,'2011-01-18 07:54:24','2011-01-18 07:54:24'),(116,6,14,'90.00',NULL,1,'2011-01-18 07:54:24','2011-01-18 07:54:24'),(115,6,13,'90.00',NULL,1,'2011-01-18 07:54:24','2011-01-18 07:54:24'),(114,6,10,'50.00',NULL,1,'2011-01-18 07:54:24','2011-01-18 07:54:24'),(113,6,16,'130.00',NULL,1,'2011-01-18 07:54:24','2011-01-18 07:54:24'),(112,6,18,'90.00',NULL,1,'2011-01-18 07:54:24','2011-01-18 07:54:24'),(111,6,17,'130.00',NULL,1,'2011-01-18 07:54:24','2011-01-18 07:54:24'),(110,7,12,'70.00',NULL,1,'2011-01-18 07:54:05','2011-01-18 07:54:05'),(109,7,11,'70.00',NULL,1,'2011-01-18 07:54:05','2011-01-18 07:54:05'),(108,7,9,'40.00',NULL,1,'2011-01-18 07:54:05','2011-01-18 07:54:05'),(107,7,15,'100.00',NULL,1,'2011-01-18 07:54:05','2011-01-18 07:54:05'),(106,7,14,'70.00',NULL,1,'2011-01-18 07:54:05','2011-01-18 07:54:05'),(105,7,13,'70.00',NULL,1,'2011-01-18 07:54:05','2011-01-18 07:54:05'),(104,7,10,'40.00',NULL,1,'2011-01-18 07:54:05','2011-01-18 07:54:05'),(103,7,16,'100.00',NULL,1,'2011-01-18 07:54:05','2011-01-18 07:54:05'),(102,7,18,'70.00',NULL,1,'2011-01-18 07:54:05','2011-01-18 07:54:05'),(101,7,17,'100.00',NULL,1,'2011-01-18 07:54:05','2011-01-18 07:54:05'),(100,8,12,'60.00',NULL,1,'2011-01-18 07:53:38','2011-01-18 07:53:38'),(99,8,11,'60.00',NULL,1,'2011-01-18 07:53:38','2011-01-18 07:53:38'),(98,8,9,'30.00',NULL,1,'2011-01-18 07:53:38','2011-01-18 07:53:38'),(97,8,15,'80.00',NULL,1,'2011-01-18 07:53:38','2011-01-18 07:53:38'),(96,8,14,'60.00',NULL,1,'2011-01-18 07:53:38','2011-01-18 07:53:38'),(95,8,13,'60.00',NULL,1,'2011-01-18 07:53:38','2011-01-18 07:53:38'),(94,8,10,'30.00',NULL,1,'2011-01-18 07:53:38','2011-01-18 07:53:38'),(93,8,16,'80.00',NULL,1,'2011-01-18 07:53:38','2011-01-18 07:53:38'),(92,8,18,'60.00',NULL,1,'2011-01-18 07:53:38','2011-01-18 07:53:38'),(91,8,17,'80.00',NULL,1,'2011-01-18 07:53:38','2011-01-18 07:53:38'),(131,9,10,'60.00',NULL,1,'2011-01-18 07:56:31','2011-01-18 07:56:31'),(132,9,9,'60.00',NULL,1,'2011-01-18 07:56:31','2011-01-18 07:56:31'),(133,10,18,'80.00',NULL,1,'2011-01-18 07:58:15','2011-01-18 07:58:15'),(134,10,10,'80.00',NULL,1,'2011-01-18 07:58:15','2011-01-18 07:58:15'),(135,10,13,'80.00',NULL,1,'2011-01-18 07:58:15','2011-01-18 07:58:15'),(136,10,14,'80.00',NULL,1,'2011-01-18 07:58:15','2011-01-18 07:58:15'),(137,10,9,'80.00',NULL,1,'2011-01-18 07:58:15','2011-01-18 07:58:15'),(138,10,11,'80.00',NULL,1,'2011-01-18 07:58:15','2011-01-18 07:58:15'),(139,10,12,'80.00',NULL,1,'2011-01-18 07:58:15','2011-01-18 07:58:15'),(140,11,17,'280.00',NULL,1,'2011-03-04 06:41:17','2011-03-04 06:41:17'),(141,11,18,'180.00',NULL,1,'2011-03-04 06:41:17','2011-03-04 06:41:17'),(142,11,16,'280.00',NULL,1,'2011-03-04 06:41:17','2011-03-04 06:41:17'),(143,11,13,'180.00',NULL,1,'2011-03-04 06:41:17','2011-03-04 06:41:17'),(144,11,14,'180.00',NULL,1,'2011-03-04 06:41:17','2011-03-04 06:41:17'),(145,11,15,'280.00',NULL,1,'2011-03-04 06:41:17','2011-03-04 06:41:17'),(146,11,11,'180.00',NULL,1,'2011-03-04 06:41:17','2011-03-04 06:41:17'),(147,11,12,'180.00',NULL,1,'2011-03-04 06:41:17','2011-03-04 06:41:17'),(297,12,12,'160.00',NULL,1,'2011-04-08 04:58:53','2011-04-08 04:58:53'),(296,12,11,'160.00',NULL,1,'2011-04-08 04:58:53','2011-04-08 04:58:53'),(295,12,15,'240.00',NULL,1,'2011-04-08 04:58:53','2011-04-08 04:58:53'),(294,12,14,'160.00',NULL,1,'2011-04-08 04:58:53','2011-04-08 04:58:53'),(293,12,13,'160.00',NULL,1,'2011-04-08 04:58:53','2011-04-08 04:58:53'),(292,12,16,'240.00',NULL,1,'2011-04-08 04:58:53','2011-04-08 04:58:53'),(291,12,18,'160.00',NULL,1,'2011-04-08 04:58:53','2011-04-08 04:58:53'),(290,12,17,'240.00',NULL,1,'2011-04-08 04:58:53','2011-04-08 04:58:53'),(171,13,12,'140.00',NULL,1,'2011-03-04 06:50:58','2011-03-04 06:50:58'),(170,13,11,'140.00',NULL,1,'2011-03-04 06:50:58','2011-03-04 06:50:58'),(169,13,15,'210.00',NULL,1,'2011-03-04 06:50:58','2011-03-04 06:50:58'),(168,13,14,'140.00',NULL,1,'2011-03-04 06:50:58','2011-03-04 06:50:58'),(167,13,13,'140.00',NULL,1,'2011-03-04 06:50:58','2011-03-04 06:50:58'),(166,13,16,'210.00',NULL,1,'2011-03-04 06:50:58','2011-03-04 06:50:58'),(165,13,18,'140.00',NULL,1,'2011-03-04 06:50:58','2011-03-04 06:50:58'),(164,13,17,'210.00',NULL,1,'2011-03-04 06:50:58','2011-03-04 06:50:58'),(172,14,17,'180.00',NULL,1,'2011-03-04 06:52:21','2011-03-04 06:52:21'),(173,14,18,'120.00',NULL,1,'2011-03-04 06:52:21','2011-03-04 06:52:21'),(174,14,16,'180.00',NULL,1,'2011-03-04 06:52:21','2011-03-04 06:52:21'),(175,14,13,'120.00',NULL,1,'2011-03-04 06:52:21','2011-03-04 06:52:21'),(176,14,14,'120.00',NULL,1,'2011-03-04 06:52:21','2011-03-04 06:52:21'),(177,14,15,'180.00',NULL,1,'2011-03-04 06:52:21','2011-03-04 06:52:21'),(178,14,11,'120.00',NULL,1,'2011-03-04 06:52:21','2011-03-04 06:52:21'),(179,14,12,'120.00',NULL,1,'2011-03-04 06:52:21','2011-03-04 06:52:21'),(253,15,12,'140.00',NULL,1,'2011-03-04 07:10:15','2011-03-04 07:10:15'),(252,15,11,'140.00',NULL,1,'2011-03-04 07:10:15','2011-03-04 07:10:15'),(251,15,15,'210.00',NULL,1,'2011-03-04 07:10:15','2011-03-04 07:10:15'),(250,15,14,'140.00',NULL,1,'2011-03-04 07:10:15','2011-03-04 07:10:15'),(249,15,13,'140.00',NULL,1,'2011-03-04 07:10:15','2011-03-04 07:10:15'),(248,15,16,'210.00',NULL,1,'2011-03-04 07:10:15','2011-03-04 07:10:15'),(247,15,18,'140.00',NULL,1,'2011-03-04 07:10:15','2011-03-04 07:10:15'),(246,15,17,'210.00',NULL,1,'2011-03-04 07:10:15','2011-03-04 07:10:15'),(245,16,12,'120.00',NULL,1,'2011-03-04 07:09:54','2011-03-04 07:09:54'),(244,16,11,'120.00',NULL,1,'2011-03-04 07:09:54','2011-03-04 07:09:54'),(243,16,15,'150.00',NULL,1,'2011-03-04 07:09:54','2011-03-04 07:09:54'),(242,16,14,'120.00',NULL,1,'2011-03-04 07:09:54','2011-03-04 07:09:54'),(241,16,13,'120.00',NULL,1,'2011-03-04 07:09:54','2011-03-04 07:09:54'),(240,16,16,'150.00',NULL,1,'2011-03-04 07:09:54','2011-03-04 07:09:54'),(239,16,18,'120.00',NULL,1,'2011-03-04 07:09:54','2011-03-04 07:09:54'),(238,16,17,'150.00',NULL,1,'2011-03-04 07:09:54','2011-03-04 07:09:54'),(313,17,12,'100.00',NULL,1,'2011-04-10 13:30:06','2011-04-10 13:30:06'),(312,17,11,'100.00',NULL,1,'2011-04-10 13:30:06','2011-04-10 13:30:06'),(311,17,15,'120.00',NULL,1,'2011-04-10 13:30:06','2011-04-10 13:30:06'),(310,17,14,'100.00',NULL,1,'2011-04-10 13:30:06','2011-04-10 13:30:06'),(309,17,13,'100.00',NULL,1,'2011-04-10 13:30:06','2011-04-10 13:30:06'),(308,17,16,'120.00',NULL,1,'2011-04-10 13:30:06','2011-04-10 13:30:06'),(307,17,18,'100.00',NULL,1,'2011-04-10 13:30:06','2011-04-10 13:30:06'),(306,17,17,'120.00',NULL,1,'2011-04-10 13:30:06','2011-04-10 13:30:06'),(221,18,12,'100.00',NULL,1,'2011-03-04 07:08:39','2011-03-04 07:08:39'),(220,18,11,'100.00',NULL,1,'2011-03-04 07:08:39','2011-03-04 07:08:39'),(219,18,15,'120.00',NULL,1,'2011-03-04 07:08:39','2011-03-04 07:08:39'),(218,18,14,'100.00',NULL,1,'2011-03-04 07:08:39','2011-03-04 07:08:39'),(217,18,13,'100.00',NULL,1,'2011-03-04 07:08:39','2011-03-04 07:08:39'),(216,18,16,'120.00',NULL,1,'2011-03-04 07:08:39','2011-03-04 07:08:39'),(215,18,18,'100.00',NULL,1,'2011-03-04 07:08:39','2011-03-04 07:08:39'),(214,18,17,'120.00',NULL,1,'2011-03-04 07:08:39','2011-03-04 07:08:39'),(257,19,13,'130.00',NULL,1,'2011-03-22 01:58:53','2011-03-22 01:58:53'),(256,19,10,'130.00',NULL,1,'2011-03-22 01:58:53','2011-03-22 01:58:53'),(258,19,14,'130.00',NULL,1,'2011-03-22 01:58:53','2011-03-22 01:58:53'),(259,19,9,'100.00',NULL,1,'2011-03-22 01:58:53','2011-03-22 01:58:53'),(260,19,11,'100.00',NULL,1,'2011-03-22 01:58:53','2011-03-22 01:58:53'),(261,19,12,'100.00',NULL,1,'2011-03-22 01:58:53','2011-03-22 01:58:53');
/*!40000 ALTER TABLE `card_period_prices` ENABLE KEYS */;
UNLOCK TABLES;

--
-- Table structure for table `cards`
--

DROP TABLE IF EXISTS `cards`;
/*!40101 SET @saved_cs_client     = @@character_set_client */;
/*!40101 SET character_set_client = utf8 */;
CREATE TABLE `cards` (
  `id` int(11) NOT NULL AUTO_INCREMENT,
  `name` varchar(255) NOT NULL DEFAULT '',
  `card_type` int(11) NOT NULL DEFAULT '1',
  `card_prefix` varchar(255) NOT NULL DEFAULT '',
  `consume_type` int(11) DEFAULT '0',
  `is_shared` int(11) DEFAULT '0',
  `shared_amount` int(11) DEFAULT '0',
  `sale_amount` int(11) DEFAULT '0',
  `catena_id` int(11) NOT NULL DEFAULT '0',
  `description` varchar(255) NOT NULL,
  `counts` int(11) DEFAULT '0',
  `balance` decimal(10,2) DEFAULT '0.00',
  `status` int(11) NOT NULL DEFAULT '0',
  `created_at` datetime DEFAULT NULL,
  `updated_at` datetime DEFAULT NULL,
  `expired` int(11) NOT NULL DEFAULT '12',
  `min_amount` int(11) DEFAULT NULL,
  `min_count` int(11) DEFAULT NULL,
  `min_time` int(11) DEFAULT NULL,
  PRIMARY KEY (`id`)
) ENGINE=MyISAM AUTO_INCREMENT=21 DEFAULT CHARSET=utf8;
/*!40101 SET character_set_client = @saved_cs_client */;

--
-- Dumping data for table `cards`
--

LOCK TABLES `cards` WRITE;
/*!40000 ALTER TABLE `cards` DISABLE KEYS */;
INSERT INTO `cards` VALUES (1,'储值5000',1,'DA',2,0,0,0,1,'',NULL,'0.00',1,'2011-01-18 07:33:14','2011-04-05 11:11:35',12,11,3,2),(2,'储值10000',1,'DB',2,0,0,0,1,'',NULL,'0.00',1,'2011-01-18 07:37:09','2011-01-18 07:37:09',12,NULL,NULL,NULL),(3,'储值18000',1,'DC',2,0,0,0,1,'',NULL,'0.00',1,'2011-01-18 07:38:31','2011-01-18 07:38:31',12,NULL,NULL,NULL),(4,'储值50000',1,'DD',2,0,0,0,1,'',NULL,'0.00',1,'2011-01-18 07:40:28','2011-04-05 11:21:41',12,100000,10,10),(5,'资格5000元',4,'QA',2,0,0,0,1,'',NULL,'0.00',1,'2011-01-18 07:42:53','2011-01-18 07:54:55',12,NULL,NULL,NULL),(6,'资格10000',4,'QB',2,0,0,0,1,'',NULL,'0.00',1,'2011-01-18 07:45:00','2011-01-18 07:54:24',12,NULL,NULL,NULL),(7,'资格30000元',4,'QC',2,0,0,0,1,'',NULL,'0.00',1,'2011-01-18 07:49:45','2011-01-18 07:54:05',12,NULL,NULL,NULL),(8,'资格40000',4,'QD',2,0,0,0,1,'',NULL,'0.00',1,'2011-01-18 07:51:37','2011-01-18 07:53:04',12,NULL,NULL,NULL),(9,'晨练卡',3,'HM',1,0,0,0,1,'',NULL,'0.00',1,'2011-01-18 07:56:31','2011-01-18 07:56:31',3,NULL,NULL,NULL),(10,'休闲卡',3,'HL',2,0,0,0,1,'',NULL,'0.00',1,'2011-01-18 07:58:15','2011-01-18 07:58:15',6,NULL,NULL,NULL),(11,'储值(新)6000',1,'CA',2,0,0,0,1,'',NULL,'0.00',1,'2011-03-04 06:37:52','2011-03-04 06:37:52',12,NULL,NULL,NULL),(12,'储值(新)12000',1,'CB',2,0,0,0,1,'',NULL,'0.00',1,'2011-03-04 06:47:26','2011-04-08 04:57:54',12,2000,200,7),(13,'储值(新)20000',1,'CC',2,0,0,0,1,'',NULL,'0.00',1,'2011-03-04 06:49:16','2011-03-04 06:49:16',12,NULL,NULL,NULL),(14,'储值(新)30000',1,'CD',2,0,0,0,1,'',NULL,'0.00',1,'2011-03-04 06:52:21','2011-03-04 06:52:21',12,NULL,NULL,NULL),(15,'资格(新)5000',4,'ZA',2,0,0,0,1,'',NULL,'0.00',1,'2011-03-04 06:54:08','2011-03-04 07:10:15',12,NULL,NULL,NULL),(16,'资格(新)10000',4,'ZB',2,0,0,0,1,'',NULL,'0.00',1,'2011-03-04 06:56:26','2011-03-04 07:09:54',12,NULL,NULL,NULL),(17,'资格(新)30000',4,'ZC',2,0,0,0,1,'',NULL,'0.00',1,'2011-03-04 06:58:25','2011-04-10 13:30:06',12,100,100,1),(18,'资格(新)40000',4,'ZD',2,0,0,0,1,'',NULL,'0.00',1,'2011-03-04 06:59:35','2011-03-04 07:08:39',12,NULL,NULL,NULL),(19,'休闲(新)6600',2,'XX',1,0,0,0,1,'',NULL,'0.00',1,'2011-03-04 07:01:07','2011-03-04 07:11:04',6,NULL,NULL,NULL),(20,'wew',1,'dd',0,0,0,0,1,'',0,'0.00',1,'2011-04-05 10:57:44','2011-04-05 10:57:44',12,100,1,1);
/*!40000 ALTER TABLE `cards` ENABLE KEYS */;
UNLOCK TABLES;

--
-- Table structure for table `catenas`
--

DROP TABLE IF EXISTS `catenas`;
/*!40101 SET @saved_cs_client     = @@character_set_client */;
/*!40101 SET character_set_client = utf8 */;
CREATE TABLE `catenas` (
  `id` int(11) NOT NULL AUTO_INCREMENT,
  `name` varchar(255) NOT NULL DEFAULT '',
  `created_at` datetime DEFAULT NULL,
  `updated_at` datetime DEFAULT NULL,
  `description` varchar(255) DEFAULT NULL,
  `status` int(11) DEFAULT '1',
  `contact` varchar(255) DEFAULT NULL,
  `telephone` varchar(255) DEFAULT NULL,
  PRIMARY KEY (`id`)
) ENGINE=MyISAM AUTO_INCREMENT=5 DEFAULT CHARSET=utf8;
/*!40101 SET character_set_client = @saved_cs_client */;

--
-- Dumping data for table `catenas`
--

LOCK TABLES `catenas` WRITE;
/*!40000 ALTER TABLE `catenas` DISABLE KEYS */;
INSERT INTO `catenas` VALUES (1,'连锁1','2011-01-16 09:06:14','2011-01-16 09:06:14',NULL,1,NULL,NULL),(2,'分店二','2011-04-09 15:59:54','2011-04-09 15:59:54','',1,'ssss','212332323'),(3,'分店三','2011-04-09 16:02:17','2011-04-09 16:02:17','',1,'sdd','13344455'),(4,'连锁一店','2011-04-10 06:28:13','2011-04-10 06:28:13',NULL,1,NULL,NULL);
/*!40000 ALTER TABLE `catenas` ENABLE KEYS */;
UNLOCK TABLES;

--
-- Table structure for table `catenas_users`
--

DROP TABLE IF EXISTS `catenas_users`;
/*!40101 SET @saved_cs_client     = @@character_set_client */;
/*!40101 SET character_set_client = utf8 */;
CREATE TABLE `catenas_users` (
  `user_id` int(11) DEFAULT NULL,
  `catena_id` int(11) DEFAULT NULL
) ENGINE=InnoDB DEFAULT CHARSET=utf8 COLLATE=utf8_unicode_ci;
/*!40101 SET character_set_client = @saved_cs_client */;

--
-- Dumping data for table `catenas_users`
--

LOCK TABLES `catenas_users` WRITE;
/*!40000 ALTER TABLE `catenas_users` DISABLE KEYS */;
INSERT INTO `catenas_users` VALUES (1,1),(1,2),(12,2);
/*!40000 ALTER TABLE `catenas_users` ENABLE KEYS */;
UNLOCK TABLES;

--
-- Table structure for table `coaches`
--

DROP TABLE IF EXISTS `coaches`;
/*!40101 SET @saved_cs_client     = @@character_set_client */;
/*!40101 SET character_set_client = utf8 */;
CREATE TABLE `coaches` (
  `id` int(11) NOT NULL AUTO_INCREMENT,
  `name` varchar(255) NOT NULL DEFAULT '',
  `gender` int(11) NOT NULL DEFAULT '0',
  `portrait` varchar(255) DEFAULT NULL,
  `coach_type` int(11) NOT NULL DEFAULT '0',
  `telephone` varchar(255) NOT NULL,
  `email` varchar(255) NOT NULL,
  `fee` decimal(10,2) NOT NULL DEFAULT '0.00',
  `cert_type` int(11) NOT NULL,
  `cert_num` varchar(255) NOT NULL,
  `description` text,
  `status` int(11) NOT NULL DEFAULT '0',
  `catena_id` int(11) NOT NULL DEFAULT '0',
  `created_at` datetime DEFAULT NULL,
  `updated_at` datetime DEFAULT NULL,
  PRIMARY KEY (`id`)
) ENGINE=MyISAM AUTO_INCREMENT=22 DEFAULT CHARSET=utf8;
/*!40101 SET character_set_client = @saved_cs_client */;

--
-- Dumping data for table `coaches`
--

LOCK TABLES `coaches` WRITE;
/*!40000 ALTER TABLE `coaches` DISABLE KEYS */;
INSERT INTO `coaches` VALUES (12,'李爽',1,'',8,'15910702459','','150.00',10,'','',0,1,'2011-03-25 02:52:01','2011-03-25 02:52:01'),(11,'李连鹏',1,'',31,'13436978713','','150.00',10,'','',0,1,'2011-03-25 02:51:11','2011-03-25 03:18:31'),(10,'李虹霓',2,'',31,'13488764088','','200.00',10,'','',0,1,'2011-03-25 02:48:43','2011-03-25 03:18:49'),(9,'Callins',1,'',9,'13910387701','','200.00',10,'','',0,1,'2011-03-25 02:46:44','2011-03-25 03:19:10'),(5,'张楠',2,'',31,'13910982284','','200.00',10,'','',0,1,'2011-01-24 08:05:10','2011-03-25 03:19:35'),(6,'李德',1,'',31,'13601377233','','200.00',10,'','',0,1,'2011-01-24 08:06:00','2011-03-25 03:20:05'),(8,'ROY',1,'',9,'13811889854','','200.00',10,'','',0,1,'2011-03-25 02:36:17','2011-03-25 03:21:10'),(13,'张建伟',1,'',31,'13811333510','','200.00',10,'','',0,1,'2011-03-25 02:52:37','2011-03-25 03:20:33'),(14,'李珊珊',2,'',31,'13901311640','','200.00',10,'','',0,1,'2011-03-25 02:53:19','2011-03-25 03:20:52'),(15,'李海辰',1,'',8,'13901104603','','150.00',10,'','',0,1,'2011-03-25 02:54:03','2011-03-25 02:54:03'),(16,'罗爽',1,'',31,'13801109035','','300.00',10,'','',0,1,'2011-03-25 02:54:51','2011-03-25 03:21:46'),(17,'聂宝超',1,'',30,'13126677413','','120.00',10,'','',0,1,'2011-03-25 02:55:38','2011-03-25 03:22:38'),(18,'邓建盘',1,'',30,'15001166279','','120.00',10,'','',0,1,'2011-03-25 02:56:30','2011-03-25 03:23:05'),(21,'测试',1,'1037',8,'13611126542','sss@dd.com','1000.00',10,'','',0,1,'2011-04-04 08:57:37','2011-04-04 08:57:37');
/*!40000 ALTER TABLE `coaches` ENABLE KEYS */;
UNLOCK TABLES;

--
-- Table structure for table `common_resource_details`
--

DROP TABLE IF EXISTS `common_resource_details`;
/*!40101 SET @saved_cs_client     = @@character_set_client */;
/*!40101 SET character_set_client = utf8 */;
CREATE TABLE `common_resource_details` (
  `id` int(11) NOT NULL AUTO_INCREMENT,
  `common_resource_id` int(11) NOT NULL,
  `detail_name` varchar(255) NOT NULL DEFAULT '',
  `status` int(11) NOT NULL DEFAULT '0',
  `catena_id` int(11) NOT NULL DEFAULT '0',
  `created_at` datetime DEFAULT NULL,
  `updated_at` datetime DEFAULT NULL,
  PRIMARY KEY (`id`)
) ENGINE=MyISAM AUTO_INCREMENT=32 DEFAULT CHARSET=utf8;
/*!40101 SET character_set_client = @saved_cs_client */;

--
-- Dumping data for table `common_resource_details`
--

LOCK TABLES `common_resource_details` WRITE;
/*!40000 ALTER TABLE `common_resource_details` DISABLE KEYS */;
INSERT INTO `common_resource_details` VALUES (1,1,'储值卡',0,1,'2011-01-16 09:06:14','2011-01-16 09:06:14'),(2,1,'会员卡',0,1,'2011-01-16 09:06:14','2011-01-16 09:06:14'),(3,1,'记次卡',0,1,'2011-01-16 09:06:14','2011-01-16 09:06:14'),(4,1,'资格卡',0,1,'2011-01-16 09:06:14','2011-01-16 09:06:14'),(5,2,'夏令时',0,1,'2011-01-16 09:06:14','2011-01-16 09:06:14'),(6,2,'冬令时',0,1,'2011-01-16 09:06:14','2011-01-16 09:06:14'),(7,2,'节假日',0,1,'2011-01-16 09:06:14','2011-01-16 09:06:14'),(8,3,'签约教练',0,1,'2011-01-16 09:06:14','2011-03-25 03:04:18'),(9,3,'国际教练',0,1,'2011-01-16 09:06:14','2011-03-25 03:04:32'),(10,4,'身份证',0,1,'2011-01-16 09:06:14','2011-01-16 09:06:14'),(11,4,'军人证',0,1,'2011-01-16 09:06:14','2011-01-16 09:06:14'),(12,5,'食品',0,1,'2011-01-16 09:06:14','2011-01-16 09:06:14'),(13,5,'体育用品',0,1,'2011-01-16 09:06:14','2011-02-15 06:09:40'),(14,6,'带卖',0,1,'2011-01-16 09:06:14','2011-01-16 09:06:14'),(15,7,'3',0,1,'2011-01-16 09:06:14','2011-01-16 09:06:14'),(16,7,'4',0,1,'2011-01-16 09:06:14','2011-01-16 09:06:14'),(17,7,'5',0,1,'2011-01-16 09:06:14','2011-01-16 09:06:14'),(18,7,'6',0,1,'2011-01-16 09:06:14','2011-01-16 09:06:14'),(19,7,'7',0,1,'2011-01-16 09:06:14','2011-01-16 09:06:14'),(20,7,'8',0,1,'2011-01-16 09:06:14','2011-01-16 09:06:14'),(21,7,'9',0,1,'2011-01-16 09:06:14','2011-01-16 09:06:14'),(22,7,'10',0,1,'2011-01-16 09:06:14','2011-01-16 09:06:14'),(23,7,'11',0,1,'2011-01-16 09:06:14','2011-01-16 09:06:14'),(24,8,'12',0,1,'2011-01-16 09:06:14','2011-01-16 09:06:14'),(25,8,'1',0,1,'2011-01-16 09:06:14','2011-01-16 09:06:14'),(26,8,'2',0,1,'2011-01-16 09:06:14','2011-01-16 09:06:14'),(27,6,'已购',0,1,'2011-01-24 07:42:15','2011-01-24 07:42:15'),(28,6,'赞助',0,1,'2011-01-24 07:42:26','2011-01-24 07:42:26'),(29,5,'饮料',0,1,'2011-02-15 06:08:54','2011-02-15 06:08:54'),(30,3,'助理教练',0,1,'2011-03-25 03:04:51','2011-03-25 03:04:51'),(31,3,'驻场教练',0,1,'2011-03-25 03:05:13','2011-03-25 03:05:13');
/*!40000 ALTER TABLE `common_resource_details` ENABLE KEYS */;
UNLOCK TABLES;

--
-- Table structure for table `common_resources`
--

DROP TABLE IF EXISTS `common_resources`;
/*!40101 SET @saved_cs_client     = @@character_set_client */;
/*!40101 SET character_set_client = utf8 */;
CREATE TABLE `common_resources` (
  `id` int(11) NOT NULL AUTO_INCREMENT,
  `name` varchar(255) NOT NULL,
  `description` text,
  `detail_str` text,
  `created_at` datetime DEFAULT NULL,
  `updated_at` datetime DEFAULT NULL,
  PRIMARY KEY (`id`)
) ENGINE=MyISAM AUTO_INCREMENT=9 DEFAULT CHARSET=utf8;
/*!40101 SET character_set_client = @saved_cs_client */;

--
-- Dumping data for table `common_resources`
--

LOCK TABLES `common_resources` WRITE;
/*!40000 ALTER TABLE `common_resources` DISABLE KEYS */;
INSERT INTO `common_resources` VALUES (1,'card_type','卡类型','储值卡 记次卡','2011-01-16 09:06:14','2011-01-16 09:06:14'),(2,'period_type','时段类型','夏令时 冬令时 节假日','2011-01-16 09:06:14','2011-01-16 09:06:14'),(3,'coach_type','教练类型','全职教练 客人自带','2011-01-16 09:06:14','2011-01-16 09:06:14'),(4,'cert_type','证件类型','身份证 军人证','2011-01-16 09:06:14','2011-01-16 09:06:14'),(5,'good_type','商品类型','食品 球具','2011-01-16 09:06:14','2011-01-16 09:06:14'),(6,'good_source','商品来源','代卖','2011-01-16 09:06:14','2011-01-16 09:06:14'),(7,'times_summer','夏令时','3 10','2011-01-16 09:06:14','2011-01-16 09:06:14'),(8,'times_winter','冬令时','12 1 2','2011-01-16 09:06:14','2011-01-16 09:06:14');
/*!40000 ALTER TABLE `common_resources` ENABLE KEYS */;
UNLOCK TABLES;

--
-- Table structure for table `court_period_prices`
--

DROP TABLE IF EXISTS `court_period_prices`;
/*!40101 SET @saved_cs_client     = @@character_set_client */;
/*!40101 SET character_set_client = utf8 */;
CREATE TABLE `court_period_prices` (
  `id` int(11) NOT NULL AUTO_INCREMENT,
  `court_id` int(11) NOT NULL,
  `period_price_id` int(11) NOT NULL,
  `court_price` decimal(10,2) NOT NULL DEFAULT '0.00',
  `description` text,
  `status` int(11) NOT NULL DEFAULT '0',
  `catena_id` int(11) NOT NULL DEFAULT '0',
  `created_at` datetime DEFAULT NULL,
  `updated_at` datetime DEFAULT NULL,
  PRIMARY KEY (`id`)
) ENGINE=MyISAM AUTO_INCREMENT=93 DEFAULT CHARSET=utf8;
/*!40101 SET character_set_client = @saved_cs_client */;

--
-- Dumping data for table `court_period_prices`
--

LOCK TABLES `court_period_prices` WRITE;
/*!40000 ALTER TABLE `court_period_prices` DISABLE KEYS */;
INSERT INTO `court_period_prices` VALUES (1,1,17,'300.00',NULL,0,1,'2011-01-18 07:43:10','2011-01-18 07:43:10'),(2,1,18,'200.00',NULL,0,1,'2011-01-18 07:43:10','2011-01-18 07:43:10'),(3,1,16,'300.00',NULL,0,1,'2011-01-18 07:43:10','2011-01-18 07:43:10'),(4,1,10,'100.00',NULL,0,1,'2011-01-18 07:43:10','2011-01-18 07:43:10'),(5,1,13,'200.00',NULL,0,1,'2011-01-18 07:43:10','2011-01-18 07:43:10'),(6,1,14,'200.00',NULL,0,1,'2011-01-18 07:43:10','2011-01-18 07:43:10'),(7,1,15,'300.00',NULL,0,1,'2011-01-18 07:43:10','2011-01-18 07:43:10'),(8,1,9,'100.00',NULL,0,1,'2011-01-18 07:43:10','2011-01-18 07:43:10'),(9,1,11,'200.00',NULL,0,1,'2011-01-18 07:43:10','2011-01-18 07:43:10'),(10,1,12,'200.00',NULL,0,1,'2011-01-18 07:43:10','2011-01-18 07:43:10'),(11,2,17,'300.00',NULL,0,1,'2011-01-18 07:44:01','2011-01-18 07:44:01'),(12,2,18,'200.00',NULL,0,1,'2011-01-18 07:44:01','2011-01-18 07:44:01'),(13,2,16,'300.00',NULL,0,1,'2011-01-18 07:44:01','2011-01-18 07:44:01'),(14,2,10,'100.00',NULL,0,1,'2011-01-18 07:44:01','2011-01-18 07:44:01'),(15,2,13,'200.00',NULL,0,1,'2011-01-18 07:44:01','2011-01-18 07:44:01'),(16,2,14,'200.00',NULL,0,1,'2011-01-18 07:44:01','2011-01-18 07:44:01'),(17,2,15,'300.00',NULL,0,1,'2011-01-18 07:44:01','2011-01-18 07:44:01'),(18,2,9,'100.00',NULL,0,1,'2011-01-18 07:44:01','2011-01-18 07:44:01'),(19,2,11,'200.00',NULL,0,1,'2011-01-18 07:44:01','2011-01-18 07:44:01'),(20,2,12,'200.00',NULL,0,1,'2011-01-18 07:44:01','2011-01-18 07:44:01'),(21,3,17,'300.00',NULL,0,1,'2011-01-18 07:44:47','2011-01-18 07:44:47'),(22,3,18,'200.00',NULL,0,1,'2011-01-18 07:44:47','2011-01-18 07:44:47'),(23,3,16,'300.00',NULL,0,1,'2011-01-18 07:44:47','2011-01-18 07:44:47'),(24,3,10,'100.00',NULL,0,1,'2011-01-18 07:44:47','2011-01-18 07:44:47'),(25,3,13,'200.00',NULL,0,1,'2011-01-18 07:44:47','2011-01-18 07:44:47'),(26,3,14,'200.00',NULL,0,1,'2011-01-18 07:44:47','2011-01-18 07:44:47'),(27,3,15,'300.00',NULL,0,1,'2011-01-18 07:44:47','2011-01-18 07:44:47'),(28,3,9,'100.00',NULL,0,1,'2011-01-18 07:44:47','2011-01-18 07:44:47'),(29,3,11,'200.00',NULL,0,1,'2011-01-18 07:44:47','2011-01-18 07:44:47'),(30,3,12,'200.00',NULL,0,1,'2011-01-18 07:44:47','2011-01-18 07:44:47'),(31,4,17,'300.00',NULL,0,1,'2011-01-18 07:50:05','2011-01-18 07:50:05'),(32,4,18,'200.00',NULL,0,1,'2011-01-18 07:50:05','2011-01-18 07:50:05'),(33,4,16,'300.00',NULL,0,1,'2011-01-18 07:50:05','2011-01-18 07:50:05'),(34,4,10,'100.00',NULL,0,1,'2011-01-18 07:50:05','2011-01-18 07:50:05'),(35,4,13,'200.00',NULL,0,1,'2011-01-18 07:50:05','2011-01-18 07:50:05'),(36,4,14,'200.00',NULL,0,1,'2011-01-18 07:50:05','2011-01-18 07:50:05'),(37,4,15,'300.00',NULL,0,1,'2011-01-18 07:50:05','2011-01-18 07:50:05'),(38,4,9,'100.00',NULL,0,1,'2011-01-18 07:50:05','2011-01-18 07:50:05'),(39,4,11,'200.00',NULL,0,1,'2011-01-18 07:50:05','2011-01-18 07:50:05'),(40,4,12,'200.00',NULL,0,1,'2011-01-18 07:50:05','2011-01-18 07:50:05'),(41,5,17,'300.00',NULL,0,1,'2011-01-18 07:50:54','2011-01-18 07:50:54'),(42,5,18,'200.00',NULL,0,1,'2011-01-18 07:50:54','2011-01-18 07:50:54'),(43,5,16,'300.00',NULL,0,1,'2011-01-18 07:50:54','2011-01-18 07:50:54'),(44,5,10,'100.00',NULL,0,1,'2011-01-18 07:50:54','2011-01-18 07:50:54'),(45,5,13,'200.00',NULL,0,1,'2011-01-18 07:50:54','2011-01-18 07:50:54'),(46,5,14,'200.00',NULL,0,1,'2011-01-18 07:50:54','2011-01-18 07:50:54'),(47,5,15,'300.00',NULL,0,1,'2011-01-18 07:50:54','2011-01-18 07:50:54'),(48,5,9,'100.00',NULL,0,1,'2011-01-18 07:50:54','2011-01-18 07:50:54'),(49,5,11,'200.00',NULL,0,1,'2011-01-18 07:50:54','2011-01-18 07:50:54'),(50,5,12,'200.00',NULL,0,1,'2011-01-18 07:50:54','2011-01-18 07:50:54'),(51,6,17,'300.00',NULL,0,1,'2011-01-18 07:51:21','2011-01-18 07:51:21'),(52,6,18,'200.00',NULL,0,1,'2011-01-18 07:51:21','2011-01-18 07:51:21'),(53,6,16,'300.00',NULL,0,1,'2011-01-18 07:51:21','2011-01-18 07:51:21'),(54,6,10,'100.00',NULL,0,1,'2011-01-18 07:51:21','2011-01-18 07:51:21'),(55,6,13,'200.00',NULL,0,1,'2011-01-18 07:51:21','2011-01-18 07:51:21'),(56,6,14,'200.00',NULL,0,1,'2011-01-18 07:51:21','2011-01-18 07:51:21'),(57,6,15,'300.00',NULL,0,1,'2011-01-18 07:51:21','2011-01-18 07:51:21'),(58,6,9,'100.00',NULL,0,1,'2011-01-18 07:51:21','2011-01-18 07:51:21'),(59,6,11,'200.00',NULL,0,1,'2011-01-18 07:51:21','2011-01-18 07:51:21'),(60,6,12,'200.00',NULL,0,1,'2011-01-18 07:51:21','2011-01-18 07:51:21'),(61,1,19,'200.00',NULL,0,1,'2011-03-13 03:47:08','2011-03-13 03:47:08'),(62,2,19,'200.00',NULL,0,1,'2011-03-13 03:47:08','2011-03-13 03:47:08'),(63,3,19,'200.00',NULL,0,1,'2011-03-13 03:47:08','2011-03-13 03:47:08'),(64,4,19,'200.00',NULL,0,1,'2011-03-13 03:47:08','2011-03-13 03:47:08'),(65,5,19,'200.00',NULL,0,1,'2011-03-13 03:47:08','2011-03-13 03:47:08'),(66,6,19,'200.00',NULL,0,1,'2011-03-13 03:47:08','2011-03-13 03:47:08'),(87,2,21,'0.00',NULL,0,1,'2011-04-10 15:05:21','2011-04-10 15:05:21'),(86,1,21,'0.00',NULL,0,1,'2011-04-10 15:05:21','2011-04-10 15:05:21'),(85,7,20,'0.00',NULL,0,1,'2011-04-10 13:55:33','2011-04-10 13:55:33'),(84,6,20,'0.00',NULL,0,1,'2011-04-10 13:55:33','2011-04-10 13:55:33'),(83,5,20,'0.00',NULL,0,1,'2011-04-10 13:55:33','2011-04-10 13:55:33'),(82,4,20,'0.00',NULL,0,1,'2011-04-10 13:55:33','2011-04-10 13:55:33'),(81,3,20,'0.00',NULL,0,1,'2011-04-10 13:55:33','2011-04-10 13:55:33'),(80,2,20,'0.00',NULL,0,1,'2011-04-10 13:55:33','2011-04-10 13:55:33'),(79,1,20,'0.00',NULL,0,1,'2011-04-10 13:55:33','2011-04-10 13:55:33'),(78,7,12,'300.00',NULL,0,1,'2011-04-07 12:57:05','2011-04-07 12:57:05'),(88,3,21,'0.00',NULL,0,1,'2011-04-10 15:05:21','2011-04-10 15:05:21'),(89,4,21,'0.00',NULL,0,1,'2011-04-10 15:05:21','2011-04-10 15:05:21'),(90,5,21,'0.00',NULL,0,1,'2011-04-10 15:05:21','2011-04-10 15:05:21'),(91,6,21,'0.00',NULL,0,1,'2011-04-10 15:05:21','2011-04-10 15:05:21'),(92,7,21,'0.00',NULL,0,1,'2011-04-10 15:05:21','2011-04-10 15:05:21');
/*!40000 ALTER TABLE `court_period_prices` ENABLE KEYS */;
UNLOCK TABLES;

--
-- Table structure for table `courts`
--

DROP TABLE IF EXISTS `courts`;
/*!40101 SET @saved_cs_client     = @@character_set_client */;
/*!40101 SET character_set_client = utf8 */;
CREATE TABLE `courts` (
  `id` int(11) NOT NULL AUTO_INCREMENT,
  `name` varchar(255) NOT NULL DEFAULT '',
  `contact` varchar(255) NOT NULL DEFAULT '',
  `telephone` varchar(255) DEFAULT NULL,
  `start_time` int(11) NOT NULL,
  `end_time` int(11) NOT NULL,
  `description` text,
  `status` int(11) NOT NULL DEFAULT '1',
  `catena_id` int(11) NOT NULL DEFAULT '0',
  `created_at` datetime DEFAULT NULL,
  `updated_at` datetime DEFAULT NULL,
  PRIMARY KEY (`id`)
) ENGINE=MyISAM AUTO_INCREMENT=8 DEFAULT CHARSET=utf8;
/*!40101 SET character_set_client = @saved_cs_client */;

--
-- Dumping data for table `courts`
--

LOCK TABLES `courts` WRITE;
/*!40000 ALTER TABLE `courts` DISABLE KEYS */;
INSERT INTO `courts` VALUES (1,'一号','',NULL,7,24,'',1,1,'2011-01-18 07:43:10','2011-01-18 07:43:10'),(2,'二号','',NULL,7,24,'',1,1,'2011-01-18 07:44:01','2011-01-18 07:44:01'),(3,'三号','',NULL,7,24,'',1,1,'2011-01-18 07:44:47','2011-01-18 07:44:47'),(4,'四号','',NULL,7,24,'',1,1,'2011-01-18 07:50:05','2011-01-18 07:50:05'),(5,'五号','',NULL,7,24,'',1,1,'2011-01-18 07:50:54','2011-01-18 07:50:54'),(6,'六号','',NULL,7,24,'',1,1,'2011-01-18 07:51:21','2011-01-18 07:51:21'),(7,'测试','',NULL,12,20,'',1,1,'2011-04-07 12:56:06','2011-04-07 12:57:05');
/*!40000 ALTER TABLE `courts` ENABLE KEYS */;
UNLOCK TABLES;

--
-- Table structure for table `department_powers`
--

DROP TABLE IF EXISTS `department_powers`;
/*!40101 SET @saved_cs_client     = @@character_set_client */;
/*!40101 SET character_set_client = utf8 */;
CREATE TABLE `department_powers` (
  `id` int(11) NOT NULL AUTO_INCREMENT,
  `department_id` int(11) NOT NULL,
  `power_id` int(11) NOT NULL,
  `created_at` datetime DEFAULT NULL,
  `updated_at` datetime DEFAULT NULL,
  PRIMARY KEY (`id`)
) ENGINE=MyISAM AUTO_INCREMENT=44 DEFAULT CHARSET=utf8;
/*!40101 SET character_set_client = @saved_cs_client */;

--
-- Dumping data for table `department_powers`
--

LOCK TABLES `department_powers` WRITE;
/*!40000 ALTER TABLE `department_powers` DISABLE KEYS */;
INSERT INTO `department_powers` VALUES (14,3,503,'2011-03-31 14:23:20','2011-03-31 14:23:20'),(13,3,502,'2011-03-31 14:23:20','2011-03-31 14:23:20'),(12,3,501,'2011-03-31 14:23:20','2011-03-31 14:23:20'),(11,3,500,'2011-03-31 14:23:20','2011-03-31 14:23:20'),(10,3,499,'2011-03-31 14:23:20','2011-03-31 14:23:20'),(15,3,518,'2011-03-31 14:23:20','2011-03-31 14:23:20'),(16,3,519,'2011-03-31 14:23:20','2011-03-31 14:23:20'),(17,3,522,'2011-03-31 14:23:20','2011-03-31 14:23:20'),(18,3,526,'2011-03-31 14:23:20','2011-03-31 14:23:20'),(19,3,555,'2011-03-31 14:23:20','2011-03-31 14:23:20'),(20,1,499,'2011-03-31 14:55:01','2011-03-31 14:55:01'),(21,1,500,'2011-03-31 14:55:01','2011-03-31 14:55:01'),(22,1,501,'2011-03-31 14:55:01','2011-03-31 14:55:01'),(23,2,502,'2011-03-31 14:55:16','2011-03-31 14:55:16'),(24,2,503,'2011-03-31 14:55:16','2011-03-31 14:55:16'),(25,2,504,'2011-03-31 14:55:16','2011-03-31 14:55:16');
/*!40000 ALTER TABLE `department_powers` ENABLE KEYS */;
UNLOCK TABLES;

--
-- Table structure for table `department_users`
--

DROP TABLE IF EXISTS `department_users`;
/*!40101 SET @saved_cs_client     = @@character_set_client */;
/*!40101 SET character_set_client = utf8 */;
CREATE TABLE `department_users` (
  `id` int(11) NOT NULL AUTO_INCREMENT,
  `user_id` int(11) NOT NULL,
  `department_id` int(11) NOT NULL,
  `catena_id` int(11) NOT NULL DEFAULT '1',
  PRIMARY KEY (`id`)
) ENGINE=MyISAM AUTO_INCREMENT=17 DEFAULT CHARSET=utf8;
/*!40101 SET character_set_client = @saved_cs_client */;

--
-- Dumping data for table `department_users`
--

LOCK TABLES `department_users` WRITE;
/*!40000 ALTER TABLE `department_users` DISABLE KEYS */;
INSERT INTO `department_users` VALUES (1,2,5,1),(2,3,6,1),(3,4,5,1),(4,7,1,1),(5,7,2,1),(6,8,1,1),(7,8,2,1),(8,9,1,1),(9,9,2,1),(10,10,1,1),(11,10,2,1),(12,1,1,1),(13,1,6,1),(14,11,7,2),(15,12,7,2),(16,1,7,2);
/*!40000 ALTER TABLE `department_users` ENABLE KEYS */;
UNLOCK TABLES;

--
-- Table structure for table `departments`
--

DROP TABLE IF EXISTS `departments`;
/*!40101 SET @saved_cs_client     = @@character_set_client */;
/*!40101 SET character_set_client = utf8 */;
CREATE TABLE `departments` (
  `id` int(11) NOT NULL AUTO_INCREMENT,
  `name` varchar(50) NOT NULL DEFAULT '',
  `catena_id` int(11) NOT NULL DEFAULT '1',
  PRIMARY KEY (`id`)
) ENGINE=MyISAM AUTO_INCREMENT=8 DEFAULT CHARSET=utf8;
/*!40101 SET character_set_client = @saved_cs_client */;

--
-- Dumping data for table `departments`
--

LOCK TABLES `departments` WRITE;
/*!40000 ALTER TABLE `departments` DISABLE KEYS */;
INSERT INTO `departments` VALUES (1,'前台',1),(2,'会员部',1),(3,'培训部',1),(4,'财务部',1),(5,'总经理办公室',1),(6,'董事会',1),(7,'分店二的部门',2);
/*!40000 ALTER TABLE `departments` ENABLE KEYS */;
UNLOCK TABLES;

--
-- Table structure for table `goods`
--

DROP TABLE IF EXISTS `goods`;
/*!40101 SET @saved_cs_client     = @@character_set_client */;
/*!40101 SET character_set_client = utf8 */;
CREATE TABLE `goods` (
  `id` int(11) NOT NULL AUTO_INCREMENT,
  `name` varchar(255) NOT NULL DEFAULT '',
  `good_type` int(11) NOT NULL,
  `purchasing_price` decimal(10,2) NOT NULL DEFAULT '0.00',
  `price` decimal(10,2) NOT NULL DEFAULT '0.00',
  `status` int(11) NOT NULL DEFAULT '0',
  `catena_id` int(11) NOT NULL DEFAULT '0',
  `created_at` datetime DEFAULT NULL,
  `updated_at` datetime DEFAULT NULL,
  `count_total_now` int(11) NOT NULL DEFAULT '0',
  `count_back_stock` int(11) NOT NULL DEFAULT '0',
  `count_front_stock` int(11) NOT NULL DEFAULT '0',
  `count_back_stock_in` int(11) DEFAULT '0',
  `count_back_stock_out` int(11) DEFAULT '0',
  `count_front_stock_in` int(11) DEFAULT '0',
  `count_front_stock_out` int(11) DEFAULT '0',
  `good_source` int(11) DEFAULT '0',
  `pinyin_abbr` varchar(255) DEFAULT NULL,
  `sale_count` int(11) NOT NULL DEFAULT '0',
  `name_pinyin` varchar(255) NOT NULL DEFAULT '',
  PRIMARY KEY (`id`)
) ENGINE=MyISAM AUTO_INCREMENT=15 DEFAULT CHARSET=utf8;
/*!40101 SET character_set_client = @saved_cs_client */;

--
-- Dumping data for table `goods`
--

LOCK TABLES `goods` WRITE;
/*!40000 ALTER TABLE `goods` DISABLE KEYS */;
INSERT INTO `goods` VALUES (1,'王子网球拍',12,'123.00','144.00',0,1,'2011-01-19 07:16:19','2011-04-10 14:47:52',234,146,88,0,0,0,12,27,'123',12,''),(2,'士力架',12,'5.00','15.00',0,1,'2011-01-24 06:56:33','2011-03-29 05:48:04',20,20,0,0,0,0,20,14,'slj',20,''),(3,'雀巢矿泉水小瓶',12,'2.00','4.00',0,1,'2011-01-24 07:25:39','2011-04-15 15:28:08',109,72,37,0,0,36,193,14,'s',193,''),(4,'红牛',12,'5.00','8.00',0,1,'2011-01-24 07:51:38','2011-01-25 05:21:34',60,60,0,0,0,0,0,27,'hn',0,''),(5,'雀巢巧克力',12,'10.00','20.00',0,1,'2011-01-24 08:21:59','2011-04-01 12:54:55',93,70,23,0,0,0,7,27,'dls',7,''),(6,'脉动',29,'10.00','20.00',1,1,'2011-01-24 08:24:01','2011-03-09 08:21:23',100,92,8,0,0,0,2,14,'xls',2,''),(7,'宝矿力',29,'10.00','20.00',0,1,'2011-02-25 02:14:52','2011-04-01 15:04:19',155,75,100,0,0,-16,35,14,'kkk',35,''),(8,'三明治',12,'3.00','20.00',0,1,'2011-03-18 03:27:15','2011-03-18 03:27:15',30,30,0,0,0,0,0,27,'smz',0,''),(9,'美式咖啡',12,'100.00','15.00',0,1,'2011-03-18 03:28:57','2011-03-18 03:28:57',350,350,0,0,0,0,0,27,'mskf',0,''),(10,'乐之饼干',12,'3.00','8.00',0,1,'2011-03-18 03:30:22','2011-03-18 03:30:22',20,20,0,0,0,0,0,27,'lzbg',0,''),(11,'王子网球鞋',13,'600.00','880.00',0,1,'2011-03-18 03:33:17','2011-03-18 03:33:17',5,5,0,0,0,0,0,14,'wzwqx',0,''),(12,'散装吸汗带',13,'5.00','15.00',0,1,'2011-03-18 03:34:39','2011-03-18 03:34:39',100,100,0,0,0,0,0,14,'szxhd',0,''),(13,'商品名称',12,'0.00','0.00',0,1,'2011-04-05 11:32:20','2011-04-10 14:47:32',10,101,0,0,0,0,0,27,'spmc',0,''),(14,'wqqwq',13,'10.00','0.00',0,1,'2011-04-10 14:52:33','2011-04-10 14:52:33',100,100,0,0,0,0,0,14,'wqqwq',0,'');
/*!40000 ALTER TABLE `goods` ENABLE KEYS */;
UNLOCK TABLES;

--
-- Table structure for table `logs`
--

DROP TABLE IF EXISTS `logs`;
/*!40101 SET @saved_cs_client     = @@character_set_client */;
/*!40101 SET character_set_client = utf8 */;
CREATE TABLE `logs` (
  `id` int(11) NOT NULL AUTO_INCREMENT,
  `user_name` varchar(255) COLLATE utf8_unicode_ci DEFAULT NULL,
  `user_id` int(11) DEFAULT NULL,
  `desc` varchar(255) COLLATE utf8_unicode_ci DEFAULT NULL,
  `log_type` varchar(255) COLLATE utf8_unicode_ci DEFAULT NULL,
  `created_at` datetime DEFAULT NULL,
  `updated_at` datetime DEFAULT NULL,
  PRIMARY KEY (`id`)
) ENGINE=InnoDB DEFAULT CHARSET=utf8 COLLATE=utf8_unicode_ci;
/*!40101 SET character_set_client = @saved_cs_client */;

--
-- Dumping data for table `logs`
--

LOCK TABLES `logs` WRITE;
/*!40000 ALTER TABLE `logs` DISABLE KEYS */;
/*!40000 ALTER TABLE `logs` ENABLE KEYS */;
UNLOCK TABLES;

--
-- Table structure for table `member_card_granters`
--

DROP TABLE IF EXISTS `member_card_granters`;
/*!40101 SET @saved_cs_client     = @@character_set_client */;
/*!40101 SET character_set_client = utf8 */;
CREATE TABLE `member_card_granters` (
  `id` int(11) NOT NULL AUTO_INCREMENT,
  `member_card_id` int(11) NOT NULL,
  `granter_id` int(11) NOT NULL,
  `catena_id` int(11) DEFAULT NULL,
  `created_at` datetime DEFAULT NULL,
  `updated_at` datetime DEFAULT NULL,
  `member_id` int(11) NOT NULL,
  `state` varchar(255) DEFAULT NULL,
  PRIMARY KEY (`id`)
) ENGINE=MyISAM AUTO_INCREMENT=13 DEFAULT CHARSET=utf8;
/*!40101 SET character_set_client = @saved_cs_client */;

--
-- Dumping data for table `member_card_granters`
--

LOCK TABLES `member_card_granters` WRITE;
/*!40000 ALTER TABLE `member_card_granters` DISABLE KEYS */;
INSERT INTO `member_card_granters` VALUES (1,17,16,1,'2011-01-24 08:19:50','2011-04-07 15:29:34',15,'enabled'),(2,24,22,1,'2011-01-25 03:26:26','2011-04-07 15:29:34',21,'enabled'),(3,25,24,1,'2011-01-26 06:37:11','2011-04-07 15:29:34',23,'enabled'),(4,25,25,1,'2011-01-26 06:39:05','2011-04-07 15:29:34',23,'enabled'),(5,26,27,1,'2011-02-10 02:52:38','2011-04-07 15:29:34',26,'enabled'),(6,33,31,1,'2011-02-25 02:00:24','2011-04-07 15:29:34',30,'enabled'),(7,41,35,1,'2011-03-23 06:33:05','2011-04-07 15:29:34',34,'enabled'),(8,41,36,1,'2011-03-23 06:35:07','2011-04-07 15:29:34',34,'enabled'),(9,41,37,1,'2011-03-23 06:36:13','2011-04-07 15:29:34',34,'enabled'),(10,42,40,1,'2011-04-07 14:30:31','2011-04-07 15:36:27',38,'disabled'),(11,43,41,1,'2011-04-07 14:54:44','2011-04-07 15:29:34',38,'enabled'),(12,43,42,1,'2011-04-07 15:06:33','2011-04-07 15:29:34',38,'enabled');
/*!40000 ALTER TABLE `member_card_granters` ENABLE KEYS */;
UNLOCK TABLES;

--
-- Table structure for table `member_cards`
--

DROP TABLE IF EXISTS `member_cards`;
/*!40101 SET @saved_cs_client     = @@character_set_client */;
/*!40101 SET character_set_client = utf8 */;
CREATE TABLE `member_cards` (
  `id` int(11) NOT NULL AUTO_INCREMENT,
  `member_id` int(11) NOT NULL,
  `card_id` int(11) NOT NULL,
  `card_serial_num` varchar(255) NOT NULL,
  `left_fee` decimal(10,2) DEFAULT '0.00',
  `left_times` int(11) DEFAULT '0',
  `expire_date` datetime NOT NULL,
  `description` text,
  `user_id` int(11) NOT NULL,
  `password` varchar(255) NOT NULL,
  `catena_id` int(11) NOT NULL DEFAULT '0',
  `created_at` datetime DEFAULT NULL,
  `updated_at` datetime DEFAULT NULL,
  `status` int(11) DEFAULT '0',
  PRIMARY KEY (`id`)
) ENGINE=MyISAM AUTO_INCREMENT=61 DEFAULT CHARSET=utf8;
/*!40101 SET character_set_client = @saved_cs_client */;

--
-- Dumping data for table `member_cards`
--

LOCK TABLES `member_cards` WRITE;
/*!40000 ALTER TABLE `member_cards` DISABLE KEYS */;
INSERT INTO `member_cards` VALUES (1,1,1,'DA0001','9560.00',0,'2013-01-24 00:00:00','',1,'博德维01',1,'2011-01-24 06:28:01','2011-01-24 06:50:39',0),(2,2,2,'DB0001','20000.00',0,'2012-01-24 00:00:00','',1,'博德维02',1,'2011-01-24 06:29:13','2011-04-04 08:04:24',0),(3,3,3,'DC0001','36000.00',0,'2012-01-24 00:00:00','',1,'博德维03',1,'2011-01-24 06:30:00','2011-04-04 08:04:24',0),(4,4,4,'DD0001','100000.00',0,'2012-01-24 00:00:00','',1,'博德维04',1,'2011-01-24 06:30:56','2011-04-04 08:04:24',0),(5,5,5,'QA0001','6000.00',0,'2012-01-24 00:00:00','',1,'博德维05',1,'2011-01-24 06:31:44','2011-04-04 08:04:24',0),(6,7,6,'QB0001','10000.00',0,'2012-01-24 00:00:00','',1,'博德维06',1,'2011-01-24 06:32:29','2011-04-04 08:04:24',0),(7,8,7,'QC0001','9262.00',299,'2012-01-24 00:00:00','',1,'博德维07',1,'2011-01-24 06:33:13','2011-04-04 08:04:24',0),(8,10,8,'QD0001','499480.00',400,'2012-01-24 00:00:00','',1,'博德维08',1,'2011-01-24 06:33:58','2011-04-04 08:04:24',0),(9,11,9,'HM0001','0.00',120,'2012-01-24 00:00:00','',1,'博德维09',1,'2011-01-24 06:34:37','2011-04-04 08:04:24',0),(10,12,10,'HL0001','0.00',80,'2012-01-24 00:00:00','',1,'博德维10',1,'2011-01-24 06:35:21','2011-04-04 08:04:24',0),(11,9,1,'DA0001',NULL,0,'2012-01-24 00:00:00','',1,'小三',1,'2011-01-24 06:36:30','2011-01-24 06:36:38',1),(12,9,1,'DA0002','4620.00',0,'2012-01-24 00:00:00','',1,'小三',1,'2011-01-24 06:36:49','2011-04-04 08:04:24',0),(13,1,5,'QA0002','5000.00',0,'2012-01-24 00:00:00','',1,'博德维01',1,'2011-01-24 06:44:11','2011-04-04 08:04:24',0),(14,13,1,'DA0003','4516.00',0,'2012-01-24 00:00:00','',1,'博德维11',1,'2011-01-24 07:28:16','2011-04-09 08:08:36',0),(15,14,7,'QC0009','430.00',154,'2012-01-29 00:00:00','',1,'大胖子',1,'2011-01-24 08:09:54','2011-04-09 08:06:51',0),(16,14,10,'HL0002','0.00',60,'2012-01-24 00:00:00','',1,'大胖子',1,'2011-01-24 08:15:24','2011-04-04 08:04:24',0),(17,15,7,'QC0010','9900.00',148,'2012-01-24 00:00:00','',1,'小乔',1,'2011-01-24 08:19:09','2011-04-04 08:04:24',0),(18,14,9,'HM0002','0.00',50,'2012-01-24 00:00:00','',1,'大胖子',1,'2011-01-24 08:19:42','2011-04-04 08:04:24',1),(19,14,1,'DA0004','5000.00',0,'2012-01-24 00:00:00','',1,'大胖子',1,'2011-01-24 08:19:58','2011-04-04 08:04:24',0),(20,17,4,'DD0002','49414.00',0,'2012-01-24 00:00:00','',1,'周瑜',1,'2011-01-24 08:22:57','2011-04-04 08:04:24',0),(21,18,8,'QD0002','2480.00',12,'2012-01-24 00:00:00','',1,'小超',1,'2011-01-24 08:24:24','2011-04-09 08:17:11',0),(22,19,7,'QC0011','0.00',138,'2012-01-24 00:00:00','',1,'月老',1,'2011-01-24 08:26:19','2011-04-11 15:21:39',0),(23,20,3,'DC0002','18000.00',0,'2012-01-24 00:00:00','',1,'福禄寿星',1,'2011-01-24 08:31:21','2011-04-04 08:04:24',0),(24,21,3,'DC0003','13020.00',0,'2012-01-25 00:00:00','',1,'Ds',1,'2011-01-25 03:25:58','2011-04-04 08:04:24',0),(25,23,1,'DA0005','4640.00',0,'2012-01-26 00:00:00','',1,'李大胖',1,'2011-01-26 06:31:05','2011-04-04 08:04:24',0),(26,26,5,'QA0003','2942.00',10,'2012-02-10 00:00:00','',1,'王大庆',1,'2011-02-10 02:35:50','2011-04-04 08:04:24',0),(27,28,7,'QC0012','1772.00',300,'2012-02-15 00:00:00','',1,'罗纳尔多',1,'2011-02-15 05:57:08','2011-04-10 15:07:04',0),(28,28,1,'DA0006','0.00',0,'2012-02-15 00:00:00','',1,'罗纳尔多',1,'2011-02-15 07:45:09','2011-04-04 08:04:24',0),(29,29,7,'QC0013','2680.00',150,'2012-02-18 00:00:00','',1,'AK47',1,'2011-02-18 02:54:53','2011-04-04 08:04:24',1),(30,29,9,'HM0003','0.00',500,'2012-02-21 00:00:00','',1,'AK47',1,'2011-02-21 07:50:08','2011-04-04 08:04:24',1),(31,29,1,'DA0007','0.00',0,'2012-02-21 00:00:00','',1,'AK47',1,'2011-02-21 07:50:28','2011-04-04 08:04:24',1),(32,29,3,'DC0004','20000.00',0,'2012-02-21 00:00:00','',1,'AK47',1,'2011-02-21 07:51:07','2011-04-04 08:04:24',1),(33,30,7,'QC0014','3520.00',300,'2011-07-29 00:00:00','',1,'KFC',1,'2011-02-25 01:59:15','2011-04-04 08:04:24',0),(34,30,1,'DA0008','5500.00',0,'2012-02-25 00:00:00','ling  dao  tong   yi',1,'KFC',1,'2011-02-25 02:01:13','2011-04-04 08:04:24',0),(35,32,11,'CA0001','4920.00',0,'2012-03-05 00:00:00','',1,'麦当娜',1,'2011-03-05 06:09:32','2011-04-09 08:03:43',0),(36,33,17,'ZC0001','4000.00',100,'2012-03-14 00:00:00','',1,' 老纪',1,'2011-03-14 07:09:27','2011-04-04 08:04:24',0),(37,33,11,'CA0002','6000.00',1,'2012-03-14 00:00:00','',1,' 老纪',1,'2011-03-14 07:16:39','2011-04-04 08:04:24',0),(38,33,19,'XX0001','6000.00',66,'2012-03-21 00:00:00','',1,' 老纪',1,'2011-03-21 02:40:06','2011-04-04 08:04:24',0),(39,34,7,'QC0015','2000.00',150,'2012-03-23 00:00:00','',1,'诸葛亮',1,'2011-03-22 07:55:11','2011-04-04 08:04:24',1),(40,34,17,'ZC0002','0.00',0,'2012-03-22 00:00:00','',1,'诸葛亮',1,'2011-03-22 07:55:38','2011-04-04 08:04:24',1),(41,34,15,'ZA0001','5740.00',9,'2011-05-26 00:00:00','',1,'诸葛亮',1,'2011-03-23 02:33:18','2011-04-04 08:04:24',0),(42,38,4,'DD0003','10000.00',100,'2012-03-29 00:00:00','',1,'刘春义',1,'2011-03-29 02:38:11','2011-04-07 16:13:03',1),(43,38,17,'ZC0003','4364.00',455,'2012-04-10 13:38:57','',1,'刘春义',1,'2011-03-29 02:40:01','2011-04-15 14:57:20',0),(44,20,1,'DA0009','1.00',100,'2012-03-30 00:00:00','',5,'福禄寿星',1,'2011-03-30 13:58:59','2011-04-05 11:13:17',0),(45,43,1,'DA0010','10000.00',1,'2012-04-10 00:00:00','',1,'eeee',1,'2011-04-10 14:22:27','2011-04-10 14:22:27',0),(46,43,1,'DA0011',NULL,NULL,'2012-04-10 00:00:00','',1,'eeee',1,'2011-04-10 14:22:55','2011-04-10 14:25:23',1),(47,44,1,'DA0012','10000.00',1000,'2012-04-11 00:00:00','111',1,'zmm2',1,'2011-04-11 13:01:52','2011-04-11 13:01:52',0),(48,46,1,'DA0013',NULL,NULL,'2012-04-11 00:00:00','',1,'zmmxcm',1,'2011-04-11 13:10:33','2011-04-11 13:10:33',0),(49,46,1,'DA0014',NULL,NULL,'2012-04-11 00:00:00','',1,'zmmxcm',1,'2011-04-11 13:16:05','2011-04-11 13:16:05',0),(50,47,2,'DB0002',NULL,NULL,'2012-04-11 00:00:00','',1,'1234',1,'2011-04-11 13:18:26','2011-04-11 13:18:26',0),(51,48,1,'DA0015',NULL,NULL,'2012-04-11 00:00:00','',1,'lyt',1,'2011-04-11 13:29:03','2011-04-11 13:29:03',0),(52,48,2,'DB0003',NULL,NULL,'2012-04-11 00:00:00','',1,'lyt',1,'2011-04-11 13:32:12','2011-04-11 13:32:12',0),(53,49,1,'DA0016','0.00',0,'2012-04-11 00:00:00','',1,'aaaa',1,'2011-04-11 13:34:56','2011-04-11 14:03:56',0),(54,49,8,'QD0003','0.00',0,'2012-04-11 00:00:00','',1,'aaaa',1,'2011-04-11 13:43:45','2011-04-11 14:03:56',0),(55,49,9,'HM0004','0.00',0,'2012-04-11 00:00:00','',1,'aaaa',1,'2011-04-11 13:44:40','2011-04-11 14:03:56',0),(56,49,10,'HL0003','0.00',0,'2012-04-11 00:00:00','',1,'aaaa',1,'2011-04-11 13:46:23','2011-04-11 14:03:56',0),(57,49,12,'CB0001','0.00',0,'2012-04-11 00:00:00','',1,'aaaa',1,'2011-04-11 13:47:32','2011-04-11 14:03:56',0),(58,49,11,'CA0003','0.00',0,'2012-04-11 00:00:00','',1,'aaaa',1,'2011-04-11 14:00:23','2011-04-11 14:00:23',0),(59,48,6,'QB0002','10000.00',0,'2012-04-15 00:00:00','',1,'lyt',1,'2011-04-15 15:02:37','2011-04-15 15:02:37',0),(60,48,3,'DC0005','0.00',0,'2012-04-15 00:00:00','',1,'lyt',1,'2011-04-15 15:06:09','2011-04-15 15:06:09',0);
/*!40000 ALTER TABLE `member_cards` ENABLE KEYS */;
UNLOCK TABLES;

--
-- Table structure for table `members`
--

DROP TABLE IF EXISTS `members`;
/*!40101 SET @saved_cs_client     = @@character_set_client */;
/*!40101 SET character_set_client = utf8 */;
CREATE TABLE `members` (
  `id` int(11) NOT NULL AUTO_INCREMENT,
  `name` varchar(255) NOT NULL,
  `name_pinyin` varchar(255) NOT NULL,
  `nickname` varchar(255) DEFAULT NULL,
  `gender` int(11) NOT NULL DEFAULT '0',
  `birthday` datetime DEFAULT NULL,
  `telephone` varchar(255) DEFAULT NULL,
  `mobile` varchar(255) NOT NULL,
  `email` varchar(255) DEFAULT NULL,
  `address` varchar(255) DEFAULT '',
  `job` varchar(255) DEFAULT NULL,
  `cert_type` int(11) NOT NULL,
  `cert_num` varchar(255) NOT NULL,
  `memo` varchar(255) DEFAULT NULL,
  `mentor` varchar(255) DEFAULT NULL,
  `fax` int(11) DEFAULT NULL,
  `description` text,
  `status` int(11) NOT NULL DEFAULT '1',
  `created_at` datetime DEFAULT NULL,
  `updated_at` datetime DEFAULT NULL,
  `is_member` int(11) NOT NULL DEFAULT '1',
  `pinyin_abbr` varchar(255) DEFAULT NULL,
  `standby_phone` varchar(16) NOT NULL DEFAULT '',
  `consume_amount` decimal(10,0) NOT NULL DEFAULT '0',
  `consume_counter` int(11) NOT NULL DEFAULT '0',
  PRIMARY KEY (`id`)
) ENGINE=MyISAM AUTO_INCREMENT=50 DEFAULT CHARSET=utf8;
/*!40101 SET character_set_client = @saved_cs_client */;

--
-- Dumping data for table `members`
--

LOCK TABLES `members` WRITE;
/*!40000 ALTER TABLE `members` DISABLE KEYS */;
INSERT INTO `members` VALUES (1,'博德维01','bodewei01','',1,NULL,NULL,'13900010002','','','',10,'',NULL,'',NULL,'',1,'2011-01-24 06:27:18','2011-01-24 06:27:18',1,'bdw01','','0',0),(2,'博德维02','bodewei02','',1,NULL,NULL,'13900020002','','','',10,'',NULL,'',NULL,'',1,'2011-01-24 06:28:35','2011-01-24 06:28:35',1,'bdw02','','0',0),(3,'博德维03','bodewei03','',1,NULL,NULL,'13900030003','','','',10,'',NULL,'',NULL,'',1,'2011-01-24 06:29:32','2011-01-24 06:29:32',1,'bdw03','','0',0),(4,'博德维04','bodewei04','',1,NULL,NULL,'13900040004','','','',10,'',NULL,'',NULL,'',1,'2011-01-24 06:30:18','2011-01-24 06:30:18',1,'bdw04','','0',0),(5,'博德维05','bodewei05','',1,NULL,NULL,'13900050005','','','',10,'',NULL,'',NULL,'',1,'2011-01-24 06:31:14','2011-01-24 06:31:14',1,'bdw05','','0',0),(6,'小三','xiaosan','',2,'2011-01-10 00:00:00',NULL,'13621311111','','','',10,'',NULL,'',NULL,'',0,'2011-01-24 06:31:57','2011-01-24 06:32:10',1,'xs','','0',0),(7,'博德维06','bodewei06','',1,NULL,NULL,'13900060006','','','',10,'',NULL,'',NULL,'',1,'2011-01-24 06:32:00','2011-01-24 06:32:00',1,'bdw06','','0',0),(8,'博德维07','bodewei07','',1,NULL,NULL,'13900070007','','','',10,'',NULL,'',NULL,'',1,'2011-01-24 06:32:48','2011-01-24 06:32:48',1,'bdw07','','0',0),(9,'小三','xiaosan','',1,'2011-01-20 00:00:00',NULL,'13601348934','','','',10,'',NULL,'',NULL,'',1,'2011-01-24 06:32:49','2011-01-24 06:32:49',1,'xs','','0',0),(10,'博德维08','bodewei08','',1,NULL,NULL,'13900080008','','','',10,'',NULL,'',NULL,'',1,'2011-01-24 06:33:35','2011-01-24 06:33:35',1,'bdw08','','0',0),(11,'博德维09','bodewei09','',1,NULL,NULL,'13900090009','','','',10,'',NULL,'',NULL,'',1,'2011-01-24 06:34:15','2011-01-24 06:34:15',1,'bdw09','','0',0),(12,'博德维10','bodewei10','',1,NULL,NULL,'13900100010','','','',10,'',NULL,'',NULL,'',1,'2011-01-24 06:34:57','2011-01-24 06:34:57',1,'bdw10','','0',0),(13,'博德维11','bodewei11','',1,NULL,NULL,'13800010009','','','',10,'',NULL,'',NULL,'',1,'2011-01-24 07:27:32','2011-01-24 07:27:32',1,'bdw11','','0',0),(14,'大胖子','dapangzi','000',1,NULL,NULL,'15911145200','','','',10,'',NULL,'',NULL,'',0,'2011-01-24 08:07:07','2011-03-22 09:14:22',1,'dpz','','0',0),(15,'小乔','xiaoqiao','',2,NULL,NULL,'13813181234','','','',10,'',NULL,'',NULL,'',1,'2011-01-24 08:17:18','2011-01-24 08:17:18',1,'xq','','0',0),(16,'伯父','bofu',NULL,1,NULL,NULL,'13013001300',NULL,'',NULL,10,'110110110011001100',NULL,NULL,NULL,'',1,'2011-01-24 08:19:50','2011-01-24 08:19:50',0,'bf','','0',0),(17,'周瑜','zhouyu','',1,NULL,NULL,'18918601860','','','',10,'',NULL,'',NULL,'',1,'2011-01-24 08:22:21','2011-01-24 08:22:21',1,'zy','','0',0),(18,'小超','xiaochao','',1,'2011-01-19 00:00:00',NULL,'13810043451','','','',10,'',NULL,'',NULL,'',1,'2011-01-24 08:22:41','2011-01-24 08:22:41',1,'xc','','0',0),(19,'月老','yuelao','',1,NULL,NULL,'13141314131','','','',10,'',NULL,'',NULL,'',1,'2011-01-24 08:25:35','2011-01-24 08:25:35',1,'yl','','0',0),(20,'福禄寿星','fulushouxing','',1,NULL,NULL,'13000000000','','','',10,'',NULL,'',NULL,'',1,'2011-01-24 08:30:49','2011-01-24 08:30:49',1,'flsx','','0',0),(21,'Ds','Ds','',2,'2011-02-07 00:00:00',NULL,'13813356755','','','',10,'',NULL,'',NULL,'',1,'2011-01-25 03:23:12','2011-01-25 03:23:12',1,'Ds','','0',0),(22,'xs','xs',NULL,2,NULL,NULL,'13813356744',NULL,'',NULL,10,'',NULL,NULL,NULL,'',1,'2011-01-25 03:26:26','2011-01-25 03:26:26',0,'xs','','0',0),(23,'李大胖','lidapang','',1,'2011-02-17 00:00:00',NULL,'13601348984','','','',11,'',NULL,'',NULL,'',0,'2011-01-26 06:29:53','2011-03-23 01:48:42',1,'ldp','','0',0),(24,'李小瘦','lixiaoshou',NULL,1,NULL,NULL,'18611134345',NULL,'',NULL,10,'',NULL,NULL,NULL,'',1,'2011-01-26 06:37:11','2011-01-26 06:37:11',0,'lxs','','0',0),(25,'李胖','lipang',NULL,1,NULL,NULL,'18611134345',NULL,'',NULL,10,'',NULL,NULL,NULL,'',1,'2011-01-26 06:39:05','2011-01-26 06:39:05',0,'lp','','0',0),(26,'王大庆','wangdaqing','',1,'2011-02-24 00:00:00',NULL,'13910034345','','','',10,'',NULL,'',NULL,'',0,'2011-02-10 02:34:30','2011-03-22 02:29:13',1,'wdq','','0',0),(27,'王小情','wangxiaoqing',NULL,2,NULL,NULL,'18611134673',NULL,'',NULL,10,'',NULL,NULL,NULL,'',1,'2011-02-10 02:52:38','2011-02-10 02:52:38',0,'wxq','','0',0),(28,'罗纳尔多','luonaerduo','',1,NULL,NULL,'15810893333','','','',10,'',NULL,'',NULL,'',0,'2011-02-15 05:40:23','2011-03-22 02:25:45',1,'lned','','0',0),(29,'AK47','AK47','',1,'2012-12-12 00:00:00',NULL,'15811158200','','','',10,'',NULL,'',NULL,'',0,'2011-02-18 02:53:01','2011-03-29 01:23:11',1,'AK47','','0',0),(30,'KFC','KFC','',1,NULL,NULL,'15811158300','','','',10,'',NULL,'',NULL,'',0,'2011-02-25 01:36:53','2011-03-29 01:22:54',1,'KFC','','0',0),(31,'CFK','CFK',NULL,1,NULL,NULL,'15811132200',NULL,'',NULL,10,'110111191103053216',NULL,NULL,NULL,'',1,'2011-02-25 02:00:24','2011-02-25 02:00:24',0,'CFK','','0',0),(32,'麦当娜','maidangnuo','',2,'2011-03-17 00:00:00',NULL,'13810343451','','','',10,'',NULL,'',NULL,'',0,'2011-03-04 01:50:31','2011-03-22 02:30:25',1,'mdn','','0',0),(33,' 老纪',' laoji','136',1,NULL,'','15811137222','','',NULL,10,'',NULL,'',NULL,'',0,'2011-03-09 06:09:15','2011-03-22 02:26:05',1,' lj','','0',0),(34,'诸葛亮','zhugeliang','医生',1,'2011-03-22 00:00:00','65958885','15811133333','','',NULL,10,'110111198111113312',NULL,'',NULL,'',1,'2011-03-22 07:48:20','2011-03-22 07:48:20',1,'zgl','65952858','0',0),(35,'liuchunyi','liuchunyi','',1,NULL,NULL,'15810891905','','',NULL,10,'',NULL,NULL,NULL,'',1,'2011-03-23 06:33:05','2011-03-23 06:33:05',0,'liuchunyi','','0',0),(36,'lijiyang','lijiyang','',1,NULL,NULL,'15811123200','','',NULL,10,'',NULL,NULL,NULL,'',1,'2011-03-23 06:35:07','2011-03-23 06:35:07',0,'lijiyang','','0',0),(37,'lijiyang','lijiyang','sdf',1,NULL,NULL,'15811133300','','',NULL,10,'',NULL,NULL,NULL,'',1,'2011-03-23 06:36:13','2011-03-23 06:36:13',0,'lijiyang','','0',0),(38,'刘春义','liuchunyi','',1,NULL,'65958885','15810893905','','',NULL,10,'',NULL,'',NULL,'',1,'2011-03-29 01:28:12','2011-03-29 01:28:12',1,'lcy','65954858','0',0),(39,'zmm','zmm','zmm',2,'2011-04-18 00:00:00','13611126542','13611126544','cmingxu@gmail.com','',NULL,10,'',NULL,'',NULL,'qwqqqqqw',1,'2011-04-07 12:29:45','2011-04-07 12:29:45',1,'zmm','13611126542','0',0),(40,'zmm1','zmm1','zmm1',2,NULL,NULL,'13611126542','22@ddd.com','2222',NULL,10,'',NULL,NULL,NULL,'',1,'2011-04-07 14:30:31','2011-04-07 14:30:31',0,'zmm1','','0',0),(41,'sdsd3','sdsd3','1211',2,NULL,NULL,'13611126543','ee@ddd.com','eww',NULL,10,'ewe',NULL,NULL,NULL,'',1,'2011-04-07 14:54:44','2011-04-07 14:54:44',0,'sdsd3','','0',0),(42,'eeee','eeee','qwqqqe',1,NULL,NULL,'13611126545','ee@dd.com','wqq',NULL,10,'',NULL,NULL,NULL,'qwq',1,'2011-04-07 15:06:33','2011-04-07 15:06:33',0,'eeee','','0',0),(43,'eeee','eeee','www',2,'2011-04-13 00:00:00','12121212121','13611126542','','',NULL,10,'',NULL,'',NULL,'',1,'2011-04-08 02:02:06','2011-04-08 02:02:06',1,'eeee','','0',0),(44,'zmm2','zmm2','zmm2',2,'2011-04-23 00:00:00','13611126542','13611126542','cmingxu@gmail.com','',NULL,10,'',NULL,'',NULL,'',1,'2011-04-11 13:01:18','2011-04-11 13:01:18',1,'zmm2','13611126542','0',0),(45,'zmm3','zmm3','zmm3',2,NULL,'13611126542','13611126542','cmingxu@gmail.com','',NULL,10,'',NULL,'',NULL,'',1,'2011-04-11 13:02:56','2011-04-11 13:02:56',1,'zmm3','13611126542','0',0),(46,'zmmxcm','zmmxcm','xm',2,'1984-06-02 00:00:00','','15801221106','','',NULL,10,'123456789012345678',NULL,'',NULL,'',1,'2011-04-11 13:07:10','2011-04-11 13:07:10',1,'zmmxcm','','0',0),(47,'1234','1234','ly',2,'2011-04-06 00:00:00','','15801551107','','',NULL,10,'',NULL,'',NULL,'',1,'2011-04-11 13:17:57','2011-04-11 13:17:57',1,'1234','','0',0),(48,'lyt','lyt','lyt',2,'2011-04-01 00:00:00','','15801551101','','',NULL,10,'',NULL,'',NULL,'',1,'2011-04-11 13:28:24','2011-04-11 13:28:24',1,'lyt','','0',0),(49,'aaaa','aaaa','bbb',2,'2011-04-02 00:00:00','','13404611364','','',NULL,10,'',NULL,'',NULL,'',1,'2011-04-11 13:34:26','2011-04-11 13:34:26',1,'aaaa','','0',0);
/*!40000 ALTER TABLE `members` ENABLE KEYS */;
UNLOCK TABLES;

--
-- Table structure for table `non_members`
--

DROP TABLE IF EXISTS `non_members`;
/*!40101 SET @saved_cs_client     = @@character_set_client */;
/*!40101 SET character_set_client = utf8 */;
CREATE TABLE `non_members` (
  `id` int(11) NOT NULL AUTO_INCREMENT,
  `name` varchar(255) NOT NULL,
  `name_pinyin` varchar(255) NOT NULL,
  `telephone` varchar(255) DEFAULT NULL,
  `catena_id` int(11) NOT NULL DEFAULT '0',
  `created_at` datetime DEFAULT NULL,
  `earnest` float NOT NULL DEFAULT '0',
  PRIMARY KEY (`id`)
) ENGINE=MyISAM AUTO_INCREMENT=2 DEFAULT CHARSET=utf8;
/*!40101 SET character_set_client = @saved_cs_client */;

--
-- Dumping data for table `non_members`
--

LOCK TABLES `non_members` WRITE;
/*!40000 ALTER TABLE `non_members` DISABLE KEYS */;
INSERT INTO `non_members` VALUES (1,'zmm','zmm','13611123456',1,'2011-04-11 13:03:58',1000);
/*!40000 ALTER TABLE `non_members` ENABLE KEYS */;
UNLOCK TABLES;

--
-- Table structure for table `order_items`
--

DROP TABLE IF EXISTS `order_items`;
/*!40101 SET @saved_cs_client     = @@character_set_client */;
/*!40101 SET character_set_client = utf8 */;
CREATE TABLE `order_items` (
  `id` int(11) NOT NULL AUTO_INCREMENT,
  `order_id` int(11) NOT NULL DEFAULT '0',
  `item_id` int(11) NOT NULL DEFAULT '0',
  `item_type` tinyint(4) NOT NULL DEFAULT '0',
  `quantity` smallint(6) NOT NULL DEFAULT '0',
  `price` int(11) NOT NULL DEFAULT '0',
  `order_time` datetime NOT NULL,
  `catena_id` int(11) NOT NULL DEFAULT '0',
  `start_hour` tinyint(4) NOT NULL DEFAULT '0',
  `end_hour` tinyint(4) NOT NULL DEFAULT '0',
  `order_date` date NOT NULL,
  `paid_status` int(11) NOT NULL DEFAULT '0',
  `user_id` int(11) DEFAULT NULL,
  PRIMARY KEY (`id`)
) ENGINE=MyISAM AUTO_INCREMENT=621 DEFAULT CHARSET=utf8;
/*!40101 SET character_set_client = @saved_cs_client */;

--
-- Dumping data for table `order_items`
--

LOCK TABLES `order_items` WRITE;
/*!40000 ALTER TABLE `order_items` DISABLE KEYS */;
INSERT INTO `order_items` VALUES (1,1,1,1,1,0,'2011-01-24 06:49:42',1,15,16,'2011-01-24',1,NULL),(4,1,1,2,1,200,'2011-01-24 06:50:39',1,15,16,'2011-01-24',0,NULL),(5,2,2,1,1,0,'2011-01-24 06:52:08',1,16,17,'2011-01-24',1,NULL),(11,2,1,2,1,200,'2011-01-24 06:59:33',1,16,17,'2011-01-24',0,NULL),(9,2,1,3,2,144,'2011-01-24 06:57:12',1,16,17,'2011-01-24',1,NULL),(10,2,2,3,10,15,'2011-01-24 06:59:08',1,16,17,'2011-01-24',1,NULL),(12,3,3,1,1,0,'2011-01-24 07:02:36',1,17,24,'2011-01-24',1,NULL),(17,3,4,2,7,300,'2011-01-24 07:05:51',1,17,24,'2011-01-24',0,NULL),(16,3,1,3,1,144,'2011-01-24 07:05:25',1,17,24,'2011-01-24',1,NULL),(18,5,5,1,1,0,'2011-01-24 07:23:07',1,19,20,'2011-01-24',1,NULL),(20,5,1,2,1,200,'2011-01-24 07:23:53',1,19,20,'2011-01-24',0,NULL),(21,6,6,1,1,0,'2011-01-24 07:24:31',1,17,18,'2011-01-24',1,NULL),(25,6,1,2,1,200,'2011-01-24 07:34:04',1,17,18,'2011-01-24',0,NULL),(24,6,3,3,4,4,'2011-01-24 07:33:38',1,17,18,'2011-01-24',1,NULL),(26,7,7,1,1,0,'2011-01-24 08:27:56',1,10,11,'2011-01-24',0,NULL),(27,7,5,2,1,200,'2011-01-24 08:27:56',1,10,11,'2011-01-24',0,NULL),(28,8,8,1,1,0,'2011-01-24 08:27:56',1,10,11,'2011-01-24',0,NULL),(29,8,5,2,1,200,'2011-01-24 08:27:56',1,10,11,'2011-01-24',0,NULL),(30,9,9,1,1,0,'2011-01-24 08:27:56',1,10,11,'2011-01-24',0,NULL),(31,9,5,2,1,200,'2011-01-24 08:27:56',1,10,11,'2011-01-24',0,NULL),(32,10,10,1,1,0,'2011-01-24 08:27:56',1,10,11,'2011-01-24',0,NULL),(33,10,5,2,1,200,'2011-01-24 08:27:56',1,10,11,'2011-01-24',0,NULL),(34,11,11,1,1,0,'2011-01-24 08:27:56',1,10,11,'2011-01-24',0,NULL),(35,11,5,2,1,200,'2011-01-24 08:27:56',1,10,11,'2011-01-24',0,NULL),(36,12,12,1,1,0,'2011-01-24 08:27:56',1,10,11,'2011-01-24',0,NULL),(387,12,5,2,1,200,'2011-03-07 01:14:47',1,10,11,'2011-03-07',0,NULL),(38,13,13,1,1,0,'2011-01-24 08:27:56',1,10,11,'2011-01-24',0,NULL),(39,13,5,2,1,200,'2011-01-24 08:27:56',1,10,11,'2011-01-24',0,NULL),(40,14,14,1,1,0,'2011-01-24 08:27:57',1,10,11,'2011-01-24',0,NULL),(41,14,5,2,1,200,'2011-01-24 08:27:57',1,10,11,'2011-01-24',0,NULL),(42,15,15,1,1,0,'2011-01-24 08:27:57',1,10,11,'2011-01-24',1,NULL),(486,15,5,2,1,200,'2011-03-28 05:00:48',1,10,11,'2011-03-28',0,NULL),(44,16,16,1,1,0,'2011-01-24 08:27:57',1,10,11,'2011-01-24',0,NULL),(45,16,5,2,1,200,'2011-01-24 08:27:57',1,10,11,'2011-01-24',0,NULL),(46,17,17,1,1,0,'2011-01-24 08:27:57',1,10,11,'2011-01-24',0,NULL),(47,17,5,2,1,200,'2011-01-24 08:27:57',1,10,11,'2011-01-24',0,NULL),(48,18,18,1,1,0,'2011-01-24 08:27:57',1,10,11,'2011-01-24',0,NULL),(49,18,5,2,1,200,'2011-01-24 08:27:57',1,10,11,'2011-01-24',0,NULL),(50,19,19,1,1,0,'2011-01-24 08:27:57',1,10,11,'2011-01-24',0,NULL),(51,19,5,2,1,200,'2011-01-24 08:27:57',1,10,11,'2011-01-24',0,NULL),(111,43,2,2,2,300,'2011-01-24 09:29:41',1,11,13,'2011-01-24',0,NULL),(65,22,5,3,4,20,'2011-01-24 08:36:39',1,20,22,'2011-01-24',1,NULL),(64,22,1,3,7,144,'2011-01-24 08:36:39',1,20,22,'2011-01-24',1,NULL),(63,22,3,3,8,4,'2011-01-24 08:36:39',1,20,22,'2011-01-24',1,NULL),(56,21,21,1,1,0,'2011-01-24 08:34:38',1,11,12,'2011-01-24',1,NULL),(83,21,6,2,1,200,'2011-01-24 08:52:09',1,11,12,'2011-01-24',1,NULL),(108,43,43,1,1,0,'2011-01-24 09:29:08',1,11,13,'2011-01-24',0,NULL),(62,22,22,1,1,0,'2011-01-24 08:35:50',1,20,22,'2011-01-24',1,NULL),(69,24,24,1,1,0,'2011-01-24 08:40:11',1,18,20,'2011-01-24',1,NULL),(72,24,5,2,2,200,'2011-01-24 08:41:12',1,18,20,'2011-01-24',0,NULL),(85,30,30,1,1,0,'2011-01-24 08:56:13',1,10,11,'2011-01-24',1,NULL),(76,26,26,1,1,0,'2011-01-24 08:48:25',1,19,22,'2011-01-24',1,NULL),(82,21,1,2,1,200,'2011-01-24 08:52:09',1,11,12,'2011-01-24',1,NULL),(84,29,29,1,1,0,'2011-01-24 08:56:12',1,8,11,'2011-01-24',1,NULL),(81,28,28,1,1,0,'2011-01-24 08:51:39',1,7,10,'2011-01-24',1,NULL),(368,30,1,2,0,200,'2011-02-25 07:13:42',1,10,11,'2011-02-25',0,NULL),(88,31,31,1,1,0,'2011-01-24 08:57:08',1,7,8,'2011-01-24',0,NULL),(89,31,5,2,1,200,'2011-01-24 08:57:08',1,7,8,'2011-01-24',0,NULL),(90,32,32,1,1,0,'2011-01-24 08:57:08',1,7,8,'2011-01-24',0,NULL),(91,32,5,2,1,200,'2011-01-24 08:57:08',1,7,8,'2011-01-24',0,NULL),(92,33,33,1,1,0,'2011-01-24 08:57:08',1,7,8,'2011-01-24',0,NULL),(93,33,5,2,1,200,'2011-01-24 08:57:08',1,7,8,'2011-01-24',0,NULL),(94,34,34,1,1,0,'2011-01-24 08:57:08',1,7,8,'2011-01-24',0,NULL),(95,34,5,2,1,200,'2011-01-24 08:57:08',1,7,8,'2011-01-24',0,NULL),(96,35,35,1,1,0,'2011-01-24 08:57:08',1,7,8,'2011-01-24',1,NULL),(410,35,5,2,1,200,'2011-03-14 02:21:56',1,7,8,'2011-03-14',0,NULL),(367,30,5,2,1,200,'2011-02-25 07:13:42',1,10,11,'2011-02-25',0,NULL),(100,36,36,1,1,0,'2011-01-24 08:59:01',1,10,11,'2011-01-24',0,NULL),(101,37,37,1,1,0,'2011-01-24 08:59:01',1,10,11,'2011-01-24',0,NULL),(102,38,38,1,1,0,'2011-01-24 08:59:02',1,10,11,'2011-01-24',0,NULL),(103,39,39,1,1,0,'2011-01-24 08:59:02',1,10,11,'2011-01-24',0,NULL),(104,40,40,1,1,0,'2011-01-24 08:59:02',1,10,11,'2011-01-24',0,NULL),(106,41,41,1,1,0,'2011-01-24 09:22:59',1,18,20,'2011-01-24',1,NULL),(107,42,42,1,1,0,'2011-01-24 09:23:24',1,20,21,'2011-01-24',0,NULL),(112,43,5,2,2,200,'2011-01-24 09:29:41',1,11,13,'2011-01-24',0,NULL),(113,43,3,3,4,4,'2011-01-24 09:30:22',1,11,13,'2011-01-24',0,NULL),(114,29,3,3,4,4,'2011-01-25 01:45:39',1,8,11,'2011-01-25',1,NULL),(115,29,5,3,1,20,'2011-01-25 01:45:39',1,8,11,'2011-01-25',1,NULL),(116,44,44,1,1,0,'2011-01-25 03:26:54',1,10,12,'2011-01-25',1,NULL),(119,44,3,2,2,150,'2011-01-25 03:27:51',1,10,12,'2011-01-25',0,NULL),(120,45,45,1,1,0,'2011-01-26 00:59:08',1,8,9,'2011-01-26',1,NULL),(123,45,4,2,1,300,'2011-01-26 00:59:35',1,8,9,'2011-01-26',0,NULL),(124,46,46,1,1,0,'2011-01-26 05:28:55',1,13,16,'2011-01-26',1,NULL),(125,47,47,1,1,0,'2011-01-26 05:53:56',1,7,10,'2011-01-26',1,NULL),(126,48,48,1,1,0,'2011-01-26 06:07:21',1,9,10,'2011-01-26',0,NULL),(127,49,49,1,1,0,'2011-01-26 06:08:17',1,11,12,'2011-01-26',1,NULL),(128,50,50,1,1,0,'2011-01-26 06:09:56',1,11,13,'2011-01-26',1,NULL),(129,51,51,1,1,0,'2011-01-26 08:17:58',1,10,11,'2011-01-26',0,NULL),(130,52,52,1,1,0,'2011-01-26 08:18:12',1,10,11,'2011-01-26',0,NULL),(131,53,53,1,1,0,'2011-01-26 08:42:20',1,11,12,'2011-01-26',0,NULL),(132,54,54,1,1,0,'2011-01-26 08:47:26',1,10,11,'2011-01-26',0,NULL),(133,55,55,1,1,0,'2011-01-26 08:47:42',1,14,15,'2011-01-26',0,NULL),(134,56,56,1,1,0,'2011-01-26 08:47:57',1,17,18,'2011-01-26',0,NULL),(135,57,57,1,1,0,'2011-01-26 08:48:36',1,17,20,'2011-01-26',0,NULL),(136,58,58,1,1,0,'2011-01-26 08:49:13',1,12,14,'2011-01-26',0,NULL),(137,58,2,2,2,300,'2011-01-26 08:49:13',1,12,14,'2011-01-26',0,NULL),(138,59,59,1,1,0,'2011-01-26 08:54:37',1,14,15,'2011-01-26',0,NULL),(139,60,60,1,1,0,'2011-01-28 06:26:58',1,11,12,'2011-01-28',1,NULL),(145,60,4,2,1,300,'2011-01-28 06:30:07',1,11,12,'2011-01-28',0,NULL),(143,60,3,3,3,4,'2011-01-28 06:28:14',1,11,12,'2011-01-28',1,NULL),(144,60,1,3,2,144,'2011-01-28 06:28:14',1,11,12,'2011-01-28',1,NULL),(146,61,61,1,1,0,'2011-01-28 06:38:03',1,11,16,'2011-01-28',1,NULL),(149,61,2,2,5,300,'2011-01-28 08:07:39',1,11,16,'2011-01-28',0,NULL),(150,62,62,1,1,0,'2011-02-01 04:59:45',1,14,18,'2011-02-01',0,NULL),(151,63,63,1,1,0,'2011-02-09 03:58:45',1,11,12,'2011-02-09',1,NULL),(154,63,1,2,1,200,'2011-02-09 04:08:28',1,11,12,'2011-02-09',0,NULL),(155,64,64,1,1,0,'2011-02-09 04:08:53',1,13,16,'2011-02-09',1,NULL),(157,64,4,2,3,300,'2011-02-09 04:09:02',1,13,16,'2011-02-09',1,NULL),(158,65,65,1,1,0,'2011-02-14 07:18:13',1,17,18,'2011-02-14',0,NULL),(159,65,2,2,1,300,'2011-02-14 07:18:13',1,17,18,'2011-02-14',0,NULL),(160,66,66,1,1,0,'2011-02-15 02:34:24',1,11,15,'2011-02-15',1,NULL),(163,66,2,2,4,300,'2011-02-15 02:35:04',1,11,15,'2011-02-15',0,NULL),(164,67,67,1,1,0,'2011-02-15 06:22:03',1,22,23,'2011-02-15',1,NULL),(375,67,4,2,0,300,'2011-03-04 02:13:56',1,22,23,'2011-03-04',0,NULL),(374,67,6,2,0,200,'2011-03-04 02:13:56',1,22,23,'2011-03-04',0,NULL),(170,67,3,3,2,4,'2011-02-15 06:53:13',1,22,23,'2011-02-15',1,NULL),(373,67,3,2,0,150,'2011-03-04 02:13:56',1,22,23,'2011-03-04',0,NULL),(372,67,2,2,0,300,'2011-03-04 02:13:56',1,22,23,'2011-03-04',0,NULL),(371,67,5,2,1,200,'2011-03-04 02:13:56',1,22,23,'2011-03-04',0,NULL),(187,68,68,1,1,0,'2011-02-15 07:08:56',1,7,8,'2011-02-15',1,NULL),(188,69,69,1,1,0,'2011-02-15 07:18:57',1,13,14,'2011-02-15',1,NULL),(189,70,70,1,1,0,'2011-02-15 07:19:48',1,7,8,'2011-02-15',1,NULL),(190,71,71,1,1,0,'2011-02-21 07:40:42',1,18,19,'2011-02-21',1,NULL),(191,72,72,1,1,0,'2011-02-21 07:53:04',1,19,20,'2011-02-21',1,NULL),(192,73,73,1,1,0,'2011-02-21 07:56:28',1,7,9,'2011-02-21',1,NULL),(193,74,74,1,1,0,'2011-02-21 07:56:29',1,7,9,'2011-02-21',1,NULL),(194,75,75,1,1,0,'2011-02-21 07:56:29',1,7,9,'2011-02-21',0,NULL),(419,145,7,3,5,20,'2011-03-22 01:14:26',1,12,13,'2011-03-22',1,NULL),(418,145,3,3,5,4,'2011-03-22 01:14:13',1,12,13,'2011-03-22',1,NULL),(197,78,78,1,1,0,'2011-02-21 07:56:29',1,7,9,'2011-02-21',0,NULL),(198,79,79,1,1,0,'2011-02-21 07:56:29',1,7,9,'2011-02-21',0,NULL),(199,80,80,1,1,0,'2011-02-21 07:56:29',1,7,9,'2011-02-21',0,NULL),(200,81,81,1,1,0,'2011-02-21 07:56:29',1,7,9,'2011-02-21',0,NULL),(201,82,82,1,1,0,'2011-02-22 02:37:27',1,10,13,'2011-02-22',1,NULL),(203,82,3,2,3,150,'2011-02-22 02:37:38',1,10,13,'2011-02-22',1,NULL),(360,127,5,2,1,200,'2011-02-25 07:10:57',1,9,10,'2011-02-25',0,NULL),(284,109,6,2,1,200,'2011-02-25 02:37:25',1,7,8,'2011-02-25',0,NULL),(283,108,6,2,1,200,'2011-02-25 02:37:25',1,7,8,'2011-02-25',0,NULL),(282,107,6,2,1,200,'2011-02-25 02:37:25',1,7,8,'2011-02-25',0,NULL),(281,106,6,2,1,200,'2011-02-25 02:37:24',1,7,8,'2011-02-25',0,NULL),(280,105,6,2,1,200,'2011-02-25 02:37:24',1,7,8,'2011-02-25',0,NULL),(279,104,6,2,1,200,'2011-02-25 02:37:24',1,7,8,'2011-02-25',0,NULL),(278,103,6,2,1,200,'2011-02-25 02:37:24',1,7,8,'2011-02-25',0,NULL),(277,102,6,2,1,200,'2011-02-25 02:37:24',1,7,8,'2011-02-25',0,NULL),(276,101,6,2,1,200,'2011-02-25 02:37:24',1,7,8,'2011-02-25',0,NULL),(275,100,6,2,1,200,'2011-02-25 02:37:24',1,7,8,'2011-02-25',0,NULL),(274,99,6,2,1,200,'2011-02-25 02:37:24',1,7,8,'2011-02-25',0,NULL),(273,98,6,2,1,200,'2011-02-25 02:37:24',1,7,8,'2011-02-25',0,NULL),(242,95,5,2,1,200,'2011-02-25 02:33:07',1,7,8,'2011-02-25',0,NULL),(241,94,5,2,1,200,'2011-02-25 02:33:07',1,7,8,'2011-02-25',0,NULL),(240,93,5,2,1,200,'2011-02-25 02:33:07',1,7,8,'2011-02-25',0,NULL),(239,92,5,2,1,200,'2011-02-25 02:33:07',1,7,8,'2011-02-25',0,NULL),(238,91,5,2,1,200,'2011-02-25 02:33:07',1,7,8,'2011-02-25',0,NULL),(237,90,5,2,1,200,'2011-02-25 02:33:07',1,7,8,'2011-02-25',0,NULL),(236,89,5,2,1,200,'2011-02-25 02:33:07',1,7,8,'2011-02-25',0,NULL),(235,88,5,2,1,200,'2011-02-25 02:33:07',1,7,8,'2011-02-25',0,NULL),(234,87,5,2,1,200,'2011-02-25 02:33:07',1,7,8,'2011-02-25',0,NULL),(233,86,5,2,1,200,'2011-02-25 02:33:06',1,7,8,'2011-02-25',0,NULL),(232,85,5,2,1,200,'2011-02-25 02:33:06',1,7,8,'2011-02-25',0,NULL),(231,84,5,2,1,200,'2011-02-25 02:33:06',1,7,8,'2011-02-25',0,NULL),(230,83,5,2,1,200,'2011-02-25 02:33:06',1,7,8,'2011-02-25',0,NULL),(359,126,5,2,1,200,'2011-02-25 07:10:57',1,9,10,'2011-02-25',0,NULL),(362,129,5,2,1,200,'2011-02-25 07:10:57',1,9,10,'2011-02-25',0,NULL),(361,128,5,2,1,200,'2011-02-25 07:10:57',1,9,10,'2011-02-25',0,NULL),(364,131,5,2,1,200,'2011-02-25 07:10:57',1,9,10,'2011-02-25',0,NULL),(363,130,5,2,1,200,'2011-02-25 07:10:57',1,9,10,'2011-02-25',0,NULL),(370,48,3,3,83,4,'2011-02-25 07:17:26',1,9,10,'2011-02-25',0,NULL),(369,46,3,3,60,4,'2011-02-25 07:15:49',1,13,16,'2011-02-25',1,NULL),(377,133,1,2,1,200,'2011-03-04 03:29:39',1,11,12,'2011-03-04',0,NULL),(376,133,133,1,1,0,'2011-03-04 03:29:39',1,11,12,'2011-03-04',0,NULL),(379,133,5,2,0,200,'2011-03-04 03:29:39',1,11,12,'2011-03-04',0,NULL),(378,133,3,2,0,150,'2011-03-04 03:29:39',1,11,12,'2011-03-04',0,NULL),(390,135,5,2,1,200,'2011-03-08 01:18:26',1,9,10,'2011-03-08',0,NULL),(380,133,4,2,0,300,'2011-03-04 03:29:39',1,11,12,'2011-03-04',0,NULL),(272,97,6,2,1,200,'2011-02-25 02:37:24',1,7,8,'2011-02-25',0,NULL),(271,96,6,2,1,200,'2011-02-25 02:37:24',1,7,8,'2011-02-25',0,NULL),(391,136,136,1,1,0,'2011-03-08 01:41:39',1,12,15,'2011-03-08',0,NULL),(388,135,135,1,1,0,'2011-03-08 01:18:09',1,9,10,'2011-03-08',0,NULL),(393,138,138,1,1,0,'2011-03-10 07:37:51',1,7,10,'2011-03-10',0,NULL),(392,137,137,1,1,0,'2011-03-09 07:30:34',1,15,16,'2011-03-09',0,NULL),(398,141,141,1,1,0,'2011-03-11 08:31:59',1,9,11,'2011-03-11',0,NULL),(397,140,140,1,1,0,'2011-03-11 02:04:45',1,10,19,'2011-03-11',0,NULL),(409,142,2,2,0,300,'2011-03-13 06:07:05',1,13,16,'2011-03-13',0,NULL),(399,142,142,1,1,0,'2011-03-13 04:39:52',1,13,16,'2011-03-13',1,NULL),(420,145,4,2,1,300,'2011-03-22 01:15:56',1,12,13,'2011-03-22',0,NULL),(408,142,1,2,3,200,'2011-03-13 06:07:05',1,13,16,'2011-03-13',0,NULL),(421,146,146,1,1,0,'2011-03-22 01:28:41',1,11,13,'2011-03-22',0,NULL),(415,145,145,1,1,0,'2011-03-22 01:12:57',1,12,13,'2011-03-22',1,NULL),(423,147,147,1,1,0,'2011-03-22 02:28:16',1,11,12,'2011-03-22',1,NULL),(422,146,3,2,2,150,'2011-03-22 01:28:41',1,11,13,'2011-03-22',0,NULL),(358,125,5,2,1,200,'2011-02-25 07:10:56',1,9,10,'2011-02-25',0,NULL),(357,124,5,2,1,200,'2011-02-25 07:10:56',1,9,10,'2011-02-25',0,NULL),(356,123,5,2,1,200,'2011-02-25 07:10:56',1,9,10,'2011-02-25',0,NULL),(355,122,5,2,1,200,'2011-02-25 07:10:56',1,9,10,'2011-02-25',0,NULL),(354,121,5,2,1,200,'2011-02-25 07:10:56',1,9,10,'2011-02-25',0,NULL),(353,120,5,2,1,200,'2011-02-25 07:10:56',1,9,10,'2011-02-25',0,NULL),(352,119,5,2,1,200,'2011-02-25 07:10:56',1,9,10,'2011-02-25',0,NULL),(351,118,5,2,1,200,'2011-02-25 07:10:56',1,9,10,'2011-02-25',0,NULL),(350,117,5,2,1,200,'2011-02-25 07:10:56',1,9,10,'2011-02-25',0,NULL),(349,116,5,2,1,200,'2011-02-25 07:10:56',1,9,10,'2011-02-25',0,NULL),(348,115,5,2,1,200,'2011-02-25 07:10:56',1,9,10,'2011-02-25',0,NULL),(347,114,5,2,1,200,'2011-02-25 07:10:56',1,9,10,'2011-02-25',0,NULL),(346,113,5,2,1,200,'2011-02-25 07:10:55',1,9,10,'2011-02-25',0,NULL),(345,112,5,2,1,200,'2011-02-25 07:10:55',1,9,10,'2011-02-25',0,NULL),(344,111,5,2,1,200,'2011-02-25 07:10:55',1,9,10,'2011-02-25',0,NULL),(343,110,5,2,1,200,'2011-02-25 07:10:55',1,9,10,'2011-02-25',0,NULL),(331,132,132,1,1,0,'2011-02-25 02:40:54',1,8,9,'2011-02-25',1,NULL),(396,139,139,1,1,0,'2011-03-10 08:10:05',1,14,16,'2011-03-10',0,NULL),(395,138,4,2,3,300,'2011-03-10 07:44:13',1,7,10,'2011-03-10',0,NULL),(424,148,148,1,1,0,'2011-03-22 02:43:46',1,13,14,'2011-03-22',1,NULL),(425,147,3,3,10,4,'2011-03-22 08:40:20',1,11,12,'2011-03-22',1,NULL),(439,147,6,2,0,200,'2011-03-23 07:47:23',1,11,12,'2011-03-23',0,NULL),(438,147,5,2,1,200,'2011-03-23 07:47:23',1,11,12,'2011-03-23',0,NULL),(431,149,149,1,1,0,'2011-03-22 08:47:55',1,10,12,'2011-03-22',0,NULL),(435,153,153,1,1,0,'2011-03-23 06:45:12',1,13,14,'2011-03-23',0,NULL),(433,151,151,1,1,0,'2011-03-22 08:47:55',1,10,12,'2011-03-22',0,NULL),(434,152,152,1,1,0,'2011-03-22 08:47:55',1,10,12,'2011-03-22',0,NULL),(436,154,154,1,1,0,'2011-03-23 06:47:48',1,14,15,'2011-03-23',0,NULL),(437,155,155,1,1,0,'2011-03-23 06:48:19',1,14,15,'2011-03-23',0,NULL),(440,156,156,1,1,0,'2011-03-23 07:50:44',1,17,18,'2011-03-23',0,NULL),(441,157,157,1,1,0,'2011-03-23 08:14:18',1,21,22,'2011-03-23',1,NULL),(442,158,158,1,1,0,'2011-03-25 02:23:54',1,13,14,'2011-03-25',1,NULL),(484,158,12,2,2,150,'2011-03-25 08:13:58',1,13,15,'2011-03-25',0,NULL),(446,159,159,1,1,0,'2011-03-25 02:32:33',1,11,13,'2011-03-25',1,NULL),(483,159,6,2,2,200,'2011-03-25 08:13:32',1,11,13,'2011-03-25',0,NULL),(448,160,160,1,1,0,'2011-03-25 02:59:25',1,12,13,'2011-03-25',1,NULL),(464,160,11,2,1,150,'2011-03-25 06:43:03',1,12,13,'2011-03-25',0,NULL),(450,161,161,1,1,0,'2011-03-25 05:45:35',1,16,17,'2011-03-25',0,NULL),(451,161,11,2,1,150,'2011-03-25 05:45:35',1,16,17,'2011-03-25',0,NULL),(452,162,162,1,1,0,'2011-03-25 05:46:25',1,13,15,'2011-03-25',1,NULL),(455,162,10,2,2,200,'2011-03-25 05:46:58',1,13,15,'2011-03-25',0,NULL),(457,163,163,1,1,0,'2011-03-25 06:31:34',1,16,17,'2011-03-25',1,NULL),(467,163,16,2,0,300,'2011-03-25 06:43:59',1,16,17,'2011-03-25',0,NULL),(466,163,18,2,1,120,'2011-03-25 06:43:59',1,16,17,'2011-03-25',0,NULL),(465,163,3,3,2,4,'2011-03-25 06:43:33',1,16,17,'2011-03-25',1,NULL),(468,164,164,1,1,0,'2011-03-25 07:01:24',1,16,19,'2011-03-25',1,NULL),(612,219,219,1,1,0,'2011-04-10 07:21:07',1,16,17,'2011-04-10',0,NULL),(610,218,5,2,3,200,'2011-04-10 06:17:47',1,15,18,'2011-04-10',1,NULL),(611,218,3,3,2,4,'2011-04-10 06:18:19',1,15,18,'2011-04-10',1,NULL),(608,218,218,1,1,0,'2011-04-10 06:15:14',1,15,18,'2011-04-10',1,NULL),(477,164,3,3,10,4,'2011-03-25 07:10:15',1,16,19,'2011-03-25',1,NULL),(478,164,7,3,1,20,'2011-03-25 07:14:40',1,16,19,'2011-03-25',1,NULL),(479,165,165,1,1,0,'2011-03-25 07:18:25',1,18,23,'2011-03-25',0,NULL),(480,165,11,2,5,150,'2011-03-25 07:18:25',1,18,23,'2011-03-25',0,NULL),(481,165,6,2,0,200,'2011-03-25 07:18:25',1,18,23,'2011-03-25',0,NULL),(487,166,166,1,1,0,'2011-03-28 05:25:36',1,16,17,'2011-03-28',0,NULL),(488,167,167,1,1,0,'2011-03-29 01:43:01',1,13,14,'2011-03-29',0,NULL),(489,168,168,1,1,0,'2011-03-29 01:43:01',1,13,14,'2011-03-29',0,NULL),(490,169,169,1,1,0,'2011-03-29 01:43:01',1,13,14,'2011-03-29',0,NULL),(491,170,170,1,1,0,'2011-03-29 01:43:01',1,13,14,'2011-03-29',0,NULL),(492,171,171,1,1,0,'2011-03-29 01:43:01',1,13,14,'2011-03-29',0,NULL),(493,172,172,1,1,0,'2011-03-29 01:43:01',1,13,14,'2011-03-29',0,NULL),(494,173,173,1,1,0,'2011-03-29 01:43:01',1,13,14,'2011-03-29',0,NULL),(495,174,174,1,1,0,'2011-03-29 01:43:01',1,13,14,'2011-03-29',0,NULL),(496,175,175,1,1,0,'2011-03-29 01:43:02',1,13,14,'2011-03-29',0,NULL),(497,176,176,1,1,0,'2011-03-29 01:43:02',1,13,14,'2011-03-29',0,NULL),(498,177,177,1,1,0,'2011-03-29 01:43:02',1,13,14,'2011-03-29',0,NULL),(499,178,178,1,1,0,'2011-03-29 01:43:02',1,13,14,'2011-03-29',0,NULL),(500,179,179,1,1,0,'2011-03-29 01:43:02',1,13,14,'2011-03-29',0,NULL),(501,180,180,1,1,0,'2011-03-29 02:39:07',1,12,13,'2011-03-29',1,NULL),(507,180,10,2,1,200,'2011-03-29 05:47:02',1,12,13,'2011-03-29',1,NULL),(506,180,11,2,1,150,'2011-03-29 05:47:02',1,12,13,'2011-03-29',1,NULL),(509,180,2,3,3,15,'2011-03-29 05:48:04',1,12,13,'2011-03-29',1,NULL),(510,181,181,1,1,0,'2011-03-29 06:58:17',1,18,19,'2011-03-29',0,NULL),(511,182,182,1,1,0,'2011-03-30 03:36:21',1,14,15,'2011-03-30',1,NULL),(512,183,183,1,1,0,'2011-03-30 03:36:32',3,11,12,'2011-03-30',1,NULL),(513,184,184,1,1,0,'2011-03-30 09:17:38',1,20,21,'2011-03-30',0,NULL),(514,48,7,3,3,20,'2011-04-01 12:48:27',1,9,10,'2011-04-01',0,NULL),(516,50,3,3,1,4,'2011-04-01 13:16:07',1,11,13,'2011-04-01',1,NULL),(517,50,7,3,5,20,'2011-04-01 14:18:16',0,11,13,'2011-04-01',0,NULL),(518,50,12,2,2,150,'2011-04-01 15:05:57',0,11,13,'2011-04-01',0,NULL),(519,185,185,1,1,0,'2011-04-01 15:37:13',0,23,24,'2011-04-01',1,NULL),(522,185,10,2,1,200,'2011-04-01 15:41:58',0,23,24,'2011-04-01',0,NULL),(523,186,186,1,1,0,'2011-04-01 15:44:26',0,23,24,'2011-04-01',0,NULL),(525,186,12,2,1,150,'2011-04-01 15:44:43',0,23,24,'2011-04-01',0,NULL),(526,187,187,1,1,0,'2011-04-05 09:36:42',0,17,18,'2011-04-05',0,NULL),(527,188,188,1,1,0,'2011-04-05 09:37:04',0,17,18,'2011-04-05',0,NULL),(528,189,189,1,1,0,'2011-04-05 09:39:19',0,17,21,'2011-04-05',0,NULL),(529,190,190,1,1,0,'2011-04-05 09:43:18',0,17,18,'2011-04-05',0,NULL),(530,191,191,1,1,0,'2011-04-05 09:43:49',0,17,18,'2011-04-05',0,NULL),(531,192,192,1,1,0,'2011-04-05 09:47:45',0,17,18,'2011-04-05',0,NULL),(532,193,193,1,1,0,'2011-04-05 09:48:53',0,17,18,'2011-04-05',0,NULL),(533,194,194,1,1,0,'2011-04-05 09:50:12',0,17,18,'2011-04-05',0,NULL),(534,195,195,1,1,0,'2011-04-05 09:50:50',0,17,18,'2011-04-05',0,NULL),(535,196,196,1,1,0,'2011-04-05 09:50:51',0,17,18,'2011-04-05',0,NULL),(536,197,197,1,1,0,'2011-04-05 09:50:52',0,17,18,'2011-04-05',0,NULL),(537,198,198,1,1,0,'2011-04-05 09:53:19',0,19,20,'2011-04-05',0,NULL),(538,198,12,2,1,150,'2011-04-05 09:53:19',0,19,20,'2011-04-05',0,NULL),(539,199,199,1,1,0,'2011-04-05 09:58:37',0,17,18,'2011-04-05',0,NULL),(540,200,200,1,1,0,'2011-04-05 10:00:28',0,17,18,'2011-04-05',0,NULL),(541,201,201,1,1,0,'2011-04-05 10:00:28',0,17,18,'2011-04-05',0,NULL),(542,202,202,1,1,0,'2011-04-05 10:01:22',0,17,18,'2011-04-05',0,NULL),(543,203,203,1,1,0,'2011-04-05 10:02:14',0,17,18,'2011-04-05',0,NULL),(544,204,204,1,1,0,'2011-04-05 10:04:07',1,17,18,'2011-04-05',0,NULL),(545,205,205,1,1,0,'2011-04-05 10:12:21',1,18,19,'2011-04-05',0,NULL),(546,206,206,1,1,0,'2011-04-05 10:24:34',1,19,20,'2011-04-05',1,NULL),(547,207,207,1,1,0,'2011-04-05 10:25:25',1,18,19,'2011-04-05',0,NULL),(548,208,208,1,1,0,'2011-04-05 10:29:08',1,20,21,'2011-04-05',0,NULL),(549,209,209,1,1,0,'2011-04-05 14:33:31',1,22,24,'2011-04-05',0,NULL),(550,210,210,1,1,0,'2011-04-06 12:36:07',1,20,21,'2011-04-06',0,NULL),(551,211,211,1,1,0,'2011-04-07 13:02:42',1,21,22,'2011-04-07',0,NULL),(552,211,11,2,1,150,'2011-04-07 13:02:42',1,21,22,'2011-04-07',0,NULL),(553,212,212,1,1,0,'2011-04-07 13:03:04',1,21,22,'2011-04-07',0,NULL),(557,212,15,2,0,150,'2011-04-07 13:03:22',1,21,24,'2011-04-07',0,NULL),(556,212,5,2,3,200,'2011-04-07 13:03:22',1,21,24,'2011-04-07',0,NULL),(558,213,213,1,1,0,'2011-04-08 13:28:32',1,21,22,'2011-04-08',0,NULL),(559,213,12,2,1,150,'2011-04-08 13:28:32',1,21,22,'2011-04-08',0,NULL),(560,214,214,1,1,0,'2011-04-08 13:28:50',1,21,23,'2011-04-08',0,NULL),(561,215,215,1,1,0,'2011-04-09 02:42:03',1,10,12,'2011-04-09',1,NULL),(570,215,9,2,0,200,'2011-04-09 02:54:28',1,10,12,'2011-04-09',1,NULL),(569,215,6,2,2,200,'2011-04-09 02:54:28',1,10,12,'2011-04-09',1,NULL),(571,215,3,3,1,4,'2011-04-09 02:54:40',1,10,12,'2011-04-09',1,NULL),(572,216,216,1,1,0,'2011-04-09 06:36:30',1,7,8,'2011-04-09',0,NULL),(573,217,217,1,1,0,'2011-04-09 06:38:30',1,7,8,'2011-04-09',1,NULL),(613,220,220,1,1,0,'2011-04-10 07:21:47',1,16,19,'2011-04-10',1,NULL),(607,164,8,2,3,200,'2011-04-09 07:51:35',1,16,19,'2011-04-09',0,NULL),(605,164,13,2,3,200,'2011-04-09 07:51:35',1,16,19,'2011-04-09',0,NULL),(604,164,15,2,3,150,'2011-04-09 07:51:35',1,16,19,'2011-04-09',0,NULL),(606,164,14,2,3,200,'2011-04-09 07:51:35',1,16,19,'2011-04-09',0,NULL),(603,217,15,2,1,150,'2011-04-09 07:42:02',1,7,8,'2011-04-09',1,NULL),(614,221,221,1,1,0,'2011-04-10 07:22:44',1,15,16,'2011-04-10',0,NULL),(615,222,222,1,1,0,'2011-04-11 13:02:24',1,21,22,'2011-04-11',0,NULL),(616,223,223,1,1,0,'2011-04-11 13:03:58',1,21,22,'2011-04-11',0,NULL),(617,224,224,1,1,0,'2011-04-12 16:14:13',1,17,19,'2011-04-13',0,NULL),(618,225,225,1,1,0,'2011-04-15 14:56:38',1,22,23,'2011-04-15',1,NULL),(619,226,226,1,1,0,'2011-04-15 15:27:28',1,23,24,'2011-04-15',0,NULL),(620,226,3,3,3,4,'2011-04-15 15:28:08',1,23,24,'2011-04-15',0,NULL);
/*!40000 ALTER TABLE `order_items` ENABLE KEYS */;
UNLOCK TABLES;

--
-- Table structure for table `orders`
--

DROP TABLE IF EXISTS `orders`;
/*!40101 SET @saved_cs_client     = @@character_set_client */;
/*!40101 SET character_set_client = utf8 */;
CREATE TABLE `orders` (
  `id` int(11) NOT NULL AUTO_INCREMENT,
  `card_id` int(11) NOT NULL DEFAULT '0',
  `member_id` int(11) NOT NULL DEFAULT '0',
  `book_record_id` int(11) NOT NULL DEFAULT '0',
  `memo` varchar(255) NOT NULL DEFAULT '',
  `order_time` datetime NOT NULL,
  `member_name` varchar(32) NOT NULL DEFAULT '',
  `catena_id` int(11) NOT NULL DEFAULT '0',
  `member_type` int(11) NOT NULL DEFAULT '1',
  `member_card_id` int(11) NOT NULL,
  `parent_id` int(11) NOT NULL,
  `paid_stauts` int(11) NOT NULL DEFAULT '0',
  `amount` decimal(10,0) NOT NULL DEFAULT '0',
  `user_id` int(11) DEFAULT NULL,
  PRIMARY KEY (`id`)
) ENGINE=MyISAM AUTO_INCREMENT=227 DEFAULT CHARSET=utf8;
/*!40101 SET character_set_client = @saved_cs_client */;

--
-- Dumping data for table `orders`
--

LOCK TABLES `orders` WRITE;
/*!40000 ALTER TABLE `orders` DISABLE KEYS */;
INSERT INTO `orders` VALUES (1,1,1,1,'','2011-01-24 06:49:42','博德维01',1,1,1,0,1,'0',NULL),(2,7,8,2,'','2011-01-24 06:52:08','博德维07',1,1,7,0,1,'0',NULL),(3,4,4,3,'','2011-01-24 07:02:36','博德维04',1,1,4,0,1,'0',NULL),(5,7,8,5,'','2011-01-24 07:23:07','博德维07',1,1,7,0,1,'0',NULL),(6,1,9,6,'','2011-01-24 07:24:31','小三',1,1,12,0,1,'0',NULL),(7,7,14,7,'','2011-01-24 08:27:56','大胖子',1,1,15,1,0,'0',NULL),(8,7,14,8,'','2011-01-24 08:27:56','大胖子',1,1,15,1,0,'0',NULL),(9,7,14,9,'','2011-01-24 08:27:56','大胖子',1,1,15,1,0,'0',NULL),(10,7,14,10,'','2011-01-24 08:27:56','大胖子',1,1,15,1,0,'0',NULL),(11,7,14,11,'','2011-01-24 08:27:56','大胖子',1,1,15,1,0,'0',NULL),(12,7,14,12,'','2011-01-24 08:27:56','大胖子',1,1,15,1,0,'0',NULL),(13,7,14,13,'','2011-01-24 08:27:56','大胖子',1,1,15,1,0,'0',NULL),(14,7,14,14,'','2011-01-24 08:27:57','大胖子',1,1,15,1,0,'0',NULL),(15,7,14,15,'','2011-01-24 08:27:57','大胖子',1,1,15,1,1,'0',NULL),(16,7,14,16,'','2011-01-24 08:27:57','大胖子',1,1,15,1,0,'0',NULL),(17,7,14,17,'','2011-01-24 08:27:57','大胖子',1,1,15,1,0,'0',NULL),(18,7,14,18,'','2011-01-24 08:27:57','大胖子',1,1,15,1,0,'0',NULL),(19,7,14,19,'','2011-01-24 08:27:57','大胖子',1,1,15,1,0,'0',NULL),(21,7,14,21,'','2011-01-24 08:34:38','大胖子',1,1,15,0,0,'0',NULL),(22,7,19,22,'','2011-01-24 08:35:50','月老',1,1,22,0,1,'0',NULL),(24,7,19,24,'','2011-01-24 08:40:11','月老',1,1,22,0,1,'0',NULL),(26,7,19,26,'','2011-01-24 08:48:25','月老',1,1,22,0,1,'0',NULL),(28,7,19,28,'','2011-01-24 08:51:38','月老',1,1,22,0,1,'0',NULL),(29,4,17,29,'','2011-01-24 08:56:12','周瑜',1,1,20,0,1,'0',NULL),(30,7,14,30,'','2011-01-24 08:56:13','大胖子',1,1,15,0,1,'0',NULL),(31,4,17,31,'','2011-01-24 08:57:08','周瑜',1,1,20,2,0,'0',NULL),(32,4,17,32,'','2011-01-24 08:57:08','周瑜',1,1,20,2,0,'0',NULL),(33,4,17,33,'','2011-01-24 08:57:08','周瑜',1,1,20,2,0,'0',NULL),(34,4,17,34,'','2011-01-24 08:57:08','周瑜',1,1,20,2,0,'0',NULL),(35,4,17,35,'','2011-01-24 08:57:08','周瑜',1,1,20,2,1,'0',NULL),(36,4,17,36,'','2011-01-24 08:59:01','周瑜',1,1,20,3,0,'0',NULL),(37,4,17,37,'','2011-01-24 08:59:01','周瑜',1,1,20,3,0,'0',NULL),(38,4,17,38,'','2011-01-24 08:59:02','周瑜',1,1,20,3,0,'0',NULL),(39,4,17,39,'','2011-01-24 08:59:02','周瑜',1,1,20,3,0,'0',NULL),(40,4,17,40,'','2011-01-24 08:59:02','周瑜',1,1,20,3,0,'0',NULL),(41,7,15,41,'','2011-01-24 09:22:59','小乔',1,1,17,0,1,'0',NULL),(42,4,17,42,'','2011-01-24 09:23:24','周瑜',1,1,20,0,0,'0',NULL),(43,1,9,43,'','2011-01-24 09:29:08','小三',1,1,12,0,0,'0',NULL),(44,3,22,44,'','2011-01-25 03:26:54','xs',1,1,24,0,1,'0',NULL),(45,1,9,45,'','2011-01-26 00:59:08','小三',1,1,12,0,1,'0',NULL),(46,3,22,46,'','2011-01-26 05:28:55','xs',1,1,24,0,1,'0',NULL),(47,3,22,47,'','2011-01-26 05:53:56','xs',1,1,24,0,1,'0',NULL),(48,8,18,48,'','2011-01-26 06:07:21','小超',1,1,21,0,0,'0',NULL),(49,7,16,49,'','2011-01-26 06:08:17','伯父',1,1,17,0,1,'0',NULL),(50,1,13,50,'','2011-01-26 06:09:56','博德维11',1,1,14,0,1,'0',NULL),(51,3,22,51,'','2011-01-26 08:17:58','xs',1,1,24,0,0,'0',NULL),(52,1,9,52,'','2011-01-26 08:18:12','小三',1,1,12,0,0,'0',NULL),(53,1,9,53,'','2011-01-26 08:42:20','小三',1,1,12,0,0,'0',NULL),(54,1,9,54,'','2011-01-26 08:47:26','小三',1,1,12,0,0,'0',NULL),(55,3,22,55,'','2011-01-26 08:47:42','xs',1,1,24,0,0,'0',NULL),(56,1,24,56,'','2011-01-26 08:47:57','李小瘦',1,1,25,0,0,'0',NULL),(57,1,24,57,'','2011-01-26 08:48:36','李小瘦',1,1,25,0,0,'0',NULL),(58,3,22,58,'','2011-01-26 08:49:13','xs',1,1,24,0,0,'0',NULL),(59,8,18,59,'','2011-01-26 08:54:37','小超',1,1,21,0,0,'0',NULL),(60,3,22,60,'','2011-01-28 06:26:58','xs',1,1,24,0,1,'0',NULL),(61,3,21,61,'','2011-01-28 06:38:03','Ds',1,1,24,0,1,'0',NULL),(62,3,22,62,'','2011-02-01 04:59:45','xs',1,1,24,0,0,'0',NULL),(63,1,24,63,'','2011-02-09 03:58:45','李小瘦',1,1,25,0,1,'0',NULL),(64,1,9,64,'','2011-02-09 04:08:53','小三',1,1,12,0,1,'0',NULL),(65,7,14,65,'','2011-02-14 07:18:13','大胖子',1,1,15,0,0,'0',NULL),(66,5,27,66,'','2011-02-15 02:34:24','王小情',1,1,26,0,1,'0',NULL),(67,7,28,67,'','2011-02-15 06:22:03','罗纳尔多',1,1,27,0,1,'0',NULL),(68,7,28,68,'','2011-02-15 07:08:56','罗纳尔多',1,1,27,0,1,'0',NULL),(69,5,26,69,'','2011-02-15 07:18:57','王大庆',1,1,26,0,1,'0',NULL),(70,5,26,70,'','2011-02-15 07:19:48','王大庆',1,1,26,0,1,'0',NULL),(71,7,29,71,'','2011-02-21 07:40:42','AK47',1,1,29,0,1,'0',NULL),(72,1,29,72,'','2011-02-21 07:53:04','AK47',1,1,31,0,0,'0',NULL),(73,7,29,73,'','2011-02-21 07:56:28','AK47',1,1,29,4,1,'0',NULL),(74,7,29,74,'','2011-02-21 07:56:29','AK47',1,1,29,4,1,'0',NULL),(75,7,29,75,'','2011-02-21 07:56:29','AK47',1,1,29,4,0,'0',NULL),(147,11,32,147,'','2011-03-22 02:28:16','麦当娜',1,1,35,0,1,'0',NULL),(78,7,29,78,'','2011-02-21 07:56:29','AK47',1,1,29,4,0,'0',NULL),(79,7,29,79,'','2011-02-21 07:56:29','AK47',1,1,29,4,0,'0',NULL),(80,7,29,80,'','2011-02-21 07:56:29','AK47',1,1,29,4,0,'0',NULL),(81,7,29,81,'','2011-02-21 07:56:29','AK47',1,1,29,4,0,'0',NULL),(82,8,18,82,'','2011-02-22 02:37:27','小超',1,1,21,0,1,'0',NULL),(145,5,26,145,'','2011-03-22 01:12:57','王大庆',1,1,26,0,1,'0',NULL),(146,1,24,146,'','2011-03-22 01:28:41','李小瘦',1,1,25,0,0,'0',NULL),(142,5,26,142,'','2011-03-13 04:39:52','王大庆',1,1,26,0,1,'0',NULL),(141,7,29,141,'','2011-03-11 08:31:59','AK47',1,1,29,0,0,'0',NULL),(140,5,26,140,'','2011-03-11 02:04:45','王大庆',1,1,26,0,0,'0',NULL),(139,10,12,139,'','2011-03-10 08:10:05','博德维10',1,1,10,0,0,'0',NULL),(138,5,26,138,'','2011-03-10 07:37:51','王大庆',1,1,26,0,0,'0',NULL),(137,8,18,137,'','2011-03-09 07:30:34','小超',1,1,21,0,0,'0',NULL),(135,5,26,135,'','2011-03-08 01:18:09','王大庆',1,1,26,0,0,'0',NULL),(136,5,27,136,'','2011-03-08 01:41:39','王小情',1,1,26,0,0,'0',NULL),(133,7,29,133,'','2011-03-04 03:29:39','AK47',1,1,29,0,0,'0',NULL),(132,7,14,132,'','2011-02-25 02:40:54','大胖子',1,1,15,0,1,'0',NULL),(148,11,32,148,'','2011-03-22 02:43:46','麦当娜',1,1,35,0,1,'0',NULL),(149,7,34,149,'','2011-03-22 08:47:55','诸葛亮',1,1,39,9,0,'0',NULL),(153,15,34,153,'','2011-03-23 06:45:12','诸葛亮',1,1,41,0,0,'0',NULL),(151,7,34,151,'','2011-03-22 08:47:55','诸葛亮',1,1,39,9,0,'0',NULL),(152,7,34,152,'','2011-03-22 08:47:55','诸葛亮',1,1,39,9,0,'0',NULL),(154,15,34,154,'','2011-03-23 06:47:48','诸葛亮',1,1,41,0,0,'0',NULL),(155,15,34,155,'','2011-03-23 06:48:19','诸葛亮',1,1,41,0,0,'0',NULL),(156,1,23,156,'','2011-03-23 07:50:44','李大胖',1,1,25,0,0,'0',NULL),(157,11,32,157,'','2011-03-23 08:14:18','麦当娜',1,1,35,0,1,'0',NULL),(158,15,34,158,'','2011-03-25 02:23:54','诸葛亮',1,1,41,0,1,'0',NULL),(159,8,10,159,'','2011-03-25 02:32:33','博德维08',1,1,8,0,1,'0',NULL),(160,5,26,160,'','2011-03-25 02:59:25','王大庆',1,1,26,0,1,'0',NULL),(161,15,34,161,'','2011-03-25 05:45:35','诸葛亮',1,1,41,0,0,'0',NULL),(162,15,34,162,'','2011-03-25 05:46:25','诸葛亮',1,1,41,0,1,'0',NULL),(163,5,26,163,'','2011-03-25 06:31:34','王大庆',1,1,26,0,1,'0',NULL),(164,7,28,164,'','2011-03-25 07:01:24','罗纳尔多',1,1,27,0,1,'0',NULL),(165,8,10,165,'','2011-03-25 07:18:25','博德维08',1,1,8,0,0,'0',NULL),(166,7,14,166,'','2011-03-28 05:25:36','大胖子',1,1,15,0,0,'0',NULL),(167,1,23,167,'','2011-03-29 01:43:01','李大胖',1,1,25,10,0,'0',NULL),(168,1,23,168,'','2011-03-29 01:43:01','李大胖',1,1,25,10,0,'0',NULL),(169,1,23,169,'','2011-03-29 01:43:01','李大胖',1,1,25,10,0,'0',NULL),(170,1,23,170,'','2011-03-29 01:43:01','李大胖',1,1,25,10,0,'0',NULL),(171,1,23,171,'','2011-03-29 01:43:01','李大胖',1,1,25,10,0,'0',NULL),(172,1,23,172,'','2011-03-29 01:43:01','李大胖',1,1,25,10,0,'0',NULL),(173,1,23,173,'','2011-03-29 01:43:01','李大胖',1,1,25,10,0,'0',NULL),(174,1,23,174,'','2011-03-29 01:43:01','李大胖',1,1,25,10,0,'0',NULL),(175,1,23,175,'','2011-03-29 01:43:02','李大胖',1,1,25,10,0,'0',NULL),(176,1,23,176,'','2011-03-29 01:43:02','李大胖',1,1,25,10,0,'0',NULL),(177,1,23,177,'','2011-03-29 01:43:02','李大胖',1,1,25,10,0,'0',NULL),(178,1,23,178,'','2011-03-29 01:43:02','李大胖',1,1,25,10,0,'0',NULL),(179,1,23,179,'','2011-03-29 01:43:02','李大胖',1,1,25,10,0,'0',NULL),(180,4,38,180,'','2011-03-29 02:39:07','刘春义',1,1,42,0,0,'0',NULL),(181,7,19,181,'','2011-03-29 06:58:17','月老',1,1,22,0,0,'0',NULL),(182,4,38,182,'','2011-03-30 03:36:21','刘春义',1,1,42,0,0,'0',NULL),(183,15,37,183,'','2011-03-30 03:36:32','lijiyang',3,1,41,0,1,'0',NULL),(184,4,38,184,'','2011-03-30 09:17:38','刘春义',1,1,42,0,0,'10',NULL),(185,8,18,185,'','2011-04-01 15:37:13','小超',1,1,21,0,1,'0',NULL),(186,1,9,186,'','2011-04-01 15:44:26','小三',1,1,12,0,0,'0',NULL),(187,4,38,187,'','2011-04-05 09:36:42','刘春义',0,1,42,0,0,'0',NULL),(188,4,38,188,'','2011-04-05 09:37:04','刘春义',0,1,42,0,0,'0',NULL),(189,17,38,189,'','2011-04-05 09:39:19','刘春义',0,1,43,0,0,'0',NULL),(190,4,38,190,'','2011-04-05 09:43:18','刘春义',0,1,42,0,0,'0',NULL),(191,4,38,191,'','2011-04-05 09:43:49','刘春义',0,1,42,0,0,'0',NULL),(192,7,15,192,'','2011-04-05 09:47:45','小乔',0,1,17,0,0,'0',NULL),(193,7,14,193,'','2011-04-05 09:48:53','大胖子',0,1,15,0,0,'0',NULL),(194,3,20,194,'','2011-04-05 09:50:12','福禄寿星',0,1,23,0,0,'0',NULL),(195,3,20,195,'','2011-04-05 09:50:50','福禄寿星',0,1,23,0,0,'0',NULL),(196,3,20,196,'','2011-04-05 09:50:51','福禄寿星',0,1,23,0,0,'0',NULL),(197,3,20,197,'','2011-04-05 09:50:52','福禄寿星',0,1,23,0,0,'0',NULL),(198,3,20,198,'','2011-04-05 09:53:19','福禄寿星',0,1,23,0,0,'0',NULL),(199,3,21,199,'','2011-04-05 09:58:37','Ds',0,1,24,0,0,'0',NULL),(200,3,21,200,'','2011-04-05 10:00:27','Ds',0,1,24,0,0,'0',NULL),(201,3,21,201,'','2011-04-05 10:00:28','Ds',0,1,24,0,0,'0',NULL),(202,7,14,202,'','2011-04-05 10:01:22','大胖子',0,1,15,0,0,'0',NULL),(203,7,14,203,'','2011-04-05 10:02:14','大胖子',0,1,15,0,0,'0',NULL),(204,7,14,204,'','2011-04-05 10:04:07','大胖子',1,1,15,0,0,'0',NULL),(205,4,38,205,'','2011-04-05 10:12:21','刘春义',1,1,42,0,0,'0',NULL),(206,4,38,206,'','2011-04-05 10:24:34','刘春义',1,1,42,0,0,'0',NULL),(207,4,38,207,'','2011-04-05 10:25:25','刘春义',1,1,42,0,0,'0',NULL),(208,4,38,208,'','2011-04-05 10:29:08','刘春义',1,1,42,0,0,'0',NULL),(209,4,38,209,'','2011-04-05 14:33:31','刘春义',1,1,42,0,0,'0',NULL),(210,4,38,210,'','2011-04-06 12:36:07','刘春义',1,1,42,0,0,'0',NULL),(211,4,38,211,'','2011-04-07 13:02:42','刘春义',1,1,42,0,0,'0',NULL),(212,7,15,212,'','2011-04-07 13:03:04','小乔',1,1,17,0,0,'0',NULL),(213,15,36,213,'','2011-04-08 13:28:32','lijiyang',1,1,41,0,0,'0',NULL),(214,15,35,214,'','2011-04-08 13:28:50','liuchunyi',1,1,41,0,0,'0',NULL),(215,17,38,215,'','2011-04-09 02:42:03','刘春义',1,1,43,0,1,'0',NULL),(216,17,38,216,'','2011-04-09 06:36:30','刘春义',1,1,43,0,0,'0',NULL),(217,17,38,217,'','2011-04-09 06:38:30','刘春义',1,1,43,0,1,'0',NULL),(218,17,38,218,'','2011-04-10 06:15:14','刘春义',1,1,43,0,1,'0',NULL),(219,17,38,219,'','2011-04-10 07:21:07','刘春义',1,1,43,0,0,'0',NULL),(220,7,28,220,'','2011-04-10 07:21:47','罗纳尔多',1,1,27,0,1,'0',NULL),(221,17,38,221,'','2011-04-10 07:22:44','刘春义',1,1,43,0,0,'0',NULL),(222,1,44,222,'','2011-04-11 13:02:24','zmm2',1,1,47,0,0,'0',NULL),(223,0,1,223,'','2011-04-11 13:03:58','zmm',1,0,1,0,0,'0',NULL),(224,17,38,224,'','2011-04-12 16:14:13','刘春义',1,1,43,0,0,'0',NULL),(225,17,38,225,'','2011-04-15 14:56:38','刘春义',1,1,43,0,1,'0',NULL),(226,17,38,226,'','2011-04-15 15:27:28','刘春义',1,1,43,0,0,'0',NULL);
/*!40000 ALTER TABLE `orders` ENABLE KEYS */;
UNLOCK TABLES;

--
-- Table structure for table `period_prices`
--

DROP TABLE IF EXISTS `period_prices`;
/*!40101 SET @saved_cs_client     = @@character_set_client */;
/*!40101 SET character_set_client = utf8 */;
CREATE TABLE `period_prices` (
  `id` int(11) NOT NULL AUTO_INCREMENT,
  `name` varchar(255) NOT NULL,
  `start_time` int(11) NOT NULL DEFAULT '7',
  `end_time` int(11) NOT NULL DEFAULT '7',
  `price` decimal(10,2) NOT NULL DEFAULT '0.00',
  `period_type` int(11) NOT NULL DEFAULT '0',
  `catena_id` int(11) NOT NULL DEFAULT '0',
  `description` text,
  `created_at` datetime DEFAULT NULL,
  `updated_at` datetime DEFAULT NULL,
  PRIMARY KEY (`id`),
  UNIQUE KEY `index_period_prices_on_start_time_and_end_time_and_period_type` (`start_time`,`end_time`,`period_type`)
) ENGINE=MyISAM AUTO_INCREMENT=22 DEFAULT CHARSET=utf8;
/*!40101 SET character_set_client = @saved_cs_client */;

--
-- Dumping data for table `period_prices`
--

LOCK TABLES `period_prices` WRITE;
/*!40000 ALTER TABLE `period_prices` DISABLE KEYS */;
INSERT INTO `period_prices` VALUES (16,'冬令时黄金时段',14,22,'400.00',6,1,'','2011-01-18 07:26:54','2011-03-22 01:54:16'),(15,'夏令时黄金时段',16,22,'400.00',5,1,'','2011-01-18 07:26:22','2011-03-22 01:54:39'),(14,'冬令时休闲晚上',22,24,'300.00',6,1,'','2011-01-18 07:25:27','2011-03-22 01:54:58'),(13,'冬令时休闲白天',9,14,'300.00',6,1,'','2011-01-18 07:25:09','2011-03-22 01:55:16'),(12,'夏令时休闲晚上',22,24,'300.00',5,1,'','2011-01-18 07:24:46','2011-03-22 01:55:59'),(9,'夏令时晨练时段',7,9,'300.00',5,1,'','2011-01-18 07:23:01','2011-03-22 01:56:21'),(10,'冬令时晨练时段',7,9,'300.00',6,1,'','2011-01-18 07:23:42','2011-03-22 01:56:46'),(11,'夏令时休闲白天',9,16,'300.00',5,1,'','2011-01-18 07:24:22','2011-03-22 01:57:03'),(17,'黄金时段',7,22,'400.00',7,1,'','2011-01-18 07:27:29','2011-03-04 06:23:27'),(18,'休闲时段',22,24,'300.00',7,1,'','2011-01-18 07:27:54','2011-03-04 06:23:45');
/*!40000 ALTER TABLE `period_prices` ENABLE KEYS */;
UNLOCK TABLES;

--
-- Table structure for table `powers`
--

DROP TABLE IF EXISTS `powers`;
/*!40101 SET @saved_cs_client     = @@character_set_client */;
/*!40101 SET character_set_client = utf8 */;
CREATE TABLE `powers` (
  `id` int(11) NOT NULL AUTO_INCREMENT,
  `subject` varchar(36) NOT NULL DEFAULT '',
  `controller` varchar(36) NOT NULL DEFAULT '',
  `action` varchar(36) NOT NULL DEFAULT '',
  `description` varchar(255) DEFAULT NULL,
  `created_at` datetime DEFAULT NULL,
  `updated_at` datetime DEFAULT NULL,
  `parent_id` int(11) DEFAULT NULL,
  `will_show` tinyint(1) DEFAULT NULL,
  PRIMARY KEY (`id`)
) ENGINE=MyISAM AUTO_INCREMENT=1038 DEFAULT CHARSET=utf8;
/*!40101 SET character_set_client = @saved_cs_client */;

--
-- Dumping data for table `powers`
--

LOCK TABLES `powers` WRITE;
/*!40000 ALTER TABLE `powers` DISABLE KEYS */;
INSERT INTO `powers` VALUES (786,'场地使用率','','',NULL,'2011-04-14 13:14:04','2011-04-14 13:14:04',781,NULL),(785,'会员消费明细','','',NULL,'2011-04-14 13:14:04','2011-04-14 13:14:04',781,NULL),(784,'月收入报表','','',NULL,'2011-04-14 13:14:04','2011-04-14 13:14:04',781,NULL),(783,'日收入报表','','',NULL,'2011-04-14 13:14:04','2011-04-14 13:14:04',781,NULL),(782,'教练分账报表','','',NULL,'2011-04-14 13:14:04','2011-04-14 13:14:04',781,NULL),(781,'分析报表','','',NULL,'2011-04-14 13:14:04','2011-04-14 13:14:04',0,NULL),(780,'商品前台出库管理','','',NULL,'2011-04-14 13:14:04','2011-04-14 13:14:04',777,NULL),(779,'商品后台库存管理','','',NULL,'2011-04-14 13:14:04','2011-04-14 13:14:04',777,NULL),(778,'商品基本信息管理','','',NULL,'2011-04-14 13:14:04','2011-04-14 13:14:04',777,NULL),(777,'商品库存管理','','',NULL,'2011-04-14 13:14:04','2011-04-14 13:14:04',0,NULL),(776,'删除场地','','','shanchuchangdi','2011-04-14 13:14:04','2011-04-14 13:14:04',768,NULL),(775,'结算场地','','','jiesuanchangdi','2011-04-14 13:14:04','2011-04-14 13:14:04',768,NULL),(774,'修改场地','','','xiugaichangdi','2011-04-14 13:14:04','2011-04-14 13:14:04',768,NULL),(773,'定场地','','','dingchangdi','2011-04-14 13:14:04','2011-04-14 13:14:04',768,NULL),(772,'教练日程查询','','',NULL,'2011-04-14 13:14:04','2011-04-14 13:14:04',768,NULL),(771,'场地预定情况查询','','',NULL,'2011-04-14 13:14:04','2011-04-14 13:14:04',768,NULL),(766,'授权人管理','','',NULL,'2011-04-14 13:14:04','2011-04-14 13:14:04',763,NULL),(765,'会员卡充值','','',NULL,'2011-04-14 13:14:04','2011-04-14 13:14:04',763,NULL),(764,'会员卡绑定','','',NULL,'2011-04-14 13:14:04','2011-04-14 13:14:04',763,NULL),(763,'会员卡管理','','',NULL,'2011-04-14 13:14:04','2011-04-14 13:14:04',0,NULL),(762,'高级查询','','',NULL,'2011-04-14 13:14:04','2011-04-14 13:14:04',759,NULL),(760,'会员列表','','',NULL,'2011-04-14 13:14:04','2011-04-14 13:14:04',759,NULL),(757,'节假日管理','','',NULL,'2011-04-14 13:14:04','2011-04-14 13:14:04',753,NULL),(758,'教练管理','','',NULL,'2011-04-14 13:14:04','2011-04-14 13:14:04',753,NULL),(753,'基础信息管理','','',NULL,'2011-04-14 13:14:04','2011-04-14 13:14:04',0,NULL),(756,'场地管理','','',NULL,'2011-04-14 13:14:04','2011-04-14 13:14:04',753,NULL),(755,'卡模版管理','','',NULL,'2011-04-14 13:14:04','2011-04-14 13:14:04',753,NULL),(754,'时段价格管理','','',NULL,'2011-04-14 13:14:04','2011-04-14 13:14:04',753,NULL),(770,'新场地周期性预定','','',NULL,'2011-04-14 13:14:04','2011-04-14 13:14:04',768,NULL),(769,'新场地预定','','',NULL,'2011-04-14 13:14:04','2011-04-14 13:14:04',768,NULL),(768,'场地预定','','',NULL,'2011-04-14 13:14:04','2011-04-14 13:14:04',0,NULL),(767,'停卡激活管理','','',NULL,'2011-04-14 13:14:04','2011-04-14 13:14:04',763,NULL),(761,'添加会员','','',NULL,'2011-04-14 13:14:04','2011-04-14 13:14:04',759,NULL),(759,'会员管理','','',NULL,'2011-04-14 13:14:04','2011-04-14 13:14:04',0,NULL),(787,'消费结算','','',NULL,'2011-04-14 13:14:04','2011-04-14 13:14:04',0,NULL),(788,'场地待结算列表','','',NULL,'2011-04-14 13:14:04','2011-04-14 13:14:04',787,NULL),(789,'场地已结算列表','','',NULL,'2011-04-14 13:14:04','2011-04-14 13:14:04',787,NULL),(790,'购买商品','','',NULL,'2011-04-14 13:14:04','2011-04-14 13:14:04',787,NULL),(791,'权限管理','','',NULL,'2011-04-14 13:14:04','2011-04-14 13:14:04',0,NULL),(792,'用户管理','','',NULL,'2011-04-14 13:14:04','2011-04-14 13:14:04',791,NULL),(793,'部门管理','','',NULL,'2011-04-14 13:14:04','2011-04-14 13:14:04',791,NULL),(794,'连锁店管理','','',NULL,'2011-04-14 13:14:04','2011-04-14 13:14:04',791,NULL),(795,'系统管理','','',NULL,'2011-04-14 13:14:04','2011-04-14 13:14:04',0,NULL),(796,'修改密码','','',NULL,'2011-04-14 13:14:04','2011-04-14 13:14:04',795,NULL),(797,'操作日志','','',NULL,'2011-04-14 13:14:04','2011-04-14 13:14:04',795,NULL),(798,'数据备份','','',NULL,'2011-04-14 13:14:04','2011-04-14 13:14:04',795,NULL),(799,'关于软件','','',NULL,'2011-04-14 13:14:04','2011-04-14 13:14:04',795,NULL),(800,'基础信息管理','','',NULL,'2011-04-14 13:15:15','2011-04-14 13:15:15',0,NULL),(801,'时段价格管理','','',NULL,'2011-04-14 13:15:15','2011-04-14 13:15:15',800,NULL),(802,'卡模版管理','','',NULL,'2011-04-14 13:15:15','2011-04-14 13:15:15',800,NULL),(803,'场地管理','','',NULL,'2011-04-14 13:15:15','2011-04-14 13:15:15',800,NULL),(804,'节假日管理','','',NULL,'2011-04-14 13:15:15','2011-04-14 13:15:15',800,NULL),(805,'教练管理','','',NULL,'2011-04-14 13:15:15','2011-04-14 13:15:15',800,NULL),(806,'会员管理','','',NULL,'2011-04-14 13:15:15','2011-04-14 13:15:15',0,NULL),(807,'会员列表','','',NULL,'2011-04-14 13:15:15','2011-04-14 13:15:15',806,NULL),(808,'添加会员','','',NULL,'2011-04-14 13:15:15','2011-04-14 13:15:15',806,NULL),(809,'高级查询','','',NULL,'2011-04-14 13:15:15','2011-04-14 13:15:15',806,NULL),(810,'会员卡管理','','',NULL,'2011-04-14 13:15:15','2011-04-14 13:15:15',0,NULL),(811,'会员卡绑定','','',NULL,'2011-04-14 13:15:15','2011-04-14 13:15:15',810,NULL),(812,'会员卡充值','','',NULL,'2011-04-14 13:15:15','2011-04-14 13:15:15',810,NULL),(813,'授权人管理','','',NULL,'2011-04-14 13:15:15','2011-04-14 13:15:15',810,NULL),(814,'停卡激活管理','','',NULL,'2011-04-14 13:15:15','2011-04-14 13:15:15',810,NULL),(815,'场地预定','','',NULL,'2011-04-14 13:15:15','2011-04-14 13:15:15',0,NULL),(816,'新场地预定','','',NULL,'2011-04-14 13:15:15','2011-04-14 13:15:15',815,NULL),(817,'新场地周期性预定','','',NULL,'2011-04-14 13:15:15','2011-04-14 13:15:15',815,NULL),(818,'场地预定情况查询','','',NULL,'2011-04-14 13:15:15','2011-04-14 13:15:15',815,NULL),(819,'教练日程查询','','',NULL,'2011-04-14 13:15:15','2011-04-14 13:15:15',815,NULL),(820,'定场地','','','dingchangdi','2011-04-14 13:15:15','2011-04-14 13:15:15',815,NULL),(821,'修改场地','','','xiugaichangdi','2011-04-14 13:15:15','2011-04-14 13:15:15',815,NULL),(822,'结算场地','','','jiesuanchangdi','2011-04-14 13:15:15','2011-04-14 13:15:15',815,NULL),(823,'删除场地','','','shanchuchangdi','2011-04-14 13:15:15','2011-04-14 13:15:15',815,NULL),(824,'商品库存管理','','',NULL,'2011-04-14 13:15:15','2011-04-14 13:15:15',0,NULL),(825,'商品基本信息管理','','',NULL,'2011-04-14 13:15:15','2011-04-14 13:15:15',824,NULL),(826,'商品后台库存管理','','',NULL,'2011-04-14 13:15:15','2011-04-14 13:15:15',824,NULL),(827,'商品前台出库管理','','',NULL,'2011-04-14 13:15:15','2011-04-14 13:15:15',824,NULL),(828,'分析报表','','',NULL,'2011-04-14 13:15:15','2011-04-14 13:15:15',0,NULL),(829,'教练分账报表','','',NULL,'2011-04-14 13:15:15','2011-04-14 13:15:15',828,NULL),(830,'日收入报表','','',NULL,'2011-04-14 13:15:15','2011-04-14 13:15:15',828,NULL),(831,'月收入报表','','',NULL,'2011-04-14 13:15:15','2011-04-14 13:15:15',828,NULL),(832,'会员消费明细','','',NULL,'2011-04-14 13:15:15','2011-04-14 13:15:15',828,NULL),(833,'场地使用率','','',NULL,'2011-04-14 13:15:15','2011-04-14 13:15:15',828,NULL),(834,'消费结算','','',NULL,'2011-04-14 13:15:15','2011-04-14 13:15:15',0,NULL),(835,'场地待结算列表','','',NULL,'2011-04-14 13:15:15','2011-04-14 13:15:15',834,NULL),(836,'场地已结算列表','','',NULL,'2011-04-14 13:15:15','2011-04-14 13:15:15',834,NULL),(837,'购买商品','','',NULL,'2011-04-14 13:15:15','2011-04-14 13:15:15',834,NULL),(838,'权限管理','','',NULL,'2011-04-14 13:15:15','2011-04-14 13:15:15',0,NULL),(839,'用户管理','','',NULL,'2011-04-14 13:15:15','2011-04-14 13:15:15',838,NULL),(840,'部门管理','','',NULL,'2011-04-14 13:15:15','2011-04-14 13:15:15',838,NULL),(841,'连锁店管理','','',NULL,'2011-04-14 13:15:15','2011-04-14 13:15:15',838,NULL),(842,'系统管理','','',NULL,'2011-04-14 13:15:15','2011-04-14 13:15:15',0,NULL),(843,'修改密码','','',NULL,'2011-04-14 13:15:15','2011-04-14 13:15:15',842,NULL),(844,'操作日志','','',NULL,'2011-04-14 13:15:15','2011-04-14 13:15:15',842,NULL),(845,'数据备份','','',NULL,'2011-04-14 13:15:15','2011-04-14 13:15:15',842,NULL),(846,'关于软件','','',NULL,'2011-04-14 13:15:15','2011-04-14 13:15:15',842,NULL),(847,'基础信息管理','','',NULL,'2011-04-14 13:16:08','2011-04-14 13:16:08',0,NULL),(848,'基础信息管理','','',NULL,'2011-04-14 13:16:20','2011-04-14 13:16:20',0,NULL),(849,'时段价格管理','','',NULL,'2011-04-14 13:16:20','2011-04-14 13:16:20',848,NULL),(850,'卡模版管理','','',NULL,'2011-04-14 13:16:20','2011-04-14 13:16:20',848,NULL),(851,'场地管理','','',NULL,'2011-04-14 13:16:20','2011-04-14 13:16:20',848,NULL),(852,'节假日管理','','',NULL,'2011-04-14 13:16:20','2011-04-14 13:16:20',848,NULL),(853,'教练管理','','',NULL,'2011-04-14 13:16:20','2011-04-14 13:16:20',848,NULL),(854,'会员管理','','',NULL,'2011-04-14 13:16:20','2011-04-14 13:16:20',0,NULL),(855,'会员列表','','',NULL,'2011-04-14 13:16:20','2011-04-14 13:16:20',854,NULL),(856,'添加会员','','',NULL,'2011-04-14 13:16:20','2011-04-14 13:16:20',854,NULL),(857,'高级查询','','',NULL,'2011-04-14 13:16:20','2011-04-14 13:16:20',854,NULL),(858,'会员卡管理','','',NULL,'2011-04-14 13:16:20','2011-04-14 13:16:20',0,NULL),(859,'会员卡绑定','','',NULL,'2011-04-14 13:16:20','2011-04-14 13:16:20',858,NULL),(860,'会员卡充值','','',NULL,'2011-04-14 13:16:20','2011-04-14 13:16:20',858,NULL),(861,'授权人管理','','',NULL,'2011-04-14 13:16:20','2011-04-14 13:16:20',858,NULL),(862,'停卡激活管理','','',NULL,'2011-04-14 13:16:20','2011-04-14 13:16:20',858,NULL),(863,'场地预定','','',NULL,'2011-04-14 13:16:20','2011-04-14 13:16:20',0,NULL),(864,'新场地预定','','',NULL,'2011-04-14 13:16:20','2011-04-14 13:16:20',863,NULL),(865,'新场地周期性预定','','',NULL,'2011-04-14 13:16:20','2011-04-14 13:16:20',863,NULL),(866,'场地预定情况查询','','',NULL,'2011-04-14 13:16:20','2011-04-14 13:16:20',863,NULL),(867,'教练日程查询','','',NULL,'2011-04-14 13:16:20','2011-04-14 13:16:20',863,NULL),(868,'定场地','','','dingchangdi','2011-04-14 13:16:20','2011-04-14 13:16:20',863,NULL),(869,'修改场地','','','xiugaichangdi','2011-04-14 13:16:20','2011-04-14 13:16:20',863,NULL),(870,'结算场地','','','jiesuanchangdi','2011-04-14 13:16:20','2011-04-14 13:16:20',863,NULL),(871,'删除场地','','','shanchuchangdi','2011-04-14 13:16:20','2011-04-14 13:16:20',863,NULL),(872,'商品库存管理','','',NULL,'2011-04-14 13:16:20','2011-04-14 13:16:20',0,NULL),(873,'商品基本信息管理','','',NULL,'2011-04-14 13:16:20','2011-04-14 13:16:20',872,NULL),(874,'商品后台库存管理','','',NULL,'2011-04-14 13:16:20','2011-04-14 13:16:20',872,NULL),(875,'商品前台出库管理','','',NULL,'2011-04-14 13:16:20','2011-04-14 13:16:20',872,NULL),(876,'分析报表','','',NULL,'2011-04-14 13:16:20','2011-04-14 13:16:20',0,NULL),(877,'教练分账报表','','',NULL,'2011-04-14 13:16:20','2011-04-14 13:16:20',876,NULL),(878,'日收入报表','','',NULL,'2011-04-14 13:16:20','2011-04-14 13:16:20',876,NULL),(879,'月收入报表','','',NULL,'2011-04-14 13:16:20','2011-04-14 13:16:20',876,NULL),(880,'会员消费明细','','',NULL,'2011-04-14 13:16:20','2011-04-14 13:16:20',876,NULL),(881,'场地使用率','','',NULL,'2011-04-14 13:16:20','2011-04-14 13:16:20',876,NULL),(882,'消费结算','','',NULL,'2011-04-14 13:16:20','2011-04-14 13:16:20',0,NULL),(883,'场地待结算列表','','',NULL,'2011-04-14 13:16:20','2011-04-14 13:16:20',882,NULL),(884,'场地已结算列表','','',NULL,'2011-04-14 13:16:20','2011-04-14 13:16:20',882,NULL),(885,'购买商品','','',NULL,'2011-04-14 13:16:20','2011-04-14 13:16:20',882,NULL),(886,'权限管理','','',NULL,'2011-04-14 13:16:20','2011-04-14 13:16:20',0,NULL),(887,'用户管理','','',NULL,'2011-04-14 13:16:20','2011-04-14 13:16:20',886,NULL),(888,'部门管理','','',NULL,'2011-04-14 13:16:20','2011-04-14 13:16:20',886,NULL),(889,'连锁店管理','','',NULL,'2011-04-14 13:16:20','2011-04-14 13:16:20',886,NULL),(890,'系统管理','','',NULL,'2011-04-14 13:16:20','2011-04-14 13:16:20',0,NULL),(891,'修改密码','','',NULL,'2011-04-14 13:16:20','2011-04-14 13:16:20',890,NULL),(892,'操作日志','','',NULL,'2011-04-14 13:16:20','2011-04-14 13:16:20',890,NULL),(893,'数据备份','','',NULL,'2011-04-14 13:16:20','2011-04-14 13:16:20',890,NULL),(894,'关于软件','','',NULL,'2011-04-14 13:16:20','2011-04-14 13:16:20',890,NULL),(895,'基础信息管理','','',NULL,'2011-04-14 13:18:31','2011-04-14 13:18:31',0,NULL),(896,'时段价格管理','','',NULL,'2011-04-14 13:18:31','2011-04-14 13:18:31',895,NULL),(897,'卡模版管理','','',NULL,'2011-04-14 13:18:31','2011-04-14 13:18:31',895,NULL),(898,'场地管理','','',NULL,'2011-04-14 13:18:31','2011-04-14 13:18:31',895,NULL),(899,'节假日管理','','',NULL,'2011-04-14 13:18:31','2011-04-14 13:18:31',895,NULL),(900,'教练管理','','',NULL,'2011-04-14 13:18:31','2011-04-14 13:18:31',895,NULL),(901,'会员管理','','',NULL,'2011-04-14 13:18:31','2011-04-14 13:18:31',0,NULL),(902,'会员列表','','',NULL,'2011-04-14 13:18:31','2011-04-14 13:18:31',901,NULL),(903,'添加会员','','',NULL,'2011-04-14 13:18:31','2011-04-14 13:18:31',901,NULL),(904,'高级查询','','',NULL,'2011-04-14 13:18:31','2011-04-14 13:18:31',901,NULL),(905,'会员卡管理','','',NULL,'2011-04-14 13:18:31','2011-04-14 13:18:31',0,NULL),(906,'会员卡绑定','','',NULL,'2011-04-14 13:18:31','2011-04-14 13:18:31',905,NULL),(907,'会员卡充值','','',NULL,'2011-04-14 13:18:31','2011-04-14 13:18:31',905,NULL),(908,'授权人管理','','',NULL,'2011-04-14 13:18:31','2011-04-14 13:18:31',905,NULL),(909,'停卡激活管理','','',NULL,'2011-04-14 13:18:31','2011-04-14 13:18:31',905,NULL),(910,'场地预定','','',NULL,'2011-04-14 13:18:31','2011-04-14 13:18:31',0,NULL),(911,'新场地预定','','',NULL,'2011-04-14 13:18:32','2011-04-14 13:18:32',910,NULL),(912,'新场地周期性预定','','',NULL,'2011-04-14 13:18:32','2011-04-14 13:18:32',910,NULL),(913,'场地预定情况查询','','',NULL,'2011-04-14 13:18:32','2011-04-14 13:18:32',910,NULL),(914,'教练日程查询','','',NULL,'2011-04-14 13:18:32','2011-04-14 13:18:32',910,NULL),(915,'定场地','','','dingchangdi','2011-04-14 13:18:32','2011-04-14 13:18:32',910,NULL),(916,'修改场地','','','xiugaichangdi','2011-04-14 13:18:32','2011-04-14 13:18:32',910,NULL),(917,'结算场地','','','jiesuanchangdi','2011-04-14 13:18:32','2011-04-14 13:18:32',910,NULL),(918,'删除场地','','','shanchuchangdi','2011-04-14 13:18:32','2011-04-14 13:18:32',910,NULL),(919,'商品库存管理','','',NULL,'2011-04-14 13:18:32','2011-04-14 13:18:32',0,NULL),(920,'商品基本信息管理','','',NULL,'2011-04-14 13:18:32','2011-04-14 13:18:32',919,NULL),(921,'商品后台库存管理','','',NULL,'2011-04-14 13:18:32','2011-04-14 13:18:32',919,NULL),(922,'商品前台出库管理','','',NULL,'2011-04-14 13:18:32','2011-04-14 13:18:32',919,NULL),(923,'分析报表','','',NULL,'2011-04-14 13:18:32','2011-04-14 13:18:32',0,NULL),(924,'教练分账报表','','',NULL,'2011-04-14 13:18:32','2011-04-14 13:18:32',923,NULL),(925,'日收入报表','','',NULL,'2011-04-14 13:18:32','2011-04-14 13:18:32',923,NULL),(926,'月收入报表','','',NULL,'2011-04-14 13:18:32','2011-04-14 13:18:32',923,NULL),(927,'会员消费明细','','',NULL,'2011-04-14 13:18:32','2011-04-14 13:18:32',923,NULL),(928,'场地使用率','','',NULL,'2011-04-14 13:18:32','2011-04-14 13:18:32',923,NULL),(929,'消费结算','','',NULL,'2011-04-14 13:18:32','2011-04-14 13:18:32',0,NULL),(930,'场地待结算列表','','',NULL,'2011-04-14 13:18:32','2011-04-14 13:18:32',929,NULL),(931,'场地已结算列表','','',NULL,'2011-04-14 13:18:32','2011-04-14 13:18:32',929,NULL),(932,'购买商品','','',NULL,'2011-04-14 13:18:32','2011-04-14 13:18:32',929,NULL),(933,'权限管理','','',NULL,'2011-04-14 13:18:32','2011-04-14 13:18:32',0,NULL),(934,'用户管理','','',NULL,'2011-04-14 13:18:32','2011-04-14 13:18:32',933,NULL),(935,'部门管理','','',NULL,'2011-04-14 13:18:32','2011-04-14 13:18:32',933,NULL),(936,'连锁店管理','','',NULL,'2011-04-14 13:18:32','2011-04-14 13:18:32',933,NULL),(937,'系统管理','','',NULL,'2011-04-14 13:18:32','2011-04-14 13:18:32',0,NULL),(938,'修改密码','','',NULL,'2011-04-14 13:18:32','2011-04-14 13:18:32',937,NULL),(939,'操作日志','','',NULL,'2011-04-14 13:18:32','2011-04-14 13:18:32',937,NULL),(940,'数据备份','','',NULL,'2011-04-14 13:18:32','2011-04-14 13:18:32',937,NULL),(941,'关于软件','','',NULL,'2011-04-14 13:18:32','2011-04-14 13:18:32',937,NULL),(942,'基础信息管理','','',NULL,'2011-04-14 13:20:32','2011-04-14 13:20:32',0,NULL),(943,'基础信息管理','','',NULL,'2011-04-14 13:20:41','2011-04-14 13:20:41',0,NULL),(1023,'会员消费明细','','',NULL,'2011-04-14 13:30:14','2011-04-14 13:30:14',1019,1),(1024,'场地使用率','','',NULL,'2011-04-14 13:30:14','2011-04-14 13:30:14',1019,1),(1027,'场地已结算列表','','',NULL,'2011-04-14 13:30:14','2011-04-14 13:30:14',1025,1),(1026,'场地待结算列表','','',NULL,'2011-04-14 13:30:14','2011-04-14 13:30:14',1025,1),(1025,'消费结算','','',NULL,'2011-04-14 13:30:14','2011-04-14 13:30:14',0,1),(1021,'日收入报表','','',NULL,'2011-04-14 13:30:14','2011-04-14 13:30:14',1019,1),(1022,'月收入报表','','',NULL,'2011-04-14 13:30:14','2011-04-14 13:30:14',1019,1),(1017,'商品后台库存管理','','',NULL,'2011-04-14 13:30:14','2011-04-14 13:30:14',1015,1),(1016,'商品基本信息管理','','',NULL,'2011-04-14 13:30:14','2011-04-14 13:30:14',1015,1),(1020,'教练分账报表','','',NULL,'2011-04-14 13:30:14','2011-04-14 13:30:14',1019,1),(1019,'分析报表','','',NULL,'2011-04-14 13:30:14','2011-04-14 13:30:14',0,1),(1018,'商品前台出库管理','','',NULL,'2011-04-14 13:30:14','2011-04-14 13:30:14',1015,1),(1009,'场地预定情况查询','','',NULL,'2011-04-14 13:30:14','2011-04-14 13:30:14',1006,1),(1015,'商品库存管理','','',NULL,'2011-04-14 13:30:14','2011-04-14 13:30:14',0,1),(1014,'删除场地','','','shanchuchangdi','2011-04-14 13:30:14','2011-04-14 13:30:14',1006,1),(1013,'结算场地','','','jiesuanchangdi','2011-04-14 13:30:14','2011-04-14 13:30:14',1006,1),(1012,'修改场地','','','xiugaichangdi','2011-04-14 13:30:14','2011-04-14 13:30:14',1006,1),(1011,'定场地','','','dingchangdi','2011-04-14 13:30:14','2011-04-14 13:30:14',1006,1),(1010,'教练日程查询','','',NULL,'2011-04-14 13:30:14','2011-04-14 13:30:14',1006,1),(1006,'场地预定','','',NULL,'2011-04-14 13:30:14','2011-04-14 13:30:14',0,1),(1007,'新场地预定','','',NULL,'2011-04-14 13:30:14','2011-04-14 13:30:14',1006,1),(1008,'新场地周期性预定','','',NULL,'2011-04-14 13:30:14','2011-04-14 13:30:14',1006,1),(1000,'高级查询','','',NULL,'2011-04-14 13:30:14','2011-04-14 13:30:14',997,1),(1001,'会员卡管理','','',NULL,'2011-04-14 13:30:14','2011-04-14 13:30:14',0,1),(1005,'停卡激活管理','','',NULL,'2011-04-14 13:30:14','2011-04-14 13:30:14',1001,1),(1004,'授权人管理','','',NULL,'2011-04-14 13:30:14','2011-04-14 13:30:14',1001,1),(1003,'会员卡充值','','',NULL,'2011-04-14 13:30:14','2011-04-14 13:30:14',1001,1),(1002,'会员卡绑定','','',NULL,'2011-04-14 13:30:14','2011-04-14 13:30:14',1001,1),(997,'会员管理','','',NULL,'2011-04-14 13:30:14','2011-04-14 13:30:14',0,1),(998,'会员列表','','',NULL,'2011-04-14 13:30:14','2011-04-14 13:30:14',997,1),(999,'添加会员','','',NULL,'2011-04-14 13:30:14','2011-04-14 13:30:14',997,1),(994,'场地管理','','',NULL,'2011-04-14 13:30:14','2011-04-14 13:30:14',991,1),(995,'节假日管理','','',NULL,'2011-04-14 13:30:14','2011-04-14 13:30:14',991,1),(996,'教练管理','','',NULL,'2011-04-14 13:30:14','2011-04-14 13:30:14',991,1),(991,'基础信息管理','','',NULL,'2011-04-14 13:30:14','2011-04-14 13:30:14',0,1),(993,'卡模版管理','','',NULL,'2011-04-14 13:30:14','2011-04-14 13:30:14',991,1),(992,'时段价格管理','','',NULL,'2011-04-14 13:30:14','2011-04-14 13:30:14',991,1),(1028,'购买商品','','',NULL,'2011-04-14 13:30:14','2011-04-14 13:30:14',1025,1),(1029,'权限管理','','',NULL,'2011-04-14 13:30:14','2011-04-14 13:30:14',0,1),(1030,'用户管理','','',NULL,'2011-04-14 13:30:14','2011-04-14 13:30:14',1029,1),(1031,'部门管理','','',NULL,'2011-04-14 13:30:14','2011-04-14 13:30:14',1029,1),(1032,'连锁店管理','','',NULL,'2011-04-14 13:30:14','2011-04-14 13:30:14',1029,1),(1033,'系统管理','','',NULL,'2011-04-14 13:30:14','2011-04-14 13:30:14',0,1),(1034,'修改密码','','',NULL,'2011-04-14 13:30:14','2011-04-14 13:30:14',1033,1),(1035,'操作日志','','',NULL,'2011-04-14 13:30:14','2011-04-14 13:30:14',1033,1),(1036,'数据备份','','',NULL,'2011-04-14 13:30:14','2011-04-14 13:30:14',1033,1),(1037,'关于软件','','',NULL,'2011-04-14 13:30:14','2011-04-14 13:30:14',1033,1);
/*!40000 ALTER TABLE `powers` ENABLE KEYS */;
UNLOCK TABLES;

--
-- Table structure for table `recharge_records`
--

DROP TABLE IF EXISTS `recharge_records`;
/*!40101 SET @saved_cs_client     = @@character_set_client */;
/*!40101 SET character_set_client = utf8 */;
CREATE TABLE `recharge_records` (
  `id` int(11) NOT NULL AUTO_INCREMENT,
  `member_id` int(11) NOT NULL,
  `member_card_id` int(11) NOT NULL,
  `recharge_fee` decimal(10,2) DEFAULT '0.00',
  `recharge_times` int(11) DEFAULT '0',
  `created_at` datetime DEFAULT NULL,
  `updated_at` datetime DEFAULT NULL,
  `recharge_person` int(11) DEFAULT NULL,
  PRIMARY KEY (`id`)
) ENGINE=MyISAM AUTO_INCREMENT=52 DEFAULT CHARSET=utf8;
/*!40101 SET character_set_client = @saved_cs_client */;

--
-- Dumping data for table `recharge_records`
--

LOCK TABLES `recharge_records` WRITE;
/*!40000 ALTER TABLE `recharge_records` DISABLE KEYS */;
INSERT INTO `recharge_records` VALUES (1,1,1,'5000.00',0,'2011-01-24 06:38:30','2011-01-24 06:38:30',NULL),(2,2,2,'10000.00',0,'2011-01-24 06:39:09','2011-01-24 06:39:09',NULL),(3,3,3,'18000.00',0,'2011-01-24 06:39:27','2011-01-24 06:39:27',NULL),(4,4,4,'50000.00',0,'2011-01-24 06:39:45','2011-01-24 06:39:45',NULL),(5,5,5,'1000.00',0,'2011-01-24 06:40:03','2011-01-24 06:40:03',NULL),(6,5,5,'0.00',0,'2011-01-24 06:40:28','2011-01-24 06:40:28',NULL),(7,7,6,'10000.00',0,'2011-01-24 06:40:58','2011-01-24 06:40:58',NULL),(8,8,7,'10000.00',0,'2011-01-24 06:41:23','2011-01-24 06:41:23',NULL),(9,10,8,'500000.00',0,'2011-01-24 06:41:47','2011-01-24 06:41:47',NULL),(10,11,9,'0.00',0,'2011-01-24 06:42:06','2011-01-24 06:42:06',NULL),(11,12,10,'0.00',0,'2011-01-24 06:42:30','2011-01-24 06:42:30',NULL),(12,12,10,'0.00',0,'2011-01-24 06:42:40','2011-01-24 06:42:40',NULL),(13,12,10,'-1000.00',0,'2011-01-24 06:42:50','2011-01-24 06:42:50',NULL),(14,12,10,'10000.00',0,'2011-01-24 06:43:00','2011-01-24 06:43:00',NULL),(15,12,10,'-9000.00',0,'2011-01-24 06:43:23','2011-01-24 06:43:23',NULL),(16,1,13,'10000.00',0,'2011-01-24 06:44:52','2011-01-24 06:44:52',NULL),(17,1,13,'-5000.00',0,'2011-01-24 06:45:05','2011-01-24 06:45:05',NULL),(18,1,1,'0.00',0,'2011-01-24 06:46:41','2011-01-24 06:46:41',NULL),(19,1,13,'0.00',0,'2011-01-24 06:47:04','2011-01-24 06:47:04',NULL),(20,1,13,'0.00',0,'2011-01-24 06:47:12','2011-01-24 06:47:12',NULL),(21,9,12,'5000.00',0,'2011-01-24 07:22:29','2011-01-24 07:22:29',NULL),(22,5,5,'5000.00',0,'2011-01-24 07:26:06','2011-01-24 07:26:06',NULL),(23,14,15,'1000.00',0,'2011-01-24 08:14:02','2011-01-24 08:14:02',NULL),(24,18,21,'5000.00',0,'2011-01-24 08:26:04','2011-01-24 08:26:04',NULL),(25,18,21,'-1000.00',0,'2011-01-24 08:26:19','2011-01-24 08:26:19',NULL),(26,15,17,'10000.00',0,'2011-01-24 08:28:14','2011-01-24 08:28:14',NULL),(27,15,17,'0.00',0,'2011-01-24 08:28:27','2011-01-24 08:28:27',NULL),(28,15,17,'0.00',0,'2011-01-24 08:29:26','2011-01-24 08:29:26',NULL),(29,28,27,'3000.00',0,'2011-02-15 06:04:24','2011-02-15 06:04:24',NULL),(30,26,26,'5000.00',0,'2011-02-17 05:44:09','2011-02-17 05:44:09',NULL),(31,30,33,'1000.00',0,'2011-02-25 02:03:35','2011-02-25 02:03:35',NULL),(32,26,26,'1000.00',0,'2011-03-11 07:41:13','2011-03-11 07:41:13',NULL),(33,33,36,'3000.00',0,'2011-03-14 07:15:43','2011-03-14 07:15:43',NULL),(34,33,36,'-1000.00',0,'2011-03-14 07:16:00','2011-03-14 07:16:00',NULL),(35,33,38,'-1000.00',0,'2011-03-21 02:41:52','2011-03-21 02:41:52',NULL),(36,33,38,'400.00',0,'2011-03-21 02:51:16','2011-03-21 02:51:16',NULL),(37,34,39,'2000.00',0,'2011-03-23 01:55:39','2011-03-23 01:55:39',NULL),(38,34,41,'7000.00',0,'2011-03-23 02:34:24','2011-03-23 02:34:24',NULL),(39,29,30,'0.00',0,'2011-03-23 02:43:37','2011-03-23 02:43:37',NULL),(40,29,32,'2000.00',0,'2011-03-23 02:51:32','2011-03-23 02:51:32',NULL),(41,38,42,'10000.00',0,'2011-04-05 02:13:12','2011-04-05 02:13:12',NULL),(42,38,43,'3000.00',0,'2011-04-05 03:01:09','2011-04-05 03:01:09',NULL),(43,38,43,'0.00',0,'2011-04-05 03:01:33','2011-04-05 03:01:33',NULL),(44,38,43,'0.00',0,'2011-04-05 03:02:47','2011-04-05 03:02:47',NULL),(45,38,43,'2000.00',0,'2011-04-05 03:03:19','2011-04-05 03:03:19',NULL),(46,38,43,'200.00',0,'2011-04-05 03:08:18','2011-04-05 03:08:18',NULL),(47,38,43,'1000.00',20,'2011-04-05 03:12:05','2011-04-05 03:12:05',NULL),(48,38,43,'100.00',0,'2011-04-05 04:03:32','2011-04-05 04:03:32',NULL),(49,38,43,'100.00',1,'2011-04-05 04:04:12','2011-04-05 04:04:12',NULL),(50,38,43,'100.00',1,'2011-04-05 04:12:41','2011-04-05 04:12:41',NULL),(51,38,43,'100.00',1,'2011-04-05 04:17:09','2011-04-05 04:17:09',1);
/*!40000 ALTER TABLE `recharge_records` ENABLE KEYS */;
UNLOCK TABLES;

--
-- Table structure for table `schema_migrations`
--

DROP TABLE IF EXISTS `schema_migrations`;
/*!40101 SET @saved_cs_client     = @@character_set_client */;
/*!40101 SET character_set_client = utf8 */;
CREATE TABLE `schema_migrations` (
  `version` varchar(255) COLLATE utf8_unicode_ci NOT NULL,
  UNIQUE KEY `unique_schema_migrations` (`version`)
) ENGINE=InnoDB DEFAULT CHARSET=utf8 COLLATE=utf8_unicode_ci;
/*!40101 SET character_set_client = @saved_cs_client */;

--
-- Dumping data for table `schema_migrations`
--

LOCK TABLES `schema_migrations` WRITE;
/*!40000 ALTER TABLE `schema_migrations` DISABLE KEYS */;
INSERT INTO `schema_migrations` VALUES ('20100617082734'),('20100617082739'),('20100617082910'),('20100617084315'),('20100617084818'),('20100617171134'),('20100617171355'),('20100621173352'),('20100621173420'),('20100621173437'),('20100623150354'),('20100625051103'),('20100626083806'),('20100627001033'),('20100627002436'),('20100627002706'),('20100627173455'),('20100628145059'),('20100629163341'),('20100629170507'),('20100705165648'),('20100706141404'),('20100707171931'),('20100709142152'),('20100713230008'),('20100713230044'),('20100713230115'),('20100722160946'),('20100722162050'),('20100808042050'),('20100815143901'),('20100821075058'),('20100822093159'),('20100904134225'),('20100905094709'),('20100905094757'),('20100905094840'),('20101014153158'),('20101020151513'),('20101020151544'),('20101024112235'),('20101024134105'),('20101107132239'),('20101109135506'),('20101109144654'),('20101205024912'),('20101205025103'),('20101226055414'),('20101229154424'),('20110108044310'),('20110305090016'),('20110320134206'),('20110329144849'),('20110405041521'),('20110405104643'),('20110405145327'),('20110405155459'),('20110407142854'),('20110407151945'),('20110409053043'),('20110409055852'),('20110409060743'),('20110409084417'),('20110409155531'),('20110410021251'),('20110410021944'),('20110410031247');
/*!40000 ALTER TABLE `schema_migrations` ENABLE KEYS */;
UNLOCK TABLES;

--
-- Table structure for table `sessions`
--

DROP TABLE IF EXISTS `sessions`;
/*!40101 SET @saved_cs_client     = @@character_set_client */;
/*!40101 SET character_set_client = utf8 */;
CREATE TABLE `sessions` (
  `id` int(11) NOT NULL AUTO_INCREMENT,
  `session_id` varchar(255) NOT NULL,
  `data` text,
  `created_at` datetime DEFAULT NULL,
  `updated_at` datetime DEFAULT NULL,
  PRIMARY KEY (`id`),
  KEY `index_sessions_on_session_id` (`session_id`),
  KEY `index_sessions_on_updated_at` (`updated_at`)
) ENGINE=MyISAM DEFAULT CHARSET=utf8;
/*!40101 SET character_set_client = @saved_cs_client */;

--
-- Dumping data for table `sessions`
--

LOCK TABLES `sessions` WRITE;
/*!40000 ALTER TABLE `sessions` DISABLE KEYS */;
/*!40000 ALTER TABLE `sessions` ENABLE KEYS */;
UNLOCK TABLES;

--
-- Table structure for table `user_powers`
--

DROP TABLE IF EXISTS `user_powers`;
/*!40101 SET @saved_cs_client     = @@character_set_client */;
/*!40101 SET character_set_client = utf8 */;
CREATE TABLE `user_powers` (
  `id` int(11) NOT NULL AUTO_INCREMENT,
  `user_id` int(11) NOT NULL,
  `power_id` int(11) NOT NULL,
  `created_at` datetime DEFAULT NULL,
  `updated_at` datetime DEFAULT NULL,
  PRIMARY KEY (`id`)
) ENGINE=MyISAM AUTO_INCREMENT=343 DEFAULT CHARSET=utf8;
/*!40101 SET character_set_client = @saved_cs_client */;

--
-- Dumping data for table `user_powers`
--

LOCK TABLES `user_powers` WRITE;
/*!40000 ALTER TABLE `user_powers` DISABLE KEYS */;
INSERT INTO `user_powers` VALUES (1,1,499,'2011-03-31 14:54:44','2011-03-31 14:54:44'),(23,10,506,'2011-03-31 14:57:22','2011-03-31 14:57:22'),(22,10,505,'2011-03-31 14:57:22','2011-03-31 14:57:22'),(21,10,504,'2011-03-31 14:57:22','2011-03-31 14:57:22'),(20,10,503,'2011-03-31 14:57:22','2011-03-31 14:57:22'),(19,10,502,'2011-03-31 14:57:22','2011-03-31 14:57:22'),(18,10,501,'2011-03-31 14:57:22','2011-03-31 14:57:22'),(17,10,500,'2011-03-31 14:57:22','2011-03-31 14:57:22'),(16,10,499,'2011-03-31 14:57:22','2011-03-31 14:57:22'),(24,10,508,'2011-03-31 14:57:22','2011-03-31 14:57:22'),(27,2,503,'2011-03-31 14:58:05','2011-03-31 14:58:05'),(336,1,1031,'2011-04-14 13:30:14','2011-04-14 13:30:14'),(335,1,1030,'2011-04-14 13:30:14','2011-04-14 13:30:14'),(333,1,1028,'2011-04-14 13:30:14','2011-04-14 13:30:14'),(331,1,993,'2011-04-14 13:30:14','2011-04-14 13:30:14'),(329,1,996,'2011-04-14 13:30:14','2011-04-14 13:30:14'),(327,1,994,'2011-04-14 13:30:14','2011-04-14 13:30:14'),(325,1,998,'2011-04-14 13:30:14','2011-04-14 13:30:14'),(323,1,1002,'2011-04-14 13:30:14','2011-04-14 13:30:14'),(321,1,1004,'2011-04-14 13:30:14','2011-04-14 13:30:14'),(319,1,1001,'2011-04-14 13:30:14','2011-04-14 13:30:14'),(313,1,1011,'2011-04-14 13:30:14','2011-04-14 13:30:14'),(311,1,1013,'2011-04-14 13:30:14','2011-04-14 13:30:14'),(309,1,1015,'2011-04-14 13:30:14','2011-04-14 13:30:14'),(307,1,1018,'2011-04-14 13:30:14','2011-04-14 13:30:14'),(302,1,1022,'2011-04-14 13:30:14','2011-04-14 13:30:14'),(300,1,1025,'2011-04-14 13:30:14','2011-04-14 13:30:14'),(298,1,1027,'2011-04-14 13:30:14','2011-04-14 13:30:14'),(296,1,1023,'2011-04-14 13:30:14','2011-04-14 13:30:14'),(305,1,1020,'2011-04-14 13:30:14','2011-04-14 13:30:14'),(317,1,1008,'2011-04-14 13:30:14','2011-04-14 13:30:14'),(315,1,1006,'2011-04-14 13:30:14','2011-04-14 13:30:14'),(337,1,1032,'2011-04-14 13:30:14','2011-04-14 13:30:14'),(339,1,1034,'2011-04-14 13:30:14','2011-04-14 13:30:14'),(341,1,1036,'2011-04-14 13:30:14','2011-04-14 13:30:14'),(303,1,1017,'2011-04-14 13:30:14','2011-04-14 13:30:14'),(297,1,1024,'2011-04-14 13:30:14','2011-04-14 13:30:14'),(299,1,1026,'2011-04-14 13:30:14','2011-04-14 13:30:14'),(301,1,1021,'2011-04-14 13:30:14','2011-04-14 13:30:14'),(304,1,1016,'2011-04-14 13:30:14','2011-04-14 13:30:14'),(306,1,1019,'2011-04-14 13:30:14','2011-04-14 13:30:14'),(308,1,1009,'2011-04-14 13:30:14','2011-04-14 13:30:14'),(310,1,1014,'2011-04-14 13:30:14','2011-04-14 13:30:14'),(312,1,1012,'2011-04-14 13:30:14','2011-04-14 13:30:14'),(314,1,1010,'2011-04-14 13:30:14','2011-04-14 13:30:14'),(316,1,1007,'2011-04-14 13:30:14','2011-04-14 13:30:14'),(318,1,1000,'2011-04-14 13:30:14','2011-04-14 13:30:14'),(320,1,1005,'2011-04-14 13:30:14','2011-04-14 13:30:14'),(322,1,1003,'2011-04-14 13:30:14','2011-04-14 13:30:14'),(324,1,997,'2011-04-14 13:30:14','2011-04-14 13:30:14'),(326,1,999,'2011-04-14 13:30:14','2011-04-14 13:30:14'),(328,1,995,'2011-04-14 13:30:14','2011-04-14 13:30:14'),(330,1,991,'2011-04-14 13:30:14','2011-04-14 13:30:14'),(332,1,992,'2011-04-14 13:30:14','2011-04-14 13:30:14'),(334,1,1029,'2011-04-14 13:30:14','2011-04-14 13:30:14'),(338,1,1033,'2011-04-14 13:30:14','2011-04-14 13:30:14'),(340,1,1035,'2011-04-14 13:30:14','2011-04-14 13:30:14'),(342,1,1037,'2011-04-14 13:30:14','2011-04-14 13:30:14');
/*!40000 ALTER TABLE `user_powers` ENABLE KEYS */;
UNLOCK TABLES;

--
-- Table structure for table `users`
--

DROP TABLE IF EXISTS `users`;
/*!40101 SET @saved_cs_client     = @@character_set_client */;
/*!40101 SET character_set_client = utf8 */;
CREATE TABLE `users` (
  `id` int(11) NOT NULL AUTO_INCREMENT,
  `created_at` datetime DEFAULT NULL,
  `updated_at` datetime DEFAULT NULL,
  `user_name` varchar(255) NOT NULL DEFAULT '',
  `login` varchar(255) NOT NULL,
  `crypted_password` varchar(255) NOT NULL,
  `password_salt` varchar(255) NOT NULL,
  `persistence_token` varchar(255) NOT NULL,
  `login_count` int(11) NOT NULL DEFAULT '0',
  `last_request_at` datetime DEFAULT NULL,
  `last_login_at` datetime DEFAULT NULL,
  `current_login_at` datetime DEFAULT NULL,
  `last_login_ip` varchar(255) DEFAULT NULL,
  `current_login_ip` varchar(255) DEFAULT NULL,
  `catena_id` int(11) NOT NULL DEFAULT '0',
  `status` int(11) DEFAULT '1',
  `user_name_pinyin` varchar(255) DEFAULT NULL,
  PRIMARY KEY (`id`),
  KEY `index_users_on_login` (`login`),
  KEY `index_users_on_persistence_token` (`persistence_token`),
  KEY `index_users_on_last_request_at` (`last_request_at`)
) ENGINE=MyISAM AUTO_INCREMENT=13 DEFAULT CHARSET=utf8;
/*!40101 SET character_set_client = @saved_cs_client */;

--
-- Dumping data for table `users`
--

LOCK TABLES `users` WRITE;
/*!40000 ALTER TABLE `users` DISABLE KEYS */;
INSERT INTO `users` VALUES (1,'2011-01-16 09:06:14','2011-04-16 02:06:25','dsd22','admin','a21c04411df8c234ec75624161e18169ae509fe21a7b573cfb8333f6a22384c39bb2e5045ec783bd1b7db64327158fdc4c07891379dd300335e87111200e10d2','i_HVMczE-f2zRANKGn_t','3b1c460e85e5f5386a1af9a9da2614b6752be6fd89e8e14c9b8bbe89216c2f3eb2aa66bb4c95530bc5e7f4e3c9c3a6a323c6ab1f046f036f923a8401821378bf',75,'2011-04-16 02:06:25','2011-04-16 01:25:38','2011-04-16 01:26:22','127.0.0.1','127.0.0.1',1,1,'dsd22'),(2,'2011-03-05 07:31:45','2011-04-09 13:33:51','李际洋','李际洋','2f24ae9f945b40a8609ca7bfd9454fb2b8b79120cf34e2c8d06eaa81124c3f367d81366ac6481ef9afbe7d9b286bbfce6e953352f135d30fdab2f7654c4a4eae','2xvbpvZakcF_rFX8S3bl','645a083b1048ff2543a373abefe987d912968d9a5715ba9e634b427319eed692ff6d5de6674e5ce86deb992767f53b0eabfb119cbbbf98ba5439ccdb9d1318bd',0,NULL,NULL,NULL,NULL,NULL,1,1,'lijiyang'),(3,'2011-03-05 07:32:32','2011-04-09 14:06:07','王思文','王思文','7bf38d1c85489b660dd8ac928c2d8e79fd211289d0ef50b0eb66f01699342dbc91b06aa730068ed1ecf614b87a34f05802ab679ecebb8ec2dfbeefeecf22a268','1sx9ceubRzltwP5g51xS','53fed4e75305f55d6c867f9184416927a0890f584921eb81c2e11594b5eb65f3989950cf815b4bb1ee68e58fa6c9036f62fdce3da27983c31b8d165078638067',0,NULL,NULL,NULL,NULL,NULL,1,1,'wangsiwen'),(4,'2011-03-15 06:17:45','2011-04-09 14:26:47','','xiaoguan','bbb017dfb99a2d7411b017f42028e1dc9bda75aac86bdf4d49649f62793b32ac9a962a86918d7bb9d26541d1a58adc95d835e9a3511d85c20e5175140c3ec99e','83hiJfnV0F24hWvWWZNc','f99bba74a2ba0c775db43d4dbf5fd58a827474ea901707f70b59193613bdcf37796390ad9b3f650d2bbf7f9c8a37727b1528e7356136ff6c8e7017dbcb9745ab',1,'2011-03-30 06:10:50',NULL,'2011-03-15 06:17:55',NULL,'192.168.1.222',1,1,''),(5,'2011-03-30 09:55:39','2011-04-10 02:39:02','','xcm','0c2cbc420b29e219a79304ce874389b04ffb59978511a6c5b5230bad108104918b27ed6c4fe617de5970039930f4b3a5b207902999bf95f2d1987c2a4c13b4ed','IZEn713M1ezAaPXNxLsy','05c48a6ce1d6f5670a4d9f060107547f80a6f2e611b1f2c61bd0ce356dd9f1c7bf444a6eaa21f96ab58543b424f86ad00d67d9cd6bef4054a11bd6564d0975ed',6,'2011-04-10 02:39:02','2011-04-10 02:38:56','2011-04-10 02:39:02','127.0.0.1','127.0.0.1',1,1,''),(6,'2011-03-31 14:38:59','2011-03-31 14:38:59','zmm','zmm','4cd23996c61145eb82bcb253335e17f16e781a35740a214884c126ee4c4758c674caf83ac89c4e86fc6a4de34ac3f25d952a6149a4b27dc2a38eaf2334e83f65','gqi8-1hHcmzdPraa1sKz','eebad5b143eaa134873fe98aaf844966ba1da549210895c25609898940403bc61c31a0049c05af010903b8ce16f97937af119314b0be1a47e1734d51412513c4',0,NULL,NULL,NULL,NULL,NULL,0,1,NULL),(9,'2011-03-31 14:55:36','2011-03-31 14:55:36','sdw','xasa','e6942f7f872216e4bf406ba41cd6ed856be505b30d1824a70f6d8522d76cd3a5352a2534cbe28289020a1f6da1194b542682f48c07f627c047734eae45b82946','u3OJReLF6AQj1H1TjOBG','ed48015cad1e6458dc9f49505ac4a76e7c4e45c1edc0d611ebe42319362dabb69dcf8dee88b11d8f52369dda67d1fd2a33b68c95c37e60db9057d018989f4649',0,NULL,NULL,NULL,NULL,NULL,0,1,NULL),(10,'2011-03-31 14:56:59','2011-03-31 14:56:59','sdw','xasaww','91ae6f3682e2f89840328c0dd2880d236626dca5cf1984f0bc219ad7c3ccbad7feda06f6f7454619d156a5ade7c44e8b43cc573af36203256da5b256f88eca01','C03fUTE14WvoFAk1LV1F','fe3b1e29200e4f34367c192fa4d666e9087ec3b18c4d659866a0ae2af5a6daa6e6637f8b22ac1828aaeb68bfcb1c2bba0434c986454e703a715cbfd3e81fdd5b',0,NULL,NULL,NULL,NULL,NULL,0,1,NULL),(11,'2011-04-10 02:31:43','2011-04-10 02:31:43','111','分店二用户','04a6a06f80cb179c9909dee317eb282e746d47ce0ad1cda26df0175f89641ef2078e99ee2f7efe86013adb9fd8e2e3e3d4d74580dcfcd6425319ddda489776ed','SAzSECuXFT7pPYAYT68s','0799022e2a20372aa475fbd2a7ce014c4058b62c21b9965fca5fa35bc8ebb198ebdf317589452b24fff47d9c00c949a16b7f26f383cb23023d5054459b96a2ae',0,NULL,NULL,NULL,NULL,NULL,0,1,'111'),(12,'2011-04-10 02:33:57','2011-04-10 02:33:57','dsd','分店２用户','2c67413f8ef0b7c885ffc7e0ad7220eb53cae6e2f0f8dc416ae2e9393fd4373a7c7cca30ba1a0128513cfcea600eae048e0ae17ae8adfb04c1e17b2d74438149','XfTOj5zjZzjCIg1lzYXW','eff40987029931317a51c0ce4b309018244acf4721d876a6df78aa871ea307bc063744de206fe3e8400d6cb11a45c0c8a43e670704685d5cf830d637a1a63d74',0,NULL,NULL,NULL,NULL,NULL,2,1,'dsd');
/*!40000 ALTER TABLE `users` ENABLE KEYS */;
UNLOCK TABLES;

--
-- Table structure for table `vacations`
--

DROP TABLE IF EXISTS `vacations`;
/*!40101 SET @saved_cs_client     = @@character_set_client */;
/*!40101 SET character_set_client = utf8 */;
CREATE TABLE `vacations` (
  `id` int(11) NOT NULL AUTO_INCREMENT,
  `start_date` datetime NOT NULL,
  `end_date` datetime NOT NULL,
  `name` varchar(255) NOT NULL,
  `created_at` datetime DEFAULT NULL,
  `updated_at` datetime DEFAULT NULL,
  `status` int(11) DEFAULT '1',
  PRIMARY KEY (`id`)
) ENGINE=MyISAM AUTO_INCREMENT=6 DEFAULT CHARSET=utf8;
/*!40101 SET character_set_client = @saved_cs_client */;

--
-- Dumping data for table `vacations`
--

LOCK TABLES `vacations` WRITE;
/*!40000 ALTER TABLE `vacations` DISABLE KEYS */;
INSERT INTO `vacations` VALUES (1,'2011-01-01 00:00:00','2011-01-03 00:00:00','2011年元旦','2011-01-19 07:17:43','2011-03-05 05:24:40',1),(2,'2011-02-01 00:00:00','2011-02-04 00:00:00','2011年春节','2011-01-24 08:18:56','2011-03-05 05:24:17',1),(3,'2011-02-16 00:00:00','2011-02-16 00:00:00','2011年春节平日','2011-02-15 06:12:01','2011-03-05 05:25:16',0),(4,'2011-05-01 00:00:00','2011-05-08 00:00:00','2011年五一劳动节','2011-02-25 02:32:06','2011-03-05 05:25:48',1),(5,'2011-03-22 00:00:00','2011-03-24 00:00:00','春季休息','2011-03-21 02:36:38','2011-03-21 02:36:38',1);
/*!40000 ALTER TABLE `vacations` ENABLE KEYS */;
UNLOCK TABLES;
/*!40103 SET TIME_ZONE=@OLD_TIME_ZONE */;

/*!40101 SET SQL_MODE=@OLD_SQL_MODE */;
/*!40014 SET FOREIGN_KEY_CHECKS=@OLD_FOREIGN_KEY_CHECKS */;
/*!40014 SET UNIQUE_CHECKS=@OLD_UNIQUE_CHECKS */;
/*!40101 SET CHARACTER_SET_CLIENT=@OLD_CHARACTER_SET_CLIENT */;
/*!40101 SET CHARACTER_SET_RESULTS=@OLD_CHARACTER_SET_RESULTS */;
/*!40101 SET COLLATION_CONNECTION=@OLD_COLLATION_CONNECTION */;
/*!40111 SET SQL_NOTES=@OLD_SQL_NOTES */;

-- Dump completed on 2011-04-16 10:06:26
