-- MySQL dump 10.11
--
-- Host: localhost    Database: cardsys_dev_new
-- ------------------------------------------------------
-- Server version	5.0.75-0ubuntu10.5

/*!40101 SET @OLD_CHARACTER_SET_CLIENT=@@CHARACTER_SET_CLIENT */;
/*!40101 SET @OLD_CHARACTER_SET_RESULTS=@@CHARACTER_SET_RESULTS */;
/*!40101 SET @OLD_COLLATION_CONNECTION=@@COLLATION_CONNECTION */;
/*!40101 SET NAMES utf8 */;
/*!40103 SET @OLD_TIME_ZONE=@@TIME_ZONE */;
/*!40103 SET TIME_ZONE='+00:00' */;
/*!40014 SET @OLD_UNIQUE_CHECKS=@@UNIQUE_CHECKS, UNIQUE_CHECKS=0 */;
/*!40014 SET @OLD_FOREIGN_KEY_CHECKS=@@FOREIGN_KEY_CHECKS, FOREIGN_KEY_CHECKS=0 */;
/*!40101 SET @OLD_SQL_MODE=@@SQL_MODE, SQL_MODE='NO_AUTO_VALUE_ON_ZERO' */;
/*!40111 SET @OLD_SQL_NOTES=@@SQL_NOTES, SQL_NOTES=0 */;

--
-- Table structure for table `advanced_orders`
--

DROP TABLE IF EXISTS `advanced_orders`;
SET @saved_cs_client     = @@character_set_client;
SET character_set_client = utf8;
CREATE TABLE `advanced_orders` (
  `id` int(11) NOT NULL auto_increment,
  `wday` int(11) default NULL,
  `start_date` date default NULL,
  `end_date` date default NULL,
  `start_hour` int(11) default NULL,
  `end_hour` int(11) default NULL,
  `court_id` int(11) default NULL,
  `created_at` datetime default NULL,
  `updated_at` datetime default NULL,
  PRIMARY KEY  (`id`)
) ENGINE=InnoDB DEFAULT CHARSET=utf8 COLLATE=utf8_unicode_ci;
SET character_set_client = @saved_cs_client;

--
-- Dumping data for table `advanced_orders`
--

LOCK TABLES `advanced_orders` WRITE;
/*!40000 ALTER TABLE `advanced_orders` DISABLE KEYS */;
/*!40000 ALTER TABLE `advanced_orders` ENABLE KEYS */;
UNLOCK TABLES;

--
-- Table structure for table `balance_items`
--

DROP TABLE IF EXISTS `balance_items`;
SET @saved_cs_client     = @@character_set_client;
SET character_set_client = utf8;
CREATE TABLE `balance_items` (
  `id` int(11) NOT NULL auto_increment,
  `order_id` int(11) default NULL,
  `order_item_id` int(11) default NULL,
  `balance_id` int(11) default NULL,
  `total_price` int(11) default NULL,
  `discount_rate` float default NULL,
  `reason` varchar(255) collate utf8_unicode_ci default NULL,
  `created_at` datetime default NULL,
  `updated_at` datetime default NULL,
  `count_amount` int(11) default NULL,
  PRIMARY KEY  (`id`)
) ENGINE=InnoDB DEFAULT CHARSET=utf8 COLLATE=utf8_unicode_ci;
SET character_set_client = @saved_cs_client;

--
-- Dumping data for table `balance_items`
--

LOCK TABLES `balance_items` WRITE;
/*!40000 ALTER TABLE `balance_items` DISABLE KEYS */;
/*!40000 ALTER TABLE `balance_items` ENABLE KEYS */;
UNLOCK TABLES;

--
-- Table structure for table `balances`
--

DROP TABLE IF EXISTS `balances`;
SET @saved_cs_client     = @@character_set_client;
SET character_set_client = utf8;
CREATE TABLE `balances` (
  `id` int(11) NOT NULL auto_increment,
  `order_id` int(11) default NULL,
  `price` decimal(10,2) default NULL,
  `final_price` decimal(10,2) default NULL,
  `change_note` varchar(255) collate utf8_unicode_ci default NULL,
  `created_at` datetime default NULL,
  `updated_at` datetime default NULL,
  `balance_way` varchar(255) collate utf8_unicode_ci default NULL,
  `user_id` int(11) default NULL,
  PRIMARY KEY  (`id`)
) ENGINE=InnoDB AUTO_INCREMENT=111 DEFAULT CHARSET=utf8 COLLATE=utf8_unicode_ci;
SET character_set_client = @saved_cs_client;

--
-- Dumping data for table `balances`
--

LOCK TABLES `balances` WRITE;
/*!40000 ALTER TABLE `balances` DISABLE KEYS */;
INSERT INTO `balances` VALUES (3,158,'5.00','5.00',NULL,'2012-05-30 06:39:57','2012-05-30 06:39:57','card',1),(5,159,'680.00','680.00',NULL,'2012-05-30 07:54:42','2012-05-30 07:54:42','card',1),(22,161,'1.00','1.00',NULL,'2012-06-03 06:20:48','2012-06-03 06:20:48','counter',1),(23,160,'1.00','1.00',NULL,'2012-06-03 06:21:18','2012-06-03 06:21:18','counter',1),(41,1,'2.00','2.00',NULL,'2012-06-06 09:20:32','2012-06-06 09:20:32','counter',1),(42,6,'460.00','460.00',NULL,'2012-06-07 02:35:34','2012-06-07 02:35:34','card',1),(43,62,'2.00','2.00',NULL,'2012-06-09 01:50:33','2012-06-09 01:50:33','counter',1),(44,63,'64.00','64.00',NULL,'2012-06-09 01:58:07','2012-06-09 01:58:07','card',1),(45,64,'874.00','874.00',NULL,'2012-06-09 02:01:14','2012-06-09 02:01:14','card',1),(46,65,'110.00','110.00',NULL,'2012-06-09 02:19:48','2012-06-09 02:19:48','card',1),(47,66,'60.00','60.00',NULL,'2012-06-09 02:34:17','2012-06-09 02:34:17','card',1),(48,67,'55.00','55.00',NULL,'2012-06-09 02:40:31','2012-06-09 02:40:31','card',1),(49,68,'5762.00','5762.00',NULL,'2012-06-09 03:33:47','2012-06-09 03:33:47','card',1),(50,74,'800.00','800.00',NULL,'2012-06-09 03:36:24','2012-06-09 03:36:24','card',1),(51,104,'10.00','10.00',NULL,'2012-06-09 03:38:35','2012-06-09 03:38:35','pos',1),(52,105,'21.00','21.00',NULL,'2012-06-09 03:39:59','2012-06-09 03:39:59','cash',1),(53,108,'552.00','552.00',NULL,'2012-06-09 04:08:13','2012-06-09 04:08:13','card',1),(54,156,'1.00','1.00',NULL,'2012-06-09 04:45:43','2012-06-09 04:45:43','counter',1),(55,107,'2.00','2.00',NULL,'2012-06-09 06:08:35','2012-06-09 06:08:35','counter',1),(56,107,'1100.00','960.00',NULL,'2012-06-09 06:08:45','2012-06-09 06:08:45','card',1),(57,69,'270.00','270.00',NULL,'2012-06-09 08:03:49','2012-06-09 08:03:49','card',1),(60,177,'2400.00','2400.00',NULL,'2012-06-09 08:12:08','2012-06-09 08:12:08','card',1),(61,178,'100.00','100.00',NULL,'2012-06-09 08:14:14','2012-06-09 08:14:14','cash',1),(62,180,'70.00','70.00',NULL,'2012-06-12 01:44:27','2012-06-12 01:44:27','card',6),(63,180,'0.00','0.00',NULL,'2012-06-12 01:46:15','2012-06-12 01:46:15','card',4),(64,186,'30.00','30.00',NULL,'2012-06-13 02:03:50','2012-06-13 02:03:50','card',4),(65,217,'10.00','9.00',NULL,'2012-06-13 02:06:37','2012-06-13 02:06:37','card',4),(66,217,'10.00','9.00',NULL,'2012-06-13 02:06:45','2012-06-13 02:06:45','card',4),(67,219,'7.00','7.00',NULL,'2012-06-13 02:10:01','2012-06-13 02:10:01','card',1),(68,219,'7.00','7.00',NULL,'2012-06-13 02:10:23','2012-06-13 02:10:23','card',1),(69,219,'7.00','7.00',NULL,'2012-06-13 02:10:27','2012-06-13 02:10:27','card',1),(70,219,'7.00','7.00',NULL,'2012-06-13 02:10:28','2012-06-13 02:10:28','card',1),(71,219,'7.00','7.00',NULL,'2012-06-13 02:10:29','2012-06-13 02:10:29','card',1),(72,219,'7.00','7.00',NULL,'2012-06-13 02:10:30','2012-06-13 02:10:30','card',1),(73,219,'7.00','7.00',NULL,'2012-06-13 02:13:26','2012-06-13 02:13:26','card',1),(74,219,'7.00','7.00',NULL,'2012-06-13 02:14:05','2012-06-13 02:14:05','card',1),(76,330,'707.00','707.00',NULL,'2012-06-13 02:20:48','2012-06-13 02:20:48','cash',4),(77,218,'100.00','100.00',NULL,'2012-06-13 02:25:38','2012-06-13 02:25:38','card',6),(80,220,'140.00','140.00',NULL,'2012-06-13 02:51:24','2012-06-13 02:51:24','card',6),(81,332,'810.00','810.00',NULL,'2012-06-13 02:57:54','2012-06-13 02:57:54','card',6),(82,333,'394.00','394.00',NULL,'2012-06-13 05:35:10','2012-06-13 05:35:10','card',6),(83,337,'60.00','60.00',NULL,'2012-06-13 05:55:53','2012-06-13 05:55:53','cash',1),(86,340,'150.00','150.00',NULL,'2012-06-16 02:30:18','2012-06-16 02:30:18','card',4),(89,347,'100.00','100.00',NULL,'2012-06-16 03:32:10','2012-06-16 03:32:10','card',1),(90,348,'115.00','115.00',NULL,'2012-06-16 03:36:33','2012-06-16 03:36:33','card',1),(93,351,'10.00','10.00',NULL,'2012-06-16 05:53:18','2012-06-16 05:53:18','card',1),(94,352,'715.00','715.00',NULL,'2012-06-16 05:55:47','2012-06-16 05:55:47','card',1),(96,345,'70.00','70.00',NULL,'2012-06-16 09:24:29','2012-06-16 09:24:29','card',1),(97,339,'184.00','184.00',NULL,'2012-06-16 09:25:04','2012-06-16 09:25:04','card',1),(98,354,'70.00','70.00',NULL,'2012-06-16 09:26:48','2012-06-16 09:26:48','card',1),(99,357,'7.00','7.00',NULL,'2012-06-25 01:34:24','2012-06-25 01:34:24','cash',1),(100,358,'700.00','700.00',NULL,'2012-06-25 01:35:25','2012-06-25 01:35:25','card',4),(101,361,'1.00','1.00',NULL,'2012-06-26 08:58:58','2012-06-26 08:58:58','counter',1),(102,362,'240.00','240.00',NULL,'2012-06-27 02:20:16','2012-06-27 02:20:16','card',1),(103,363,'240.00','240.00',NULL,'2012-06-27 02:22:03','2012-06-27 02:22:03','card',1),(104,368,'50.00','30.00',NULL,'2012-06-28 08:33:55','2012-06-28 08:33:55','card',1),(105,369,'30.00','30.00',NULL,'2012-06-28 08:44:46','2012-06-28 08:44:46','card',1),(106,370,'5005.00','5005.00',NULL,'2012-06-28 08:51:19','2012-06-28 08:51:19','cash',1),(107,371,'5.00','5.00',NULL,'2012-06-28 08:52:27','2012-06-28 08:52:27','card',1),(108,372,'5014.00','5012.60',NULL,'2012-07-01 02:43:08','2012-07-01 02:43:08','cash',1),(109,365,'240.00','240.00',NULL,'2012-07-01 02:43:47','2012-07-01 02:43:47','card',1),(110,374,'75.00','75.00',NULL,'2012-07-01 03:35:11','2012-07-01 03:35:11','card',1);
/*!40000 ALTER TABLE `balances` ENABLE KEYS */;
UNLOCK TABLES;

--
-- Table structure for table `book_records`
--

DROP TABLE IF EXISTS `book_records`;
SET @saved_cs_client     = @@character_set_client;
SET character_set_client = utf8;
CREATE TABLE `book_records` (
  `id` int(11) NOT NULL auto_increment,
  `resource_id` int(11) default NULL,
  `resource_type` varchar(255) collate utf8_unicode_ci default NULL,
  `end_hour` int(11) default NULL,
  `start_hour` int(11) default NULL,
  `alloc_date` date default NULL,
  `order_id` int(11) default NULL,
  `type` varchar(255) collate utf8_unicode_ci default NULL,
  PRIMARY KEY  (`id`)
) ENGINE=InnoDB AUTO_INCREMENT=433 DEFAULT CHARSET=utf8 COLLATE=utf8_unicode_ci;
SET character_set_client = @saved_cs_client;

--
-- Dumping data for table `book_records`
--

LOCK TABLES `book_records` WRITE;
/*!40000 ALTER TABLE `book_records` DISABLE KEYS */;
INSERT INTO `book_records` VALUES (1,3,'Court',16,14,'2012-06-06',1,'CourtBookRecord'),(7,3,'Court',16,14,'2012-06-07',6,'CourtBookRecord'),(8,2,'Coach',16,14,'2012-06-07',6,'CoachBookRecord'),(9,4,'Court',16,14,'2012-06-07',7,'CourtBookRecord'),(10,5,'Court',16,13,'2012-06-07',8,'CourtBookRecord'),(64,20,'Court',17,15,'2012-06-09',62,'CourtBookRecord'),(65,3,'Court',15,14,'2012-06-09',63,'CourtBookRecord'),(66,4,'Court',17,14,'2012-06-09',64,'CourtBookRecord'),(67,3,'Court',18,16,'2012-06-09',65,'CourtBookRecord'),(70,5,'Court',16,15,'2012-06-09',66,'CourtBookRecord'),(71,6,'Court',16,15,'2012-06-09',67,'CourtBookRecord'),(72,5,'Court',20,19,'2012-06-09',68,'CourtBookRecord'),(73,4,'Court',11,10,'2012-06-09',69,'CourtBookRecord'),(74,6,'Coach',11,10,'2012-06-09',69,'CoachBookRecord'),(75,21,'Court',12,10,'2012-06-10',70,'CourtBookRecord'),(76,6,'Coach',12,10,'2012-06-10',70,'CoachBookRecord'),(77,3,'Court',11,10,'2012-06-10',71,'CourtBookRecord'),(79,3,'Coach',11,10,'2012-06-10',71,'CoachBookRecord'),(80,3,'Court',12,11,'2012-06-10',72,'CourtBookRecord'),(81,15,'Court',12,10,'2012-06-10',73,'CourtBookRecord'),(82,4,'Coach',12,10,'2012-06-10',73,'CoachBookRecord'),(83,16,'Court',11,10,'2012-06-10',74,'CourtBookRecord'),(84,16,'Court',11,10,'2012-06-17',75,'CourtBookRecord'),(85,16,'Court',11,10,'2012-06-24',76,'CourtBookRecord'),(86,16,'Court',11,10,'2012-07-01',77,'CourtBookRecord'),(87,16,'Court',11,10,'2012-07-08',78,'CourtBookRecord'),(88,16,'Court',11,10,'2012-07-15',79,'CourtBookRecord'),(89,16,'Court',11,10,'2012-07-22',80,'CourtBookRecord'),(90,16,'Court',11,10,'2012-07-29',81,'CourtBookRecord'),(91,16,'Court',11,10,'2012-08-05',82,'CourtBookRecord'),(92,16,'Court',11,10,'2012-08-12',83,'CourtBookRecord'),(93,16,'Court',11,10,'2012-08-19',84,'CourtBookRecord'),(94,16,'Court',11,10,'2012-08-26',85,'CourtBookRecord'),(95,16,'Court',11,10,'2012-09-02',86,'CourtBookRecord'),(96,16,'Court',11,10,'2012-09-09',87,'CourtBookRecord'),(97,16,'Court',11,10,'2012-09-16',88,'CourtBookRecord'),(98,16,'Court',11,10,'2012-09-23',89,'CourtBookRecord'),(99,16,'Court',11,10,'2012-09-30',90,'CourtBookRecord'),(100,16,'Court',11,10,'2012-10-07',91,'CourtBookRecord'),(101,16,'Court',11,10,'2012-10-14',92,'CourtBookRecord'),(102,16,'Court',11,10,'2012-10-21',93,'CourtBookRecord'),(103,16,'Court',11,10,'2012-10-28',94,'CourtBookRecord'),(104,16,'Court',11,10,'2012-11-04',95,'CourtBookRecord'),(105,16,'Court',11,10,'2012-11-11',96,'CourtBookRecord'),(106,16,'Court',11,10,'2012-11-18',97,'CourtBookRecord'),(107,16,'Court',11,10,'2012-11-25',98,'CourtBookRecord'),(108,16,'Court',11,10,'2012-12-02',99,'CourtBookRecord'),(109,16,'Court',11,10,'2012-12-09',100,'CourtBookRecord'),(110,16,'Court',11,10,'2012-12-16',101,'CourtBookRecord'),(111,16,'Court',11,10,'2012-12-23',102,'CourtBookRecord'),(112,16,'Court',11,10,'2012-12-30',103,'CourtBookRecord'),(113,16,'Court',13,12,'2012-06-09',106,'CourtBookRecord'),(116,16,'Court',15,13,'2012-06-09',107,'CourtBookRecord'),(118,4,'Coach',13,12,'2012-06-09',106,'CoachBookRecord'),(119,6,'Coach',13,12,'2012-06-09',106,'CoachBookRecord'),(120,15,'Court',12,10,'2012-06-11',108,'CourtBookRecord'),(121,4,'Coach',12,10,'2012-06-11',108,'CoachBookRecord'),(122,15,'Court',12,10,'2012-06-18',109,'CourtBookRecord'),(123,4,'Coach',12,10,'2012-06-18',109,'CoachBookRecord'),(124,15,'Court',12,10,'2012-06-25',110,'CourtBookRecord'),(125,4,'Coach',12,10,'2012-06-25',110,'CoachBookRecord'),(126,15,'Court',12,10,'2012-07-02',111,'CourtBookRecord'),(127,4,'Coach',12,10,'2012-07-02',111,'CoachBookRecord'),(128,15,'Court',12,10,'2012-07-09',112,'CourtBookRecord'),(129,4,'Coach',12,10,'2012-07-09',112,'CoachBookRecord'),(130,15,'Court',12,10,'2012-07-16',113,'CourtBookRecord'),(131,4,'Coach',12,10,'2012-07-16',113,'CoachBookRecord'),(132,15,'Court',12,10,'2012-07-23',114,'CourtBookRecord'),(133,4,'Coach',12,10,'2012-07-23',114,'CoachBookRecord'),(134,15,'Court',12,10,'2012-07-30',115,'CourtBookRecord'),(135,4,'Coach',12,10,'2012-07-30',115,'CoachBookRecord'),(136,15,'Court',12,10,'2012-08-06',116,'CourtBookRecord'),(137,4,'Coach',12,10,'2012-08-06',116,'CoachBookRecord'),(138,15,'Court',12,10,'2012-08-13',117,'CourtBookRecord'),(139,4,'Coach',12,10,'2012-08-13',117,'CoachBookRecord'),(140,15,'Court',12,10,'2012-08-20',118,'CourtBookRecord'),(141,4,'Coach',12,10,'2012-08-20',118,'CoachBookRecord'),(142,15,'Court',12,10,'2012-08-27',119,'CourtBookRecord'),(143,4,'Coach',12,10,'2012-08-27',119,'CoachBookRecord'),(144,15,'Court',12,10,'2012-09-03',120,'CourtBookRecord'),(145,4,'Coach',12,10,'2012-09-03',120,'CoachBookRecord'),(146,15,'Court',12,10,'2012-09-10',121,'CourtBookRecord'),(147,4,'Coach',12,10,'2012-09-10',121,'CoachBookRecord'),(148,15,'Court',12,10,'2012-09-17',122,'CourtBookRecord'),(149,4,'Coach',12,10,'2012-09-17',122,'CoachBookRecord'),(150,15,'Court',12,10,'2012-09-24',123,'CourtBookRecord'),(151,4,'Coach',12,10,'2012-09-24',123,'CoachBookRecord'),(152,15,'Court',12,10,'2012-10-01',124,'CourtBookRecord'),(153,4,'Coach',12,10,'2012-10-01',124,'CoachBookRecord'),(154,15,'Court',12,10,'2012-10-08',125,'CourtBookRecord'),(155,4,'Coach',12,10,'2012-10-08',125,'CoachBookRecord'),(156,15,'Court',12,10,'2012-10-15',126,'CourtBookRecord'),(157,4,'Coach',12,10,'2012-10-15',126,'CoachBookRecord'),(158,15,'Court',12,10,'2012-10-22',127,'CourtBookRecord'),(159,4,'Coach',12,10,'2012-10-22',127,'CoachBookRecord'),(160,15,'Court',12,10,'2012-10-29',128,'CourtBookRecord'),(161,4,'Coach',12,10,'2012-10-29',128,'CoachBookRecord'),(162,15,'Court',12,10,'2012-11-05',129,'CourtBookRecord'),(163,4,'Coach',12,10,'2012-11-05',129,'CoachBookRecord'),(164,15,'Court',12,10,'2012-11-12',130,'CourtBookRecord'),(165,4,'Coach',12,10,'2012-11-12',130,'CoachBookRecord'),(166,15,'Court',12,10,'2012-11-19',131,'CourtBookRecord'),(167,4,'Coach',12,10,'2012-11-19',131,'CoachBookRecord'),(168,15,'Court',12,10,'2012-11-26',132,'CourtBookRecord'),(169,4,'Coach',12,10,'2012-11-26',132,'CoachBookRecord'),(170,15,'Court',12,10,'2012-12-03',133,'CourtBookRecord'),(171,4,'Coach',12,10,'2012-12-03',133,'CoachBookRecord'),(172,15,'Court',12,10,'2012-12-10',134,'CourtBookRecord'),(173,4,'Coach',12,10,'2012-12-10',134,'CoachBookRecord'),(174,15,'Court',12,10,'2012-12-17',135,'CourtBookRecord'),(175,4,'Coach',12,10,'2012-12-17',135,'CoachBookRecord'),(176,15,'Court',12,10,'2012-12-24',136,'CourtBookRecord'),(177,4,'Coach',12,10,'2012-12-24',136,'CoachBookRecord'),(178,15,'Court',12,10,'2012-12-31',137,'CourtBookRecord'),(179,4,'Coach',12,10,'2012-12-31',137,'CoachBookRecord'),(180,15,'Court',12,10,'2013-01-07',138,'CourtBookRecord'),(181,4,'Coach',12,10,'2013-01-07',138,'CoachBookRecord'),(182,15,'Court',12,10,'2013-01-14',139,'CourtBookRecord'),(183,4,'Coach',12,10,'2013-01-14',139,'CoachBookRecord'),(184,15,'Court',12,10,'2013-01-21',140,'CourtBookRecord'),(185,4,'Coach',12,10,'2013-01-21',140,'CoachBookRecord'),(186,15,'Court',12,10,'2013-01-28',141,'CourtBookRecord'),(187,4,'Coach',12,10,'2013-01-28',141,'CoachBookRecord'),(188,15,'Court',12,10,'2013-02-04',142,'CourtBookRecord'),(189,4,'Coach',12,10,'2013-02-04',142,'CoachBookRecord'),(190,15,'Court',12,10,'2013-02-11',143,'CourtBookRecord'),(191,4,'Coach',12,10,'2013-02-11',143,'CoachBookRecord'),(192,15,'Court',12,10,'2013-02-18',144,'CourtBookRecord'),(193,4,'Coach',12,10,'2013-02-18',144,'CoachBookRecord'),(194,15,'Court',12,10,'2013-02-25',145,'CourtBookRecord'),(195,4,'Coach',12,10,'2013-02-25',145,'CoachBookRecord'),(196,15,'Court',12,10,'2013-03-04',146,'CourtBookRecord'),(197,4,'Coach',12,10,'2013-03-04',146,'CoachBookRecord'),(198,15,'Court',12,10,'2013-03-11',147,'CourtBookRecord'),(199,4,'Coach',12,10,'2013-03-11',147,'CoachBookRecord'),(200,15,'Court',12,10,'2013-03-18',148,'CourtBookRecord'),(201,4,'Coach',12,10,'2013-03-18',148,'CoachBookRecord'),(202,15,'Court',12,10,'2013-03-25',149,'CourtBookRecord'),(203,4,'Coach',12,10,'2013-03-25',149,'CoachBookRecord'),(204,15,'Court',12,10,'2013-04-01',150,'CourtBookRecord'),(205,4,'Coach',12,10,'2013-04-01',150,'CoachBookRecord'),(206,15,'Court',12,10,'2013-04-08',151,'CourtBookRecord'),(207,4,'Coach',12,10,'2013-04-08',151,'CoachBookRecord'),(208,15,'Court',12,10,'2013-04-15',152,'CourtBookRecord'),(209,4,'Coach',12,10,'2013-04-15',152,'CoachBookRecord'),(210,15,'Court',12,10,'2013-04-22',153,'CourtBookRecord'),(211,4,'Coach',12,10,'2013-04-22',153,'CoachBookRecord'),(212,15,'Court',12,10,'2013-04-29',154,'CourtBookRecord'),(213,4,'Coach',12,10,'2013-04-29',154,'CoachBookRecord'),(217,16,'Court',14,13,'2012-06-11',156,'CourtBookRecord'),(218,3,'Coach',15,13,'2012-06-09',107,'CoachBookRecord'),(220,17,'Court',15,13,'2012-06-11',158,'CourtBookRecord'),(221,15,'Court',15,13,'2012-06-10',159,'CourtBookRecord'),(222,18,'Court',10,9,'2012-06-09',160,'CourtBookRecord'),(223,3,'Court',18,17,'2012-06-09',161,'CourtBookRecord'),(242,21,'Court',17,7,'2012-06-09',177,'CourtBookRecord'),(243,3,'Court',21,20,'2012-06-09',178,'CourtBookRecord'),(244,4,'Court',20,19,'2012-06-09',179,'CourtBookRecord'),(245,3,'Court',13,11,'2012-06-12',180,'CourtBookRecord'),(246,4,'Court',13,11,'2012-06-12',181,'CourtBookRecord'),(247,4,'Court',13,12,'2012-06-13',186,'CourtBookRecord'),(277,4,'Court',21,19,'2012-06-13',218,'CourtBookRecord'),(278,5,'Court',21,19,'2012-06-13',220,'CourtBookRecord'),(279,5,'Court',20,19,'2012-06-20',221,'CourtBookRecord'),(288,5,'Court',21,19,'2012-08-22',230,'CourtBookRecord'),(289,5,'Court',21,19,'2012-08-29',231,'CourtBookRecord'),(290,5,'Court',21,19,'2012-09-05',232,'CourtBookRecord'),(291,5,'Court',21,19,'2012-09-12',233,'CourtBookRecord'),(292,5,'Court',21,19,'2012-09-19',234,'CourtBookRecord'),(293,5,'Court',21,19,'2012-09-26',235,'CourtBookRecord'),(294,5,'Court',21,19,'2012-10-03',236,'CourtBookRecord'),(295,5,'Court',21,19,'2012-10-10',237,'CourtBookRecord'),(296,5,'Court',21,19,'2012-10-17',238,'CourtBookRecord'),(297,5,'Court',21,19,'2012-10-24',239,'CourtBookRecord'),(298,5,'Court',21,19,'2012-10-31',240,'CourtBookRecord'),(299,5,'Court',21,19,'2012-11-07',241,'CourtBookRecord'),(300,5,'Court',21,19,'2012-11-14',242,'CourtBookRecord'),(301,5,'Court',21,19,'2012-11-21',243,'CourtBookRecord'),(302,5,'Court',21,19,'2012-11-28',244,'CourtBookRecord'),(303,5,'Court',21,19,'2012-12-05',245,'CourtBookRecord'),(304,5,'Court',21,19,'2012-12-12',246,'CourtBookRecord'),(305,5,'Court',21,19,'2012-12-19',247,'CourtBookRecord'),(306,5,'Court',21,19,'2012-12-26',248,'CourtBookRecord'),(307,5,'Court',21,19,'2013-01-02',249,'CourtBookRecord'),(308,5,'Court',21,19,'2013-01-09',250,'CourtBookRecord'),(309,5,'Court',21,19,'2013-01-16',251,'CourtBookRecord'),(310,5,'Court',21,19,'2013-01-23',252,'CourtBookRecord'),(311,5,'Court',21,19,'2013-01-30',253,'CourtBookRecord'),(312,5,'Court',21,19,'2013-02-06',254,'CourtBookRecord'),(313,5,'Court',21,19,'2013-02-13',255,'CourtBookRecord'),(314,5,'Court',21,19,'2013-02-20',256,'CourtBookRecord'),(315,5,'Court',21,19,'2013-02-27',257,'CourtBookRecord'),(316,5,'Court',21,19,'2013-03-06',258,'CourtBookRecord'),(317,5,'Court',21,19,'2013-03-13',259,'CourtBookRecord'),(318,5,'Court',21,19,'2013-03-20',260,'CourtBookRecord'),(319,5,'Court',21,19,'2013-03-27',261,'CourtBookRecord'),(320,5,'Court',21,19,'2013-04-03',262,'CourtBookRecord'),(321,5,'Court',21,19,'2013-04-10',263,'CourtBookRecord'),(322,5,'Court',21,19,'2013-04-17',264,'CourtBookRecord'),(323,5,'Court',21,19,'2013-04-24',265,'CourtBookRecord'),(324,5,'Court',21,19,'2013-05-01',266,'CourtBookRecord'),(325,5,'Court',21,19,'2013-05-08',267,'CourtBookRecord'),(326,5,'Court',21,19,'2013-05-15',268,'CourtBookRecord'),(327,5,'Court',21,19,'2013-05-22',269,'CourtBookRecord'),(328,5,'Court',21,19,'2013-05-29',270,'CourtBookRecord'),(329,5,'Court',21,19,'2013-06-05',271,'CourtBookRecord'),(330,5,'Court',21,19,'2013-06-12',272,'CourtBookRecord'),(331,5,'Court',21,19,'2013-06-19',273,'CourtBookRecord'),(332,5,'Court',21,19,'2013-06-26',274,'CourtBookRecord'),(333,3,'Court',23,22,'2012-06-13',275,'CourtBookRecord'),(344,3,'Court',23,22,'2012-08-29',286,'CourtBookRecord'),(345,3,'Court',23,22,'2012-09-05',287,'CourtBookRecord'),(346,3,'Court',23,22,'2012-09-12',288,'CourtBookRecord'),(347,3,'Court',23,22,'2012-09-19',289,'CourtBookRecord'),(348,3,'Court',23,22,'2012-09-26',290,'CourtBookRecord'),(349,3,'Court',23,22,'2012-10-03',291,'CourtBookRecord'),(350,3,'Court',23,22,'2012-10-10',292,'CourtBookRecord'),(351,3,'Court',23,22,'2012-10-17',293,'CourtBookRecord'),(352,3,'Court',23,22,'2012-10-24',294,'CourtBookRecord'),(353,3,'Court',23,22,'2012-10-31',295,'CourtBookRecord'),(354,3,'Court',23,22,'2012-11-07',296,'CourtBookRecord'),(355,3,'Court',23,22,'2012-11-14',297,'CourtBookRecord'),(356,3,'Court',23,22,'2012-11-21',298,'CourtBookRecord'),(357,3,'Court',23,22,'2012-11-28',299,'CourtBookRecord'),(358,3,'Court',23,22,'2012-12-05',300,'CourtBookRecord'),(359,3,'Court',23,22,'2012-12-12',301,'CourtBookRecord'),(360,3,'Court',23,22,'2012-12-19',302,'CourtBookRecord'),(361,3,'Court',23,22,'2012-12-26',303,'CourtBookRecord'),(362,3,'Court',23,22,'2013-01-02',304,'CourtBookRecord'),(363,3,'Court',23,22,'2013-01-09',305,'CourtBookRecord'),(364,3,'Court',23,22,'2013-01-16',306,'CourtBookRecord'),(365,3,'Court',23,22,'2013-01-23',307,'CourtBookRecord'),(366,3,'Court',23,22,'2013-01-30',308,'CourtBookRecord'),(367,3,'Court',23,22,'2013-02-06',309,'CourtBookRecord'),(368,3,'Court',23,22,'2013-02-13',310,'CourtBookRecord'),(369,3,'Court',23,22,'2013-02-20',311,'CourtBookRecord'),(370,3,'Court',23,22,'2013-02-27',312,'CourtBookRecord'),(371,3,'Court',23,22,'2013-03-06',313,'CourtBookRecord'),(372,3,'Court',23,22,'2013-03-13',314,'CourtBookRecord'),(373,3,'Court',23,22,'2013-03-20',315,'CourtBookRecord'),(374,3,'Court',23,22,'2013-03-27',316,'CourtBookRecord'),(375,3,'Court',23,22,'2013-04-03',317,'CourtBookRecord'),(376,3,'Court',23,22,'2013-04-10',318,'CourtBookRecord'),(377,3,'Court',23,22,'2013-04-17',319,'CourtBookRecord'),(378,3,'Court',23,22,'2013-04-24',320,'CourtBookRecord'),(379,3,'Court',23,22,'2013-05-01',321,'CourtBookRecord'),(380,3,'Court',23,22,'2013-05-08',322,'CourtBookRecord'),(381,3,'Court',23,22,'2013-05-15',323,'CourtBookRecord'),(382,3,'Court',23,22,'2013-05-22',324,'CourtBookRecord'),(383,3,'Court',23,22,'2013-05-29',325,'CourtBookRecord'),(384,3,'Court',23,22,'2013-06-05',326,'CourtBookRecord'),(385,3,'Court',23,22,'2013-06-12',327,'CourtBookRecord'),(386,3,'Court',23,22,'2013-06-19',328,'CourtBookRecord'),(387,3,'Court',23,22,'2013-06-26',329,'CourtBookRecord'),(393,23,'Court',15,12,'2012-06-13',332,'CourtBookRecord'),(394,2,'Coach',15,12,'2012-06-13',332,'CoachBookRecord'),(395,17,'Court',19,15,'2012-06-13',333,'CourtBookRecord'),(400,3,'Court',11,10,'2012-06-13',337,'CourtBookRecord'),(402,3,'Court',12,10,'2012-06-16',339,'CourtBookRecord'),(403,10,'Court',17,14,'2012-06-16',340,'CourtBookRecord'),(410,4,'Court',11,10,'2012-06-16',345,'CourtBookRecord'),(412,3,'Court',14,13,'2012-06-16',347,'CourtBookRecord'),(413,4,'Court',14,13,'2012-06-16',348,'CourtBookRecord'),(417,5,'Court',15,14,'2012-06-16',354,'CourtBookRecord'),(418,16,'Court',17,16,'2012-06-25',359,'CourtBookRecord'),(421,3,'Coach',17,16,'2012-06-25',359,'CoachBookRecord'),(422,3,'Court',17,16,'2012-06-25',360,'CourtBookRecord'),(423,4,'Coach',17,16,'2012-06-25',360,'CoachBookRecord'),(424,9,'Court',15,14,'2012-06-26',361,'CourtBookRecord'),(425,15,'Court',22,21,'2012-06-30',362,'CourtBookRecord'),(426,15,'Court',18,17,'2012-07-03',363,'CourtBookRecord'),(427,15,'Court',16,15,'2012-07-08',364,'CourtBookRecord'),(428,16,'Court',18,17,'2012-06-30',365,'CourtBookRecord'),(429,15,'Court',17,16,'2012-07-08',366,'CourtBookRecord'),(430,15,'Court',15,14,'2012-07-08',367,'CourtBookRecord'),(431,3,'Court',13,12,'2012-07-01',373,'CourtBookRecord'),(432,2,'Coach',13,12,'2012-07-01',373,'CoachBookRecord');
/*!40000 ALTER TABLE `book_records` ENABLE KEYS */;
UNLOCK TABLES;

--
-- Table structure for table `card_period_prices`
--

DROP TABLE IF EXISTS `card_period_prices`;
SET @saved_cs_client     = @@character_set_client;
SET character_set_client = utf8;
CREATE TABLE `card_period_prices` (
  `id` int(11) NOT NULL auto_increment,
  `card_id` int(11) default NULL,
  `period_price_id` int(11) default NULL,
  `card_price` decimal(10,2) default '0.00',
  `description` text collate utf8_unicode_ci,
  `created_at` datetime default NULL,
  `updated_at` datetime default NULL,
  PRIMARY KEY  (`id`)
) ENGINE=InnoDB AUTO_INCREMENT=169 DEFAULT CHARSET=utf8 COLLATE=utf8_unicode_ci;
SET character_set_client = @saved_cs_client;

--
-- Dumping data for table `card_period_prices`
--

LOCK TABLES `card_period_prices` WRITE;
/*!40000 ALTER TABLE `card_period_prices` DISABLE KEYS */;
INSERT INTO `card_period_prices` VALUES (106,9,3,'100.00',NULL,'2012-05-30 05:31:34','2012-05-30 05:31:34'),(107,9,2,'100.00',NULL,'2012-05-30 05:31:34','2012-05-30 05:31:34'),(108,8,1,'60.00',NULL,'2012-05-30 05:32:11','2012-05-30 05:32:11'),(109,7,3,'50.00',NULL,'2012-05-30 05:33:30','2012-05-30 05:33:30'),(110,7,9,'300.00',NULL,'2012-05-30 05:33:30','2012-05-30 05:33:30'),(111,7,6,'100.00',NULL,'2012-05-30 05:33:30','2012-05-30 05:33:30'),(112,7,2,'50.00',NULL,'2012-05-30 05:33:30','2012-05-30 05:33:30'),(113,7,1,'30.00',NULL,'2012-05-30 05:33:30','2012-05-30 05:33:30'),(114,7,8,'300.00',NULL,'2012-05-30 05:33:30','2012-05-30 05:33:30'),(115,7,7,'260.00',NULL,'2012-05-30 05:33:30','2012-05-30 05:33:30'),(116,7,5,'100.00',NULL,'2012-05-30 05:33:30','2012-05-30 05:33:30'),(117,7,4,'70.00',NULL,'2012-05-30 05:33:30','2012-05-30 05:33:30'),(121,5,3,'50.00',NULL,'2012-05-30 05:34:51','2012-05-30 05:34:51'),(122,5,9,'350.00',NULL,'2012-05-30 05:34:51','2012-05-30 05:34:51'),(123,5,6,'130.00',NULL,'2012-05-30 05:34:51','2012-05-30 05:34:51'),(124,5,2,'50.00',NULL,'2012-05-30 05:34:51','2012-05-30 05:34:51'),(125,5,1,'30.00',NULL,'2012-05-30 05:34:51','2012-05-30 05:34:51'),(126,5,8,'350.00',NULL,'2012-05-30 05:34:51','2012-05-30 05:34:51'),(127,5,7,'280.00',NULL,'2012-05-30 05:34:51','2012-05-30 05:34:51'),(128,5,5,'130.00',NULL,'2012-05-30 05:34:51','2012-05-30 05:34:51'),(129,5,4,'90.00',NULL,'2012-05-30 05:34:51','2012-05-30 05:34:51'),(130,4,3,'50.00',NULL,'2012-05-30 05:35:24','2012-05-30 05:35:24'),(131,4,9,'380.00',NULL,'2012-05-30 05:35:24','2012-05-30 05:35:24'),(132,4,6,'180.00',NULL,'2012-05-30 05:35:24','2012-05-30 05:35:24'),(133,4,2,'50.00',NULL,'2012-05-30 05:35:24','2012-05-30 05:35:24'),(134,4,1,'30.00',NULL,'2012-05-30 05:35:25','2012-05-30 05:35:25'),(135,4,8,'380.00',NULL,'2012-05-30 05:35:25','2012-05-30 05:35:25'),(136,4,7,'300.00',NULL,'2012-05-30 05:35:25','2012-05-30 05:35:25'),(137,4,5,'180.00',NULL,'2012-05-30 05:35:25','2012-05-30 05:35:25'),(138,4,4,'120.00',NULL,'2012-05-30 05:35:25','2012-05-30 05:35:25'),(139,3,3,'50.00',NULL,'2012-05-30 05:35:51','2012-05-30 05:35:51'),(140,3,9,'400.00',NULL,'2012-05-30 05:35:51','2012-05-30 05:35:51'),(141,3,6,'180.00',NULL,'2012-05-30 05:35:51','2012-05-30 05:35:51'),(142,3,2,'50.00',NULL,'2012-05-30 05:35:51','2012-05-30 05:35:51'),(143,3,1,'30.00',NULL,'2012-05-30 05:35:51','2012-05-30 05:35:51'),(144,3,8,'400.00',NULL,'2012-05-30 05:35:51','2012-05-30 05:35:51'),(145,3,7,'320.00',NULL,'2012-05-30 05:35:51','2012-05-30 05:35:51'),(146,3,5,'180.00',NULL,'2012-05-30 05:35:51','2012-05-30 05:35:51'),(147,3,4,'120.00',NULL,'2012-05-30 05:35:51','2012-05-30 05:35:51'),(148,2,3,'60.00',NULL,'2012-05-30 05:36:24','2012-05-30 05:36:24'),(149,2,9,'480.00',NULL,'2012-05-30 05:36:24','2012-05-30 05:36:24'),(150,2,6,'200.00',NULL,'2012-05-30 05:36:24','2012-05-30 05:36:24'),(151,2,2,'60.00',NULL,'2012-05-30 05:36:24','2012-05-30 05:36:24'),(152,2,1,'30.00',NULL,'2012-05-30 05:36:24','2012-05-30 05:36:24'),(153,2,8,'480.00',NULL,'2012-05-30 05:36:24','2012-05-30 05:36:24'),(154,2,7,'400.00',NULL,'2012-05-30 05:36:24','2012-05-30 05:36:24'),(155,2,5,'200.00',NULL,'2012-05-30 05:36:24','2012-05-30 05:36:24'),(156,2,4,'140.00',NULL,'2012-05-30 05:36:24','2012-05-30 05:36:24'),(157,1,3,'70.00',NULL,'2012-05-30 05:36:52','2012-05-30 05:36:52'),(158,1,9,'560.00',NULL,'2012-05-30 05:36:52','2012-05-30 05:36:52'),(159,1,6,'240.00',NULL,'2012-05-30 05:36:52','2012-05-30 05:36:52'),(160,1,2,'70.00',NULL,'2012-05-30 05:36:52','2012-05-30 05:36:52'),(161,1,1,'30.00',NULL,'2012-05-30 05:36:52','2012-05-30 05:36:52'),(162,1,8,'560.00',NULL,'2012-05-30 05:36:52','2012-05-30 05:36:52'),(163,1,7,'460.00',NULL,'2012-05-30 05:36:52','2012-05-30 05:36:52'),(164,1,5,'240.00',NULL,'2012-05-30 05:36:52','2012-05-30 05:36:52'),(165,1,4,'160.00',NULL,'2012-05-30 05:36:52','2012-05-30 05:36:52'),(166,6,3,'50.00',NULL,'2012-06-07 02:22:36','2012-06-07 02:22:36'),(167,6,2,'50.00',NULL,'2012-06-07 02:22:36','2012-06-07 02:22:36'),(168,6,1,'30.00',NULL,'2012-06-07 02:22:36','2012-06-07 02:22:36');
/*!40000 ALTER TABLE `card_period_prices` ENABLE KEYS */;
UNLOCK TABLES;

--
-- Table structure for table `cards`
--

DROP TABLE IF EXISTS `cards`;
SET @saved_cs_client     = @@character_set_client;
SET character_set_client = utf8;
CREATE TABLE `cards` (
  `id` int(11) NOT NULL auto_increment,
  `name` varchar(255) collate utf8_unicode_ci default NULL,
  `card_type` varchar(255) collate utf8_unicode_ci default NULL,
  `card_prefix` varchar(255) collate utf8_unicode_ci default NULL,
  `expired` int(11) default '12',
  `consume_type` varchar(255) collate utf8_unicode_ci default NULL,
  `shared` tinyint(1) default '0',
  `max_shared_count` int(11) default '0',
  `total_sold_amount` int(11) default '0',
  `description` varchar(255) collate utf8_unicode_ci default NULL,
  `balance` decimal(10,2) default '0.00',
  `state` varchar(255) collate utf8_unicode_ci default NULL,
  `created_at` datetime default NULL,
  `updated_at` datetime default NULL,
  `min_amount` int(11) default NULL,
  `min_count` int(11) default NULL,
  `min_time` int(11) default NULL,
  PRIMARY KEY  (`id`)
) ENGINE=InnoDB AUTO_INCREMENT=10 DEFAULT CHARSET=utf8 COLLATE=utf8_unicode_ci;
SET character_set_client = @saved_cs_client;

--
-- Dumping data for table `cards`
--

LOCK TABLES `cards` WRITE;
/*!40000 ALTER TABLE `cards` DISABLE KEYS */;
INSERT INTO `cards` VALUES (1,'5000元储值卡','balance_card','CA',12,'2',0,1,0,'','0.00','enabled','2012-05-26 05:02:53','2012-05-26 05:02:53',1000,5,30),(2,'10000元储值卡','balance_card','CB',12,'2',0,1,0,'','0.00','enabled','2012-05-26 05:05:39','2012-05-26 05:09:29',2000,7,30),(3,'20000元储值卡','balance_card','CC',12,'2',0,2,0,'','0.00','enabled','2012-05-26 05:08:28','2012-05-26 05:09:49',3000,10,30),(4,'资格5000元金卡','zige_card','ZA',12,'2',0,2,0,'','0.00','enabled','2012-05-26 05:13:16','2012-05-26 05:19:53',1000,7,30),(5,'资格10000铂金卡','zige_card','ZB',12,'2',0,2,0,'','0.00','enabled','2012-05-26 05:23:25','2012-05-26 05:23:25',2000,7,30),(6,'室外卡2000元','balance_card','S',12,'2',0,0,0,'','0.00','enabled','2012-05-26 05:26:40','2012-06-07 02:22:36',900,30,0),(7,'资格30000元钻石卡','zige_card','ZC',12,'2',0,3,0,'','0.00','enabled','2012-05-26 05:27:40','2012-05-26 05:27:40',3000,10,30),(8,'室外场优惠卡(非黄金）','counter_card','S1',12,'1',0,1,0,'','0.00','enabled','2012-05-26 05:35:07','2012-05-26 05:35:07',0,5,30),(9,'室外场优惠卡(黄金）','counter_card','S2',12,'1',0,1,0,'','0.00','enabled','2012-05-26 05:35:50','2012-05-26 05:35:50',0,5,30);
/*!40000 ALTER TABLE `cards` ENABLE KEYS */;
UNLOCK TABLES;

--
-- Table structure for table `categories`
--

DROP TABLE IF EXISTS `categories`;
SET @saved_cs_client     = @@character_set_client;
SET character_set_client = utf8;
CREATE TABLE `categories` (
  `id` int(11) NOT NULL auto_increment,
  `name` varchar(255) default NULL,
  `parent_id` int(11) default NULL,
  `position` int(11) default NULL,
  `created_at` datetime default NULL,
  `updated_at` datetime default NULL,
  PRIMARY KEY  (`id`)
) ENGINE=MyISAM AUTO_INCREMENT=14 DEFAULT CHARSET=utf8;
SET character_set_client = @saved_cs_client;

--
-- Dumping data for table `categories`
--

LOCK TABLES `categories` WRITE;
/*!40000 ALTER TABLE `categories` DISABLE KEYS */;
INSERT INTO `categories` VALUES (1,'食品',NULL,NULL,'2012-01-07 01:17:34','2012-04-13 05:24:03'),(2,'饮料',1,NULL,'2012-01-07 01:17:47','2012-04-13 05:24:37'),(9,'PRINCE',7,NULL,'2012-04-13 05:28:44','2012-04-13 05:28:44'),(8,'NIKE',7,NULL,'2012-04-13 05:28:23','2012-04-13 05:28:23'),(7,'体育用品',NULL,NULL,'2012-04-13 05:27:54','2012-06-03 08:00:23'),(10,'会员卡',NULL,NULL,'2012-06-03 08:00:46','2012-06-03 08:00:46'),(11,'储值卡',10,NULL,'2012-06-03 08:01:08','2012-06-03 08:01:08'),(12,'资格卡',10,NULL,'2012-06-03 08:01:19','2012-06-16 06:54:53'),(13,'续费',10,NULL,'2012-06-03 08:01:31','2012-06-03 08:01:31');
/*!40000 ALTER TABLE `categories` ENABLE KEYS */;
UNLOCK TABLES;

--
-- Table structure for table `catenas`
--

DROP TABLE IF EXISTS `catenas`;
SET @saved_cs_client     = @@character_set_client;
SET character_set_client = utf8;
CREATE TABLE `catenas` (
  `id` int(11) NOT NULL auto_increment,
  `name` varchar(255) NOT NULL default '',
  `created_at` datetime default NULL,
  `updated_at` datetime default NULL,
  PRIMARY KEY  (`id`)
) ENGINE=MyISAM DEFAULT CHARSET=utf8;
SET character_set_client = @saved_cs_client;

--
-- Dumping data for table `catenas`
--

LOCK TABLES `catenas` WRITE;
/*!40000 ALTER TABLE `catenas` DISABLE KEYS */;
/*!40000 ALTER TABLE `catenas` ENABLE KEYS */;
UNLOCK TABLES;

--
-- Table structure for table `coaches`
--

DROP TABLE IF EXISTS `coaches`;
SET @saved_cs_client     = @@character_set_client;
SET character_set_client = utf8;
CREATE TABLE `coaches` (
  `id` int(11) NOT NULL auto_increment,
  `name` varchar(255) collate utf8_unicode_ci default NULL,
  `gender` varchar(255) collate utf8_unicode_ci default NULL,
  `coach_type` varchar(255) collate utf8_unicode_ci default NULL,
  `telephone` varchar(255) collate utf8_unicode_ci default NULL,
  `email` varchar(255) collate utf8_unicode_ci default NULL,
  `fee` decimal(10,2) default '0.00',
  `cert_type` int(11) default NULL,
  `cert_num` varchar(255) collate utf8_unicode_ci default NULL,
  `description` text collate utf8_unicode_ci,
  `state` varchar(255) collate utf8_unicode_ci default NULL,
  `created_at` datetime default NULL,
  `updated_at` datetime default NULL,
  `pinyin_name` varchar(255) collate utf8_unicode_ci default NULL,
  PRIMARY KEY  (`id`)
) ENGINE=InnoDB AUTO_INCREMENT=8 DEFAULT CHARSET=utf8 COLLATE=utf8_unicode_ci;
SET character_set_client = @saved_cs_client;

--
-- Dumping data for table `coaches`
--

LOCK TABLES `coaches` WRITE;
/*!40000 ALTER TABLE `coaches` DISABLE KEYS */;
INSERT INTO `coaches` VALUES (1,'wew','1','全职教练','13611126542','121@dd.com','1000.00',9,'','','enabled','2012-05-26 04:02:28','2012-05-26 04:02:28','wew'),(2,'望望望','1','全职教练','15811146922','','200.00',9,'','','enabled','2012-05-26 07:21:34','2012-05-26 07:21:34','wangwangwang'),(3,'张楠','2','全职教练','13910982284','','200.00',9,'  ','','enabled','2012-06-09 03:05:48','2012-06-09 03:05:48','zhangnan'),(4,'李德','1','全职教练','13601377233','','200.00',9,'','','enabled','2012-06-09 03:06:47','2012-06-09 03:06:47','lide'),(6,'李虹霓','2','全职教练','13488764088','','200.00',9,'','','enabled','2012-06-09 03:07:45','2012-06-09 03:07:45','lihongni'),(7,'李爽','1','全职教练','15910702459','','150.00',9,'','','enabled','2012-06-09 03:08:26','2012-06-09 03:08:26','lishuang');
/*!40000 ALTER TABLE `coaches` ENABLE KEYS */;
UNLOCK TABLES;

--
-- Table structure for table `common_resource_details`
--

DROP TABLE IF EXISTS `common_resource_details`;
SET @saved_cs_client     = @@character_set_client;
SET character_set_client = utf8;
CREATE TABLE `common_resource_details` (
  `id` int(11) NOT NULL auto_increment,
  `detail_name` varchar(255) collate utf8_unicode_ci default NULL,
  `common_resource_id` int(11) default NULL,
  `created_at` datetime default NULL,
  `updated_at` datetime default NULL,
  PRIMARY KEY  (`id`)
) ENGINE=InnoDB AUTO_INCREMENT=51 DEFAULT CHARSET=utf8 COLLATE=utf8_unicode_ci;
SET character_set_client = @saved_cs_client;

--
-- Dumping data for table `common_resource_details`
--

LOCK TABLES `common_resource_details` WRITE;
/*!40000 ALTER TABLE `common_resource_details` DISABLE KEYS */;
INSERT INTO `common_resource_details` VALUES (1,'储值卡',1,'2011-05-27 18:27:02','2011-05-27 18:27:02'),(3,'记次卡',1,'2011-05-27 18:27:02','2011-05-27 18:27:02'),(4,'资格卡',1,'2011-05-27 18:27:02','2011-05-27 18:27:02'),(6,'节假日',2,'2011-05-27 18:27:02','2011-05-27 18:27:02'),(7,'全职教练',3,'2011-05-27 18:27:02','2011-05-27 18:27:02'),(8,'客人自带',3,'2011-05-27 18:27:02','2011-05-27 18:27:02'),(9,'身份证',4,'2011-05-27 18:27:02','2011-05-27 18:27:02'),(10,'军人证',4,'2011-05-27 18:27:02','2011-05-27 18:27:02'),(11,'食品',5,'2011-05-27 18:27:02','2011-05-27 18:27:02'),(12,'球具',5,'2011-05-27 18:27:02','2011-05-27 18:27:02'),(13,'带卖',6,'2011-05-27 18:27:02','2011-05-27 18:27:02'),(16,'5',11,'2011-05-27 18:27:02','2011-05-27 18:27:02'),(17,'6',11,'2011-05-27 18:27:02','2011-05-27 18:27:02'),(18,'7',11,'2011-05-27 18:27:02','2011-05-27 18:27:02'),(19,'8',11,'2011-05-27 18:27:02','2011-05-27 18:27:02'),(20,'9',11,'2011-05-27 18:27:02','2011-05-27 18:27:02'),(21,'10',11,'2011-05-27 18:27:02','2011-05-27 18:27:02'),(26,'室外P硬地',14,'2012-01-14 08:17:50','2012-05-26 04:05:01'),(27,'室外C硬地',14,'2012-01-14 08:17:51','2012-05-26 04:05:13'),(29,'室内A地',14,'2012-05-22 06:00:51','2012-05-26 04:05:52'),(30,'室内B地',14,'2012-05-26 04:06:03','2012-05-26 04:06:03'),(31,'已购',6,'2012-05-26 04:48:17','2012-05-26 04:48:17'),(32,'赞助',6,'2012-05-26 04:48:27','2012-05-26 04:48:27'),(33,'冬令时',2,'2012-05-28 02:40:16','2012-05-28 02:40:16'),(34,'夏令时',2,'2012-05-28 02:41:10','2012-05-28 02:41:10'),(35,'1',15,'2012-05-29 15:30:27','2012-05-29 15:30:27'),(36,'2',15,'2012-05-29 15:30:27','2012-05-29 15:30:27'),(37,'3',15,'2012-05-29 15:30:27','2012-05-29 15:30:27'),(38,'4',15,'2012-05-29 15:30:27','2012-05-29 15:30:27'),(39,'5',15,'2012-05-29 15:30:27','2012-05-29 15:30:27'),(40,'6',15,'2012-05-29 15:30:27','2012-05-29 15:30:27'),(41,'7',15,'2012-05-29 15:30:27','2012-05-29 15:30:27'),(42,'8',15,'2012-05-29 15:30:27','2012-05-29 15:30:27'),(43,'9',15,'2012-05-29 15:30:27','2012-05-29 15:30:27'),(44,'10',15,'2012-05-29 15:30:27','2012-05-29 15:30:27'),(45,'11',15,'2012-05-29 15:30:27','2012-05-29 15:30:27'),(46,'12',15,'2012-05-29 15:30:27','2012-05-29 15:30:27'),(47,'护照',4,'2012-06-03 03:48:34','2012-06-03 03:48:34'),(49,'室内馆A',12,'2012-06-25 01:43:27','2012-06-25 01:43:27'),(50,'室内馆B',12,'2012-06-25 01:43:39','2012-06-25 01:43:39');
/*!40000 ALTER TABLE `common_resource_details` ENABLE KEYS */;
UNLOCK TABLES;

--
-- Table structure for table `common_resources`
--

DROP TABLE IF EXISTS `common_resources`;
SET @saved_cs_client     = @@character_set_client;
SET character_set_client = utf8;
CREATE TABLE `common_resources` (
  `id` int(11) NOT NULL auto_increment,
  `name` varchar(255) collate utf8_unicode_ci default NULL,
  `description` text collate utf8_unicode_ci,
  `detail_str` text collate utf8_unicode_ci,
  `created_at` datetime default NULL,
  `updated_at` datetime default NULL,
  PRIMARY KEY  (`id`)
) ENGINE=InnoDB AUTO_INCREMENT=16 DEFAULT CHARSET=utf8 COLLATE=utf8_unicode_ci;
SET character_set_client = @saved_cs_client;

--
-- Dumping data for table `common_resources`
--

LOCK TABLES `common_resources` WRITE;
/*!40000 ALTER TABLE `common_resources` DISABLE KEYS */;
INSERT INTO `common_resources` VALUES (1,'card_type','卡类型','储值卡 记次卡','2011-05-27 18:27:02','2011-05-27 18:27:02'),(2,'period_type','时段类型','夏令时 冬令时 节假日','2011-05-27 18:27:02','2011-05-27 18:27:02'),(3,'coach_type','教练类型','全职教练 客人自带','2011-05-27 18:27:02','2011-05-27 18:27:02'),(4,'cert_type','证件类型','身份证 军人证','2011-05-27 18:27:02','2011-05-27 18:27:02'),(5,'good_type','商品类型','食品 球具','2011-05-27 18:27:02','2011-05-27 18:27:02'),(6,'good_source','商品来源','代卖','2011-05-27 18:27:02','2011-05-27 18:27:02'),(7,'agent_to_buy_time','申请代卖提前时间(小时)','1','2011-05-27 18:27:02','2011-05-27 18:27:02'),(8,'cancle_time','低于此时间不得取消（小时)','24','2011-05-27 18:27:02','2011-05-27 18:27:02'),(9,'change_time','少余此时间不得变更(小时)','0','2011-05-27 18:27:02','2011-05-27 18:27:02'),(10,'active_time','低于此时间不得开场(分钟)','30','2011-05-27 18:27:02','2011-05-27 18:27:02'),(12,'locker_type',NULL,NULL,'2011-06-27 05:59:50','2011-06-27 05:59:50'),(13,'locker_due_time','储物柜到期提醒时间（天 ）','7','2011-06-27 05:59:50','2011-06-27 05:59:50'),(14,'court_type','场地类型','网球场 羽毛球场','2012-01-14 08:17:37','2012-01-14 08:17:37'),(15,'times_summer','夏令时','1 12','2012-05-29 15:30:27','2012-05-29 15:30:27');
/*!40000 ALTER TABLE `common_resources` ENABLE KEYS */;
UNLOCK TABLES;

--
-- Table structure for table `court_period_prices`
--

DROP TABLE IF EXISTS `court_period_prices`;
SET @saved_cs_client     = @@character_set_client;
SET character_set_client = utf8;
CREATE TABLE `court_period_prices` (
  `id` int(11) NOT NULL auto_increment,
  `court_id` int(11) default NULL,
  `period_price_id` int(11) default NULL,
  `court_price` decimal(10,2) default '0.00',
  `description` text collate utf8_unicode_ci,
  `created_at` datetime default NULL,
  `updated_at` datetime default NULL,
  PRIMARY KEY  (`id`)
) ENGINE=InnoDB AUTO_INCREMENT=791 DEFAULT CHARSET=utf8 COLLATE=utf8_unicode_ci;
SET character_set_client = @saved_cs_client;

--
-- Dumping data for table `court_period_prices`
--

LOCK TABLES `court_period_prices` WRITE;
/*!40000 ALTER TABLE `court_period_prices` DISABLE KEYS */;
INSERT INTO `court_period_prices` VALUES (1,1,2,'400.00',NULL,'2011-12-19 05:10:19','2011-12-19 05:10:19'),(2,1,3,'300.00',NULL,'2011-12-19 05:10:19','2011-12-19 05:10:19'),(3,1,1,'300.00',NULL,'2011-12-19 05:10:19','2011-12-19 05:10:19'),(4,2,2,'400.00',NULL,'2011-12-19 05:10:59','2011-12-19 05:10:59'),(5,2,3,'300.00',NULL,'2011-12-19 05:10:59','2011-12-19 05:10:59'),(6,2,1,'300.00',NULL,'2011-12-19 05:10:59','2011-12-19 05:10:59'),(7,NULL,2,'400.00',NULL,'2011-12-19 05:15:30','2011-12-19 05:15:30'),(8,NULL,3,'300.00',NULL,'2011-12-19 05:15:30','2011-12-19 05:15:30'),(9,NULL,1,'300.00',NULL,'2011-12-19 05:15:30','2011-12-19 05:15:30'),(10,NULL,2,'400.00',NULL,'2011-12-19 05:15:48','2011-12-19 05:15:48'),(11,NULL,3,'300.00',NULL,'2011-12-19 05:15:48','2011-12-19 05:15:48'),(12,NULL,1,'300.00',NULL,'2011-12-19 05:15:48','2011-12-19 05:15:48'),(13,NULL,2,'400.00',NULL,'2011-12-19 05:15:59','2011-12-19 05:15:59'),(14,NULL,3,'300.00',NULL,'2011-12-19 05:15:59','2011-12-19 05:15:59'),(15,NULL,1,'300.00',NULL,'2011-12-19 05:15:59','2011-12-19 05:15:59'),(16,NULL,2,'400.00',NULL,'2011-12-19 05:16:13','2011-12-19 05:16:13'),(17,NULL,3,'300.00',NULL,'2011-12-19 05:16:13','2011-12-19 05:16:13'),(18,NULL,1,'300.00',NULL,'2011-12-19 05:16:13','2011-12-19 05:16:13'),(19,1,4,'400.00',NULL,'2011-12-26 06:03:13','2011-12-26 06:03:13'),(20,2,4,'400.00',NULL,'2011-12-26 06:03:13','2011-12-26 06:03:13'),(21,NULL,4,'400.00',NULL,'2011-12-26 06:03:13','2011-12-26 06:03:13'),(22,NULL,4,'400.00',NULL,'2011-12-26 06:03:13','2011-12-26 06:03:13'),(23,NULL,4,'400.00',NULL,'2011-12-26 06:03:13','2011-12-26 06:03:13'),(24,NULL,4,'400.00',NULL,'2011-12-26 06:03:13','2011-12-26 06:03:13'),(25,1,5,'300.00',NULL,'2011-12-26 06:04:07','2011-12-26 06:04:07'),(26,2,5,'300.00',NULL,'2011-12-26 06:04:07','2011-12-26 06:04:07'),(27,NULL,5,'300.00',NULL,'2011-12-26 06:04:07','2011-12-26 06:04:07'),(28,NULL,5,'300.00',NULL,'2011-12-26 06:04:07','2011-12-26 06:04:07'),(29,NULL,5,'300.00',NULL,'2011-12-26 06:04:07','2011-12-26 06:04:07'),(30,NULL,5,'300.00',NULL,'2011-12-26 06:04:07','2011-12-26 06:04:07'),(31,7,4,'400.00',NULL,'2012-01-30 02:09:41','2012-01-30 02:09:41'),(32,7,5,'300.00',NULL,'2012-01-30 02:09:41','2012-01-30 02:09:41'),(33,7,2,'400.00',NULL,'2012-01-30 02:09:41','2012-01-30 02:09:41'),(34,7,3,'300.00',NULL,'2012-01-30 02:09:41','2012-01-30 02:09:41'),(35,7,1,'300.00',NULL,'2012-01-30 02:09:41','2012-01-30 02:09:41'),(36,NULL,4,'400.00',NULL,'2012-01-30 02:10:19','2012-01-30 02:10:19'),(37,NULL,5,'300.00',NULL,'2012-01-30 02:10:19','2012-01-30 02:10:19'),(38,NULL,2,'400.00',NULL,'2012-01-30 02:10:19','2012-01-30 02:10:19'),(39,NULL,3,'300.00',NULL,'2012-01-30 02:10:19','2012-01-30 02:10:19'),(40,NULL,1,'300.00',NULL,'2012-01-30 02:10:19','2012-01-30 02:10:19'),(41,NULL,4,'400.00',NULL,'2012-01-31 07:04:04','2012-01-31 07:04:04'),(42,NULL,5,'300.00',NULL,'2012-01-31 07:04:04','2012-01-31 07:04:04'),(43,NULL,2,'400.00',NULL,'2012-01-31 07:04:04','2012-01-31 07:04:04'),(44,NULL,3,'300.00',NULL,'2012-01-31 07:04:04','2012-01-31 07:04:04'),(45,NULL,1,'300.00',NULL,'2012-01-31 07:04:04','2012-01-31 07:04:04'),(46,1,6,'300.00',NULL,'2012-02-10 07:39:20','2012-02-10 07:39:20'),(47,2,6,'300.00',NULL,'2012-02-10 07:39:20','2012-02-10 07:39:20'),(48,NULL,6,'300.00',NULL,'2012-02-10 07:39:20','2012-02-10 07:39:20'),(49,NULL,6,'300.00',NULL,'2012-02-10 07:39:20','2012-02-10 07:39:20'),(50,NULL,6,'300.00',NULL,'2012-02-10 07:39:20','2012-02-10 07:39:20'),(51,NULL,6,'300.00',NULL,'2012-02-10 07:39:20','2012-02-10 07:39:20'),(52,7,6,'300.00',NULL,'2012-02-10 07:39:20','2012-02-10 07:39:20'),(53,NULL,6,'300.00',NULL,'2012-02-10 07:39:20','2012-02-10 07:39:20'),(54,1,7,'400.00',NULL,'2012-02-10 07:40:12','2012-02-10 07:40:12'),(55,2,7,'400.00',NULL,'2012-02-10 07:40:12','2012-02-10 07:40:12'),(56,NULL,7,'400.00',NULL,'2012-02-10 07:40:12','2012-02-10 07:40:12'),(57,NULL,7,'400.00',NULL,'2012-02-10 07:40:12','2012-02-10 07:40:12'),(58,NULL,7,'400.00',NULL,'2012-02-10 07:40:12','2012-02-10 07:40:12'),(59,NULL,7,'400.00',NULL,'2012-02-10 07:40:12','2012-02-10 07:40:12'),(60,7,7,'400.00',NULL,'2012-02-10 07:40:12','2012-02-10 07:40:12'),(61,NULL,7,'400.00',NULL,'2012-02-10 07:40:12','2012-02-10 07:40:12'),(62,1,8,'300.00',NULL,'2012-02-10 07:40:36','2012-02-10 07:40:36'),(63,2,8,'300.00',NULL,'2012-02-10 07:40:36','2012-02-10 07:40:36'),(64,NULL,8,'300.00',NULL,'2012-02-10 07:40:36','2012-02-10 07:40:36'),(65,NULL,8,'300.00',NULL,'2012-02-10 07:40:36','2012-02-10 07:40:36'),(66,NULL,8,'300.00',NULL,'2012-02-10 07:40:36','2012-02-10 07:40:36'),(67,NULL,8,'300.00',NULL,'2012-02-10 07:40:36','2012-02-10 07:40:36'),(68,7,8,'300.00',NULL,'2012-02-10 07:40:36','2012-02-10 07:40:36'),(69,NULL,8,'300.00',NULL,'2012-02-10 07:40:36','2012-02-10 07:40:36'),(70,NULL,4,'400.00',NULL,'2012-04-13 05:07:24','2012-04-13 05:07:24'),(71,NULL,5,'300.00',NULL,'2012-04-13 05:07:24','2012-04-13 05:07:24'),(72,NULL,2,'400.00',NULL,'2012-04-13 05:07:24','2012-04-13 05:07:24'),(73,NULL,3,'300.00',NULL,'2012-04-13 05:07:24','2012-04-13 05:07:24'),(74,NULL,1,'300.00',NULL,'2012-04-13 05:07:24','2012-04-13 05:07:24'),(75,NULL,7,'400.00',NULL,'2012-04-13 05:07:24','2012-04-13 05:07:24'),(76,NULL,8,'300.00',NULL,'2012-04-13 05:07:24','2012-04-13 05:07:24'),(77,NULL,6,'300.00',NULL,'2012-04-13 05:07:24','2012-04-13 05:07:24'),(78,NULL,4,'400.00',NULL,'2012-04-13 05:07:35','2012-04-13 05:07:35'),(79,NULL,5,'300.00',NULL,'2012-04-13 05:07:35','2012-04-13 05:07:35'),(80,NULL,2,'400.00',NULL,'2012-04-13 05:07:35','2012-04-13 05:07:35'),(81,NULL,3,'300.00',NULL,'2012-04-13 05:07:35','2012-04-13 05:07:35'),(82,NULL,1,'300.00',NULL,'2012-04-13 05:07:35','2012-04-13 05:07:35'),(83,NULL,7,'400.00',NULL,'2012-04-13 05:07:35','2012-04-13 05:07:35'),(84,NULL,8,'300.00',NULL,'2012-04-13 05:07:35','2012-04-13 05:07:35'),(85,NULL,6,'300.00',NULL,'2012-04-13 05:07:35','2012-04-13 05:07:35'),(86,NULL,4,'400.00',NULL,'2012-04-13 05:07:41','2012-04-13 05:07:41'),(87,NULL,5,'300.00',NULL,'2012-04-13 05:07:41','2012-04-13 05:07:41'),(88,NULL,2,'400.00',NULL,'2012-04-13 05:07:41','2012-04-13 05:07:41'),(89,NULL,3,'300.00',NULL,'2012-04-13 05:07:41','2012-04-13 05:07:41'),(90,NULL,1,'300.00',NULL,'2012-04-13 05:07:41','2012-04-13 05:07:41'),(91,NULL,7,'400.00',NULL,'2012-04-13 05:07:41','2012-04-13 05:07:41'),(92,NULL,8,'300.00',NULL,'2012-04-13 05:07:41','2012-04-13 05:07:41'),(93,NULL,6,'300.00',NULL,'2012-04-13 05:07:41','2012-04-13 05:07:41'),(94,NULL,4,'400.00',NULL,'2012-04-13 05:07:49','2012-04-13 05:07:49'),(95,NULL,5,'300.00',NULL,'2012-04-13 05:07:49','2012-04-13 05:07:49'),(96,NULL,2,'400.00',NULL,'2012-04-13 05:07:49','2012-04-13 05:07:49'),(97,NULL,3,'300.00',NULL,'2012-04-13 05:07:49','2012-04-13 05:07:49'),(98,NULL,1,'300.00',NULL,'2012-04-13 05:07:49','2012-04-13 05:07:49'),(99,NULL,7,'400.00',NULL,'2012-04-13 05:07:49','2012-04-13 05:07:49'),(100,NULL,8,'300.00',NULL,'2012-04-13 05:07:49','2012-04-13 05:07:49'),(101,NULL,6,'300.00',NULL,'2012-04-13 05:07:49','2012-04-13 05:07:49'),(102,NULL,4,'400.00',NULL,'2012-04-13 05:08:31','2012-04-13 05:08:31'),(103,NULL,5,'300.00',NULL,'2012-04-13 05:08:31','2012-04-13 05:08:31'),(104,NULL,2,'400.00',NULL,'2012-04-13 05:08:31','2012-04-13 05:08:31'),(105,NULL,3,'300.00',NULL,'2012-04-13 05:08:31','2012-04-13 05:08:31'),(106,NULL,1,'300.00',NULL,'2012-04-13 05:08:31','2012-04-13 05:08:31'),(107,NULL,7,'400.00',NULL,'2012-04-13 05:08:31','2012-04-13 05:08:31'),(108,NULL,8,'300.00',NULL,'2012-04-13 05:08:31','2012-04-13 05:08:31'),(109,NULL,6,'300.00',NULL,'2012-04-13 05:08:31','2012-04-13 05:08:31'),(110,NULL,4,'400.00',NULL,'2012-04-13 05:08:44','2012-04-13 05:08:44'),(111,NULL,5,'300.00',NULL,'2012-04-13 05:08:44','2012-04-13 05:08:44'),(112,NULL,2,'400.00',NULL,'2012-04-13 05:08:44','2012-04-13 05:08:44'),(113,NULL,3,'300.00',NULL,'2012-04-13 05:08:44','2012-04-13 05:08:44'),(114,NULL,1,'300.00',NULL,'2012-04-13 05:08:44','2012-04-13 05:08:44'),(115,NULL,7,'400.00',NULL,'2012-04-13 05:08:44','2012-04-13 05:08:44'),(116,NULL,8,'300.00',NULL,'2012-04-13 05:08:44','2012-04-13 05:08:44'),(117,NULL,6,'300.00',NULL,'2012-04-13 05:08:44','2012-04-13 05:08:44'),(118,NULL,4,'400.00',NULL,'2012-04-13 05:09:10','2012-04-13 05:09:10'),(119,NULL,5,'300.00',NULL,'2012-04-13 05:09:10','2012-04-13 05:09:10'),(120,NULL,2,'400.00',NULL,'2012-04-13 05:09:10','2012-04-13 05:09:10'),(121,NULL,3,'300.00',NULL,'2012-04-13 05:09:10','2012-04-13 05:09:10'),(122,NULL,1,'300.00',NULL,'2012-04-13 05:09:10','2012-04-13 05:09:10'),(123,NULL,7,'400.00',NULL,'2012-04-13 05:09:10','2012-04-13 05:09:10'),(124,NULL,8,'300.00',NULL,'2012-04-13 05:09:10','2012-04-13 05:09:10'),(125,NULL,6,'300.00',NULL,'2012-04-13 05:09:10','2012-04-13 05:09:10'),(126,NULL,4,'400.00',NULL,'2012-04-13 05:09:50','2012-04-13 05:09:50'),(127,NULL,5,'300.00',NULL,'2012-04-13 05:09:50','2012-04-13 05:09:50'),(128,NULL,2,'400.00',NULL,'2012-04-13 05:09:50','2012-04-13 05:09:50'),(129,NULL,3,'300.00',NULL,'2012-04-13 05:09:50','2012-04-13 05:09:50'),(130,NULL,1,'300.00',NULL,'2012-04-13 05:09:50','2012-04-13 05:09:50'),(131,NULL,7,'400.00',NULL,'2012-04-13 05:09:50','2012-04-13 05:09:50'),(132,NULL,8,'300.00',NULL,'2012-04-13 05:09:50','2012-04-13 05:09:50'),(133,NULL,6,'300.00',NULL,'2012-04-13 05:09:50','2012-04-13 05:09:50'),(134,NULL,4,'400.00',NULL,'2012-04-13 05:10:18','2012-04-13 05:10:18'),(135,NULL,5,'300.00',NULL,'2012-04-13 05:10:18','2012-04-13 05:10:18'),(136,NULL,2,'400.00',NULL,'2012-04-13 05:10:18','2012-04-13 05:10:18'),(137,NULL,3,'300.00',NULL,'2012-04-13 05:10:18','2012-04-13 05:10:18'),(138,NULL,1,'300.00',NULL,'2012-04-13 05:10:18','2012-04-13 05:10:18'),(139,NULL,7,'400.00',NULL,'2012-04-13 05:10:18','2012-04-13 05:10:18'),(140,NULL,8,'300.00',NULL,'2012-04-13 05:10:18','2012-04-13 05:10:18'),(141,NULL,6,'300.00',NULL,'2012-04-13 05:10:18','2012-04-13 05:10:18'),(142,NULL,4,'400.00',NULL,'2012-04-13 05:10:34','2012-04-13 05:10:34'),(143,NULL,5,'300.00',NULL,'2012-04-13 05:10:34','2012-04-13 05:10:34'),(144,NULL,2,'400.00',NULL,'2012-04-13 05:10:34','2012-04-13 05:10:34'),(145,NULL,3,'300.00',NULL,'2012-04-13 05:10:34','2012-04-13 05:10:34'),(146,NULL,1,'300.00',NULL,'2012-04-13 05:10:34','2012-04-13 05:10:34'),(147,NULL,7,'400.00',NULL,'2012-04-13 05:10:34','2012-04-13 05:10:34'),(148,NULL,8,'300.00',NULL,'2012-04-13 05:10:34','2012-04-13 05:10:34'),(149,NULL,6,'300.00',NULL,'2012-04-13 05:10:34','2012-04-13 05:10:34'),(150,1,9,'100.00',NULL,'2012-05-22 05:23:39','2012-05-22 05:23:39'),(151,2,9,'100.00',NULL,'2012-05-22 05:23:39','2012-05-22 05:23:39'),(152,NULL,9,'100.00',NULL,'2012-05-22 05:23:39','2012-05-22 05:23:39'),(153,NULL,9,'100.00',NULL,'2012-05-22 05:23:39','2012-05-22 05:23:39'),(154,NULL,9,'100.00',NULL,'2012-05-22 05:23:39','2012-05-22 05:23:39'),(155,NULL,9,'100.00',NULL,'2012-05-22 05:23:39','2012-05-22 05:23:39'),(156,7,9,'100.00',NULL,'2012-05-22 05:23:39','2012-05-22 05:23:39'),(157,NULL,9,'100.00',NULL,'2012-05-22 05:23:39','2012-05-22 05:23:39'),(158,NULL,9,'100.00',NULL,'2012-05-22 05:23:39','2012-05-22 05:23:39'),(159,NULL,9,'100.00',NULL,'2012-05-22 05:23:39','2012-05-22 05:23:39'),(160,NULL,9,'100.00',NULL,'2012-05-22 05:23:39','2012-05-22 05:23:39'),(161,NULL,9,'100.00',NULL,'2012-05-22 05:23:39','2012-05-22 05:23:39'),(162,1,10,'150.00',NULL,'2012-05-22 05:24:23','2012-05-22 05:24:23'),(163,2,10,'150.00',NULL,'2012-05-22 05:24:23','2012-05-22 05:24:23'),(164,NULL,10,'150.00',NULL,'2012-05-22 05:24:23','2012-05-22 05:24:23'),(165,NULL,10,'150.00',NULL,'2012-05-22 05:24:23','2012-05-22 05:24:23'),(166,NULL,10,'150.00',NULL,'2012-05-22 05:24:23','2012-05-22 05:24:23'),(167,NULL,10,'150.00',NULL,'2012-05-22 05:24:23','2012-05-22 05:24:23'),(168,7,10,'150.00',NULL,'2012-05-22 05:24:23','2012-05-22 05:24:23'),(169,NULL,10,'150.00',NULL,'2012-05-22 05:24:23','2012-05-22 05:24:23'),(170,NULL,10,'150.00',NULL,'2012-05-22 05:24:23','2012-05-22 05:24:23'),(171,NULL,10,'150.00',NULL,'2012-05-22 05:24:23','2012-05-22 05:24:23'),(172,NULL,10,'150.00',NULL,'2012-05-22 05:24:23','2012-05-22 05:24:23'),(173,NULL,10,'150.00',NULL,'2012-05-22 05:24:23','2012-05-22 05:24:23'),(174,1,11,'100.00',NULL,'2012-05-22 05:24:42','2012-05-22 05:24:42'),(175,2,11,'100.00',NULL,'2012-05-22 05:24:42','2012-05-22 05:24:42'),(176,NULL,11,'100.00',NULL,'2012-05-22 05:24:42','2012-05-22 05:24:42'),(177,NULL,11,'100.00',NULL,'2012-05-22 05:24:42','2012-05-22 05:24:42'),(178,NULL,11,'100.00',NULL,'2012-05-22 05:24:42','2012-05-22 05:24:42'),(179,NULL,11,'100.00',NULL,'2012-05-22 05:24:42','2012-05-22 05:24:42'),(180,7,11,'100.00',NULL,'2012-05-22 05:24:42','2012-05-22 05:24:42'),(181,NULL,11,'100.00',NULL,'2012-05-22 05:24:42','2012-05-22 05:24:42'),(182,NULL,11,'100.00',NULL,'2012-05-22 05:24:42','2012-05-22 05:24:42'),(183,NULL,11,'100.00',NULL,'2012-05-22 05:24:42','2012-05-22 05:24:42'),(184,NULL,11,'100.00',NULL,'2012-05-22 05:24:42','2012-05-22 05:24:42'),(185,NULL,11,'100.00',NULL,'2012-05-22 05:24:42','2012-05-22 05:24:42'),(186,NULL,4,'400.00',NULL,'2012-05-22 06:08:42','2012-05-22 06:08:42'),(187,NULL,5,'300.00',NULL,'2012-05-22 06:08:42','2012-05-22 06:08:42'),(188,NULL,10,'150.00',NULL,'2012-05-22 06:08:42','2012-05-22 06:08:42'),(189,NULL,11,'100.00',NULL,'2012-05-22 06:08:42','2012-05-22 06:08:42'),(190,NULL,9,'100.00',NULL,'2012-05-22 06:08:42','2012-05-22 06:08:42'),(191,NULL,2,'400.00',NULL,'2012-05-22 06:08:42','2012-05-22 06:08:42'),(192,NULL,3,'300.00',NULL,'2012-05-22 06:08:42','2012-05-22 06:08:42'),(193,NULL,1,'300.00',NULL,'2012-05-22 06:08:42','2012-05-22 06:08:42'),(194,NULL,7,'400.00',NULL,'2012-05-22 06:08:42','2012-05-22 06:08:42'),(195,NULL,8,'300.00',NULL,'2012-05-22 06:08:42','2012-05-22 06:08:42'),(196,NULL,6,'300.00',NULL,'2012-05-22 06:08:42','2012-05-22 06:08:42'),(197,NULL,4,'400.00',NULL,'2012-05-22 06:09:06','2012-05-22 06:09:06'),(198,NULL,5,'300.00',NULL,'2012-05-22 06:09:06','2012-05-22 06:09:06'),(199,NULL,10,'150.00',NULL,'2012-05-22 06:09:06','2012-05-22 06:09:06'),(200,NULL,11,'100.00',NULL,'2012-05-22 06:09:06','2012-05-22 06:09:06'),(201,NULL,9,'100.00',NULL,'2012-05-22 06:09:06','2012-05-22 06:09:06'),(202,NULL,2,'400.00',NULL,'2012-05-22 06:09:06','2012-05-22 06:09:06'),(203,NULL,3,'300.00',NULL,'2012-05-22 06:09:06','2012-05-22 06:09:06'),(204,NULL,1,'300.00',NULL,'2012-05-22 06:09:06','2012-05-22 06:09:06'),(205,NULL,7,'400.00',NULL,'2012-05-22 06:09:06','2012-05-22 06:09:06'),(206,NULL,8,'300.00',NULL,'2012-05-22 06:09:06','2012-05-22 06:09:06'),(207,NULL,6,'300.00',NULL,'2012-05-22 06:09:06','2012-05-22 06:09:06'),(208,NULL,4,'400.00',NULL,'2012-05-22 06:09:42','2012-05-22 06:09:42'),(209,NULL,5,'300.00',NULL,'2012-05-22 06:09:42','2012-05-22 06:09:42'),(210,NULL,10,'150.00',NULL,'2012-05-22 06:09:42','2012-05-22 06:09:42'),(211,NULL,11,'100.00',NULL,'2012-05-22 06:09:42','2012-05-22 06:09:42'),(212,NULL,9,'100.00',NULL,'2012-05-22 06:09:42','2012-05-22 06:09:42'),(213,NULL,2,'400.00',NULL,'2012-05-22 06:09:42','2012-05-22 06:09:42'),(214,NULL,3,'300.00',NULL,'2012-05-22 06:09:42','2012-05-22 06:09:42'),(215,NULL,1,'300.00',NULL,'2012-05-22 06:09:42','2012-05-22 06:09:42'),(216,NULL,7,'400.00',NULL,'2012-05-22 06:09:42','2012-05-22 06:09:42'),(217,NULL,8,'300.00',NULL,'2012-05-22 06:09:42','2012-05-22 06:09:42'),(218,NULL,6,'300.00',NULL,'2012-05-22 06:09:42','2012-05-22 06:09:42'),(219,NULL,4,'400.00',NULL,'2012-05-22 06:10:02','2012-05-22 06:10:02'),(220,NULL,5,'300.00',NULL,'2012-05-22 06:10:02','2012-05-22 06:10:02'),(221,NULL,10,'150.00',NULL,'2012-05-22 06:10:02','2012-05-22 06:10:02'),(222,NULL,11,'100.00',NULL,'2012-05-22 06:10:02','2012-05-22 06:10:02'),(223,NULL,9,'100.00',NULL,'2012-05-22 06:10:02','2012-05-22 06:10:02'),(224,NULL,2,'400.00',NULL,'2012-05-22 06:10:02','2012-05-22 06:10:02'),(225,NULL,3,'300.00',NULL,'2012-05-22 06:10:02','2012-05-22 06:10:02'),(226,NULL,1,'300.00',NULL,'2012-05-22 06:10:02','2012-05-22 06:10:02'),(227,NULL,7,'400.00',NULL,'2012-05-22 06:10:02','2012-05-22 06:10:02'),(228,NULL,8,'300.00',NULL,'2012-05-22 06:10:02','2012-05-22 06:10:02'),(229,NULL,6,'300.00',NULL,'2012-05-22 06:10:02','2012-05-22 06:10:02'),(230,NULL,4,'400.00',NULL,'2012-05-22 06:10:24','2012-05-22 06:10:24'),(231,NULL,5,'300.00',NULL,'2012-05-22 06:10:24','2012-05-22 06:10:24'),(232,NULL,10,'150.00',NULL,'2012-05-22 06:10:24','2012-05-22 06:10:24'),(233,NULL,11,'100.00',NULL,'2012-05-22 06:10:24','2012-05-22 06:10:24'),(234,NULL,9,'100.00',NULL,'2012-05-22 06:10:24','2012-05-22 06:10:24'),(235,NULL,2,'400.00',NULL,'2012-05-22 06:10:24','2012-05-22 06:10:24'),(236,NULL,3,'300.00',NULL,'2012-05-22 06:10:24','2012-05-22 06:10:24'),(237,NULL,1,'300.00',NULL,'2012-05-22 06:10:24','2012-05-22 06:10:24'),(238,NULL,7,'400.00',NULL,'2012-05-22 06:10:24','2012-05-22 06:10:24'),(239,NULL,8,'300.00',NULL,'2012-05-22 06:10:24','2012-05-22 06:10:24'),(240,NULL,6,'300.00',NULL,'2012-05-22 06:10:24','2012-05-22 06:10:24'),(241,NULL,4,'400.00',NULL,'2012-05-22 06:10:43','2012-05-22 06:10:43'),(242,NULL,5,'300.00',NULL,'2012-05-22 06:10:43','2012-05-22 06:10:43'),(243,NULL,10,'150.00',NULL,'2012-05-22 06:10:43','2012-05-22 06:10:43'),(244,NULL,11,'100.00',NULL,'2012-05-22 06:10:43','2012-05-22 06:10:43'),(245,NULL,9,'100.00',NULL,'2012-05-22 06:10:43','2012-05-22 06:10:43'),(246,NULL,2,'400.00',NULL,'2012-05-22 06:10:43','2012-05-22 06:10:43'),(247,NULL,3,'300.00',NULL,'2012-05-22 06:10:43','2012-05-22 06:10:43'),(248,NULL,1,'300.00',NULL,'2012-05-22 06:10:43','2012-05-22 06:10:43'),(249,NULL,7,'400.00',NULL,'2012-05-22 06:10:43','2012-05-22 06:10:43'),(250,NULL,8,'300.00',NULL,'2012-05-22 06:10:43','2012-05-22 06:10:43'),(251,NULL,6,'300.00',NULL,'2012-05-22 06:10:43','2012-05-22 06:10:43'),(252,NULL,4,'400.00',NULL,'2012-05-22 07:27:19','2012-05-22 07:27:19'),(253,NULL,5,'300.00',NULL,'2012-05-22 07:27:19','2012-05-22 07:27:19'),(254,NULL,10,'150.00',NULL,'2012-05-22 07:27:19','2012-05-22 07:27:19'),(255,NULL,11,'100.00',NULL,'2012-05-22 07:27:19','2012-05-22 07:27:19'),(256,NULL,9,'100.00',NULL,'2012-05-22 07:27:19','2012-05-22 07:27:19'),(257,NULL,2,'400.00',NULL,'2012-05-22 07:27:19','2012-05-22 07:27:19'),(258,NULL,3,'300.00',NULL,'2012-05-22 07:27:19','2012-05-22 07:27:19'),(259,NULL,1,'300.00',NULL,'2012-05-22 07:27:19','2012-05-22 07:27:19'),(260,NULL,7,'400.00',NULL,'2012-05-22 07:27:19','2012-05-22 07:27:19'),(261,NULL,8,'300.00',NULL,'2012-05-22 07:27:19','2012-05-22 07:27:19'),(262,NULL,6,'300.00',NULL,'2012-05-22 07:27:19','2012-05-22 07:27:19'),(263,1,3,'100.00',NULL,'2012-05-26 03:47:23','2012-05-26 03:47:23'),(264,1,9,'800.00',NULL,'2012-05-26 03:47:23','2012-05-26 03:47:23'),(265,1,6,'300.00',NULL,'2012-05-26 03:47:23','2012-05-26 03:47:23'),(266,1,2,'100.00',NULL,'2012-05-26 03:47:23','2012-05-26 03:47:23'),(267,1,1,'60.00',NULL,'2012-05-26 03:47:23','2012-05-26 03:47:23'),(268,1,8,'800.00',NULL,'2012-05-26 03:47:23','2012-05-26 03:47:23'),(269,1,7,'600.00',NULL,'2012-05-26 03:47:23','2012-05-26 03:47:23'),(270,1,5,'300.00',NULL,'2012-05-26 03:47:23','2012-05-26 03:47:23'),(271,1,4,'200.00',NULL,'2012-05-26 03:47:23','2012-05-26 03:47:23'),(272,2,3,'100.00',NULL,'2012-05-26 03:48:12','2012-05-26 03:48:12'),(273,2,9,'800.00',NULL,'2012-05-26 03:48:12','2012-05-26 03:48:12'),(274,2,6,'300.00',NULL,'2012-05-26 03:48:12','2012-05-26 03:48:12'),(275,2,2,'100.00',NULL,'2012-05-26 03:48:12','2012-05-26 03:48:12'),(276,2,1,'60.00',NULL,'2012-05-26 03:48:12','2012-05-26 03:48:12'),(277,2,8,'800.00',NULL,'2012-05-26 03:48:12','2012-05-26 03:48:12'),(278,2,7,'600.00',NULL,'2012-05-26 03:48:12','2012-05-26 03:48:12'),(279,2,5,'300.00',NULL,'2012-05-26 03:48:12','2012-05-26 03:48:12'),(280,2,4,'200.00',NULL,'2012-05-26 03:48:12','2012-05-26 03:48:12'),(281,2,3,'100.00',NULL,'2012-05-26 03:48:48','2012-05-26 03:48:48'),(282,2,9,'800.00',NULL,'2012-05-26 03:48:48','2012-05-26 03:48:48'),(283,2,6,'300.00',NULL,'2012-05-26 03:48:48','2012-05-26 03:48:48'),(284,2,2,'100.00',NULL,'2012-05-26 03:48:48','2012-05-26 03:48:48'),(285,2,1,'60.00',NULL,'2012-05-26 03:48:48','2012-05-26 03:48:48'),(286,2,8,'800.00',NULL,'2012-05-26 03:48:48','2012-05-26 03:48:48'),(287,2,7,'600.00',NULL,'2012-05-26 03:48:48','2012-05-26 03:48:48'),(288,2,5,'300.00',NULL,'2012-05-26 03:48:48','2012-05-26 03:48:48'),(289,2,4,'200.00',NULL,'2012-05-26 03:48:48','2012-05-26 03:48:48'),(290,2,3,'100.00',NULL,'2012-05-26 03:49:07','2012-05-26 03:49:07'),(291,2,9,'800.00',NULL,'2012-05-26 03:49:07','2012-05-26 03:49:07'),(292,2,6,'300.00',NULL,'2012-05-26 03:49:07','2012-05-26 03:49:07'),(293,2,2,'100.00',NULL,'2012-05-26 03:49:07','2012-05-26 03:49:07'),(294,2,1,'60.00',NULL,'2012-05-26 03:49:07','2012-05-26 03:49:07'),(295,2,8,'800.00',NULL,'2012-05-26 03:49:07','2012-05-26 03:49:07'),(296,2,7,'600.00',NULL,'2012-05-26 03:49:07','2012-05-26 03:49:07'),(297,2,5,'300.00',NULL,'2012-05-26 03:49:07','2012-05-26 03:49:07'),(298,2,4,'200.00',NULL,'2012-05-26 03:49:07','2012-05-26 03:49:07'),(299,2,3,'100.00',NULL,'2012-05-26 03:49:26','2012-05-26 03:49:26'),(300,2,9,'800.00',NULL,'2012-05-26 03:49:26','2012-05-26 03:49:26'),(301,2,6,'300.00',NULL,'2012-05-26 03:49:26','2012-05-26 03:49:26'),(302,2,2,'100.00',NULL,'2012-05-26 03:49:26','2012-05-26 03:49:26'),(303,2,1,'60.00',NULL,'2012-05-26 03:49:26','2012-05-26 03:49:26'),(304,2,8,'800.00',NULL,'2012-05-26 03:49:26','2012-05-26 03:49:26'),(305,2,7,'600.00',NULL,'2012-05-26 03:49:26','2012-05-26 03:49:26'),(306,2,5,'300.00',NULL,'2012-05-26 03:49:26','2012-05-26 03:49:26'),(307,2,4,'200.00',NULL,'2012-05-26 03:49:26','2012-05-26 03:49:26'),(308,2,3,'100.00',NULL,'2012-05-26 03:49:38','2012-05-26 03:49:38'),(309,2,9,'800.00',NULL,'2012-05-26 03:49:38','2012-05-26 03:49:38'),(310,2,6,'300.00',NULL,'2012-05-26 03:49:38','2012-05-26 03:49:38'),(311,2,2,'100.00',NULL,'2012-05-26 03:49:38','2012-05-26 03:49:38'),(312,2,1,'60.00',NULL,'2012-05-26 03:49:38','2012-05-26 03:49:38'),(313,2,8,'800.00',NULL,'2012-05-26 03:49:38','2012-05-26 03:49:38'),(314,2,7,'600.00',NULL,'2012-05-26 03:49:38','2012-05-26 03:49:38'),(315,2,5,'300.00',NULL,'2012-05-26 03:49:38','2012-05-26 03:49:38'),(316,2,4,'200.00',NULL,'2012-05-26 03:49:38','2012-05-26 03:49:38'),(317,2,3,'100.00',NULL,'2012-05-26 03:50:11','2012-05-26 03:50:11'),(318,2,9,'800.00',NULL,'2012-05-26 03:50:11','2012-05-26 03:50:11'),(319,2,6,'300.00',NULL,'2012-05-26 03:50:11','2012-05-26 03:50:11'),(320,2,2,'100.00',NULL,'2012-05-26 03:50:11','2012-05-26 03:50:11'),(321,2,1,'60.00',NULL,'2012-05-26 03:50:11','2012-05-26 03:50:11'),(322,2,8,'800.00',NULL,'2012-05-26 03:50:11','2012-05-26 03:50:11'),(323,2,7,'600.00',NULL,'2012-05-26 03:50:11','2012-05-26 03:50:11'),(324,2,5,'300.00',NULL,'2012-05-26 03:50:11','2012-05-26 03:50:11'),(325,2,4,'200.00',NULL,'2012-05-26 03:50:11','2012-05-26 03:50:11'),(326,2,3,'100.00',NULL,'2012-05-26 03:50:23','2012-05-26 03:50:23'),(327,2,9,'800.00',NULL,'2012-05-26 03:50:23','2012-05-26 03:50:23'),(328,2,6,'300.00',NULL,'2012-05-26 03:50:23','2012-05-26 03:50:23'),(329,2,2,'100.00',NULL,'2012-05-26 03:50:23','2012-05-26 03:50:23'),(330,2,1,'60.00',NULL,'2012-05-26 03:50:23','2012-05-26 03:50:23'),(331,2,8,'800.00',NULL,'2012-05-26 03:50:23','2012-05-26 03:50:23'),(332,2,7,'600.00',NULL,'2012-05-26 03:50:23','2012-05-26 03:50:23'),(333,2,5,'300.00',NULL,'2012-05-26 03:50:23','2012-05-26 03:50:23'),(334,2,4,'200.00',NULL,'2012-05-26 03:50:23','2012-05-26 03:50:23'),(335,2,3,'100.00',NULL,'2012-05-26 03:50:32','2012-05-26 03:50:32'),(336,2,9,'800.00',NULL,'2012-05-26 03:50:32','2012-05-26 03:50:32'),(337,2,6,'300.00',NULL,'2012-05-26 03:50:32','2012-05-26 03:50:32'),(338,2,2,'100.00',NULL,'2012-05-26 03:50:32','2012-05-26 03:50:32'),(339,2,1,'60.00',NULL,'2012-05-26 03:50:32','2012-05-26 03:50:32'),(340,2,8,'800.00',NULL,'2012-05-26 03:50:32','2012-05-26 03:50:32'),(341,2,7,'600.00',NULL,'2012-05-26 03:50:32','2012-05-26 03:50:32'),(342,2,5,'300.00',NULL,'2012-05-26 03:50:32','2012-05-26 03:50:32'),(343,2,4,'200.00',NULL,'2012-05-26 03:50:32','2012-05-26 03:50:32'),(344,2,3,'100.00',NULL,'2012-05-26 03:50:46','2012-05-26 03:50:46'),(345,2,9,'800.00',NULL,'2012-05-26 03:50:46','2012-05-26 03:50:46'),(346,2,6,'300.00',NULL,'2012-05-26 03:50:46','2012-05-26 03:50:46'),(347,2,2,'100.00',NULL,'2012-05-26 03:50:46','2012-05-26 03:50:46'),(348,2,1,'60.00',NULL,'2012-05-26 03:50:46','2012-05-26 03:50:46'),(349,2,8,'800.00',NULL,'2012-05-26 03:50:46','2012-05-26 03:50:46'),(350,2,7,'600.00',NULL,'2012-05-26 03:50:46','2012-05-26 03:50:46'),(351,2,5,'300.00',NULL,'2012-05-26 03:50:46','2012-05-26 03:50:46'),(352,2,4,'200.00',NULL,'2012-05-26 03:50:46','2012-05-26 03:50:46'),(353,2,3,'100.00',NULL,'2012-05-26 03:51:02','2012-05-26 03:51:02'),(354,2,9,'800.00',NULL,'2012-05-26 03:51:02','2012-05-26 03:51:02'),(355,2,6,'300.00',NULL,'2012-05-26 03:51:02','2012-05-26 03:51:02'),(356,2,2,'100.00',NULL,'2012-05-26 03:51:02','2012-05-26 03:51:02'),(357,2,1,'60.00',NULL,'2012-05-26 03:51:02','2012-05-26 03:51:02'),(358,2,8,'800.00',NULL,'2012-05-26 03:51:02','2012-05-26 03:51:02'),(359,2,7,'600.00',NULL,'2012-05-26 03:51:02','2012-05-26 03:51:02'),(360,2,5,'300.00',NULL,'2012-05-26 03:51:02','2012-05-26 03:51:02'),(361,2,4,'200.00',NULL,'2012-05-26 03:51:02','2012-05-26 03:51:02'),(362,2,3,'100.00',NULL,'2012-05-26 03:51:16','2012-05-26 03:51:16'),(363,2,9,'800.00',NULL,'2012-05-26 03:51:16','2012-05-26 03:51:16'),(364,2,6,'300.00',NULL,'2012-05-26 03:51:16','2012-05-26 03:51:16'),(365,2,2,'100.00',NULL,'2012-05-26 03:51:16','2012-05-26 03:51:16'),(366,2,1,'60.00',NULL,'2012-05-26 03:51:16','2012-05-26 03:51:16'),(367,2,8,'800.00',NULL,'2012-05-26 03:51:16','2012-05-26 03:51:16'),(368,2,7,'600.00',NULL,'2012-05-26 03:51:16','2012-05-26 03:51:16'),(369,2,5,'300.00',NULL,'2012-05-26 03:51:16','2012-05-26 03:51:16'),(370,2,4,'200.00',NULL,'2012-05-26 03:51:16','2012-05-26 03:51:16'),(371,2,3,'100.00',NULL,'2012-05-26 03:51:29','2012-05-26 03:51:29'),(372,2,9,'800.00',NULL,'2012-05-26 03:51:29','2012-05-26 03:51:29'),(373,2,6,'300.00',NULL,'2012-05-26 03:51:29','2012-05-26 03:51:29'),(374,2,2,'100.00',NULL,'2012-05-26 03:51:29','2012-05-26 03:51:29'),(375,2,1,'60.00',NULL,'2012-05-26 03:51:29','2012-05-26 03:51:29'),(376,2,8,'800.00',NULL,'2012-05-26 03:51:29','2012-05-26 03:51:29'),(377,2,7,'600.00',NULL,'2012-05-26 03:51:29','2012-05-26 03:51:29'),(378,2,5,'300.00',NULL,'2012-05-26 03:51:29','2012-05-26 03:51:29'),(379,2,4,'200.00',NULL,'2012-05-26 03:51:29','2012-05-26 03:51:29'),(380,2,3,'100.00',NULL,'2012-05-26 03:51:44','2012-05-26 03:51:44'),(381,2,9,'800.00',NULL,'2012-05-26 03:51:44','2012-05-26 03:51:44'),(382,2,6,'300.00',NULL,'2012-05-26 03:51:44','2012-05-26 03:51:44'),(383,2,2,'100.00',NULL,'2012-05-26 03:51:44','2012-05-26 03:51:44'),(384,2,1,'60.00',NULL,'2012-05-26 03:51:44','2012-05-26 03:51:44'),(385,2,8,'800.00',NULL,'2012-05-26 03:51:44','2012-05-26 03:51:44'),(386,2,7,'600.00',NULL,'2012-05-26 03:51:44','2012-05-26 03:51:44'),(387,2,5,'300.00',NULL,'2012-05-26 03:51:44','2012-05-26 03:51:44'),(388,2,4,'200.00',NULL,'2012-05-26 03:51:44','2012-05-26 03:51:44'),(389,NULL,3,'100.00',NULL,'2012-05-26 03:54:35','2012-05-26 03:54:35'),(390,NULL,9,'800.00',NULL,'2012-05-26 03:54:35','2012-05-26 03:54:35'),(391,NULL,6,'300.00',NULL,'2012-05-26 03:54:35','2012-05-26 03:54:35'),(392,NULL,2,'100.00',NULL,'2012-05-26 03:54:35','2012-05-26 03:54:35'),(393,NULL,1,'60.00',NULL,'2012-05-26 03:54:35','2012-05-26 03:54:35'),(394,NULL,8,'800.00',NULL,'2012-05-26 03:54:35','2012-05-26 03:54:35'),(395,NULL,7,'600.00',NULL,'2012-05-26 03:54:35','2012-05-26 03:54:35'),(396,NULL,5,'300.00',NULL,'2012-05-26 03:54:35','2012-05-26 03:54:35'),(397,NULL,4,'200.00',NULL,'2012-05-26 03:54:35','2012-05-26 03:54:35'),(398,NULL,3,'100.00',NULL,'2012-05-26 03:55:25','2012-05-26 03:55:25'),(399,NULL,9,'800.00',NULL,'2012-05-26 03:55:25','2012-05-26 03:55:25'),(400,NULL,6,'300.00',NULL,'2012-05-26 03:55:25','2012-05-26 03:55:25'),(401,NULL,2,'100.00',NULL,'2012-05-26 03:55:25','2012-05-26 03:55:25'),(402,NULL,1,'60.00',NULL,'2012-05-26 03:55:25','2012-05-26 03:55:25'),(403,NULL,8,'800.00',NULL,'2012-05-26 03:55:25','2012-05-26 03:55:25'),(404,NULL,7,'600.00',NULL,'2012-05-26 03:55:25','2012-05-26 03:55:25'),(405,NULL,5,'300.00',NULL,'2012-05-26 03:55:25','2012-05-26 03:55:25'),(406,NULL,4,'200.00',NULL,'2012-05-26 03:55:25','2012-05-26 03:55:25'),(407,NULL,3,'100.00',NULL,'2012-05-26 03:55:50','2012-05-26 03:55:50'),(408,NULL,9,'800.00',NULL,'2012-05-26 03:55:50','2012-05-26 03:55:50'),(409,NULL,6,'300.00',NULL,'2012-05-26 03:55:50','2012-05-26 03:55:50'),(410,NULL,2,'100.00',NULL,'2012-05-26 03:55:50','2012-05-26 03:55:50'),(411,NULL,1,'60.00',NULL,'2012-05-26 03:55:50','2012-05-26 03:55:50'),(412,NULL,8,'800.00',NULL,'2012-05-26 03:55:50','2012-05-26 03:55:50'),(413,NULL,7,'600.00',NULL,'2012-05-26 03:55:50','2012-05-26 03:55:50'),(414,NULL,5,'300.00',NULL,'2012-05-26 03:55:50','2012-05-26 03:55:50'),(415,NULL,4,'200.00',NULL,'2012-05-26 03:55:50','2012-05-26 03:55:50'),(416,NULL,3,'100.00',NULL,'2012-05-26 03:56:21','2012-05-26 03:56:21'),(417,NULL,9,'800.00',NULL,'2012-05-26 03:56:21','2012-05-26 03:56:21'),(418,NULL,6,'300.00',NULL,'2012-05-26 03:56:21','2012-05-26 03:56:21'),(419,NULL,2,'100.00',NULL,'2012-05-26 03:56:21','2012-05-26 03:56:21'),(420,NULL,1,'60.00',NULL,'2012-05-26 03:56:21','2012-05-26 03:56:21'),(421,NULL,8,'800.00',NULL,'2012-05-26 03:56:21','2012-05-26 03:56:21'),(422,NULL,7,'600.00',NULL,'2012-05-26 03:56:21','2012-05-26 03:56:21'),(423,NULL,5,'300.00',NULL,'2012-05-26 03:56:21','2012-05-26 03:56:21'),(424,NULL,4,'200.00',NULL,'2012-05-26 03:56:21','2012-05-26 03:56:21'),(425,7,3,'100.00',NULL,'2012-05-26 03:57:24','2012-05-26 03:57:24'),(426,7,9,'800.00',NULL,'2012-05-26 03:57:24','2012-05-26 03:57:24'),(427,7,6,'300.00',NULL,'2012-05-26 03:57:24','2012-05-26 03:57:24'),(428,7,2,'100.00',NULL,'2012-05-26 03:57:24','2012-05-26 03:57:24'),(429,7,1,'60.00',NULL,'2012-05-26 03:57:24','2012-05-26 03:57:24'),(430,7,8,'800.00',NULL,'2012-05-26 03:57:24','2012-05-26 03:57:24'),(431,7,7,'600.00',NULL,'2012-05-26 03:57:24','2012-05-26 03:57:24'),(432,7,5,'300.00',NULL,'2012-05-26 03:57:24','2012-05-26 03:57:24'),(433,7,4,'200.00',NULL,'2012-05-26 03:57:24','2012-05-26 03:57:24'),(434,NULL,3,'100.00',NULL,'2012-05-26 04:00:29','2012-05-26 04:00:29'),(435,NULL,9,'800.00',NULL,'2012-05-26 04:00:29','2012-05-26 04:00:29'),(436,NULL,6,'300.00',NULL,'2012-05-26 04:00:29','2012-05-26 04:00:29'),(437,NULL,2,'100.00',NULL,'2012-05-26 04:00:29','2012-05-26 04:00:29'),(438,NULL,1,'60.00',NULL,'2012-05-26 04:00:29','2012-05-26 04:00:29'),(439,NULL,8,'800.00',NULL,'2012-05-26 04:00:29','2012-05-26 04:00:29'),(440,NULL,7,'600.00',NULL,'2012-05-26 04:00:29','2012-05-26 04:00:29'),(441,NULL,5,'300.00',NULL,'2012-05-26 04:00:29','2012-05-26 04:00:29'),(442,NULL,4,'200.00',NULL,'2012-05-26 04:00:29','2012-05-26 04:00:29'),(443,NULL,3,'100.00',NULL,'2012-05-26 04:00:59','2012-05-26 04:00:59'),(444,NULL,9,'800.00',NULL,'2012-05-26 04:00:59','2012-05-26 04:00:59'),(445,NULL,6,'300.00',NULL,'2012-05-26 04:00:59','2012-05-26 04:00:59'),(446,NULL,2,'100.00',NULL,'2012-05-26 04:00:59','2012-05-26 04:00:59'),(447,NULL,1,'60.00',NULL,'2012-05-26 04:00:59','2012-05-26 04:00:59'),(448,NULL,8,'800.00',NULL,'2012-05-26 04:00:59','2012-05-26 04:00:59'),(449,NULL,7,'600.00',NULL,'2012-05-26 04:00:59','2012-05-26 04:00:59'),(450,NULL,5,'300.00',NULL,'2012-05-26 04:00:59','2012-05-26 04:00:59'),(451,NULL,4,'200.00',NULL,'2012-05-26 04:00:59','2012-05-26 04:00:59'),(452,NULL,3,'100.00',NULL,'2012-05-26 04:01:29','2012-05-26 04:01:29'),(453,NULL,9,'800.00',NULL,'2012-05-26 04:01:29','2012-05-26 04:01:29'),(454,NULL,6,'300.00',NULL,'2012-05-26 04:01:29','2012-05-26 04:01:29'),(455,NULL,2,'100.00',NULL,'2012-05-26 04:01:29','2012-05-26 04:01:29'),(456,NULL,1,'60.00',NULL,'2012-05-26 04:01:29','2012-05-26 04:01:29'),(457,NULL,8,'800.00',NULL,'2012-05-26 04:01:29','2012-05-26 04:01:29'),(458,NULL,7,'600.00',NULL,'2012-05-26 04:01:29','2012-05-26 04:01:29'),(459,NULL,5,'300.00',NULL,'2012-05-26 04:01:29','2012-05-26 04:01:29'),(460,NULL,4,'200.00',NULL,'2012-05-26 04:01:29','2012-05-26 04:01:29'),(461,NULL,3,'100.00',NULL,'2012-05-26 04:02:14','2012-05-26 04:02:14'),(462,NULL,9,'800.00',NULL,'2012-05-26 04:02:14','2012-05-26 04:02:14'),(463,NULL,6,'300.00',NULL,'2012-05-26 04:02:14','2012-05-26 04:02:14'),(464,NULL,2,'100.00',NULL,'2012-05-26 04:02:14','2012-05-26 04:02:14'),(465,NULL,1,'60.00',NULL,'2012-05-26 04:02:14','2012-05-26 04:02:14'),(466,NULL,8,'800.00',NULL,'2012-05-26 04:02:14','2012-05-26 04:02:14'),(467,NULL,7,'600.00',NULL,'2012-05-26 04:02:14','2012-05-26 04:02:14'),(468,NULL,5,'300.00',NULL,'2012-05-26 04:02:14','2012-05-26 04:02:14'),(469,NULL,4,'200.00',NULL,'2012-05-26 04:02:14','2012-05-26 04:02:14'),(470,NULL,3,'100.00',NULL,'2012-05-26 04:02:38','2012-05-26 04:02:38'),(471,NULL,9,'800.00',NULL,'2012-05-26 04:02:38','2012-05-26 04:02:38'),(472,NULL,6,'300.00',NULL,'2012-05-26 04:02:38','2012-05-26 04:02:38'),(473,NULL,2,'100.00',NULL,'2012-05-26 04:02:38','2012-05-26 04:02:38'),(474,NULL,1,'60.00',NULL,'2012-05-26 04:02:38','2012-05-26 04:02:38'),(475,NULL,8,'800.00',NULL,'2012-05-26 04:02:38','2012-05-26 04:02:38'),(476,NULL,7,'600.00',NULL,'2012-05-26 04:02:38','2012-05-26 04:02:38'),(477,NULL,5,'300.00',NULL,'2012-05-26 04:02:38','2012-05-26 04:02:38'),(478,NULL,4,'200.00',NULL,'2012-05-26 04:02:38','2012-05-26 04:02:38'),(479,NULL,3,'100.00',NULL,'2012-05-26 04:03:05','2012-05-26 04:03:05'),(480,NULL,9,'800.00',NULL,'2012-05-26 04:03:05','2012-05-26 04:03:05'),(481,NULL,6,'300.00',NULL,'2012-05-26 04:03:05','2012-05-26 04:03:05'),(482,NULL,2,'100.00',NULL,'2012-05-26 04:03:05','2012-05-26 04:03:05'),(483,NULL,1,'60.00',NULL,'2012-05-26 04:03:05','2012-05-26 04:03:05'),(484,NULL,8,'800.00',NULL,'2012-05-26 04:03:05','2012-05-26 04:03:05'),(485,NULL,7,'600.00',NULL,'2012-05-26 04:03:05','2012-05-26 04:03:05'),(486,NULL,5,'300.00',NULL,'2012-05-26 04:03:05','2012-05-26 04:03:05'),(487,NULL,4,'200.00',NULL,'2012-05-26 04:03:05','2012-05-26 04:03:05'),(488,NULL,3,'100.00',NULL,'2012-05-26 04:03:42','2012-05-26 04:03:42'),(489,NULL,9,'800.00',NULL,'2012-05-26 04:03:42','2012-05-26 04:03:42'),(490,NULL,6,'300.00',NULL,'2012-05-26 04:03:42','2012-05-26 04:03:42'),(491,NULL,2,'100.00',NULL,'2012-05-26 04:03:42','2012-05-26 04:03:42'),(492,NULL,1,'60.00',NULL,'2012-05-26 04:03:42','2012-05-26 04:03:42'),(493,NULL,8,'800.00',NULL,'2012-05-26 04:03:42','2012-05-26 04:03:42'),(494,NULL,7,'600.00',NULL,'2012-05-26 04:03:42','2012-05-26 04:03:42'),(495,NULL,5,'300.00',NULL,'2012-05-26 04:03:42','2012-05-26 04:03:42'),(496,NULL,4,'200.00',NULL,'2012-05-26 04:03:42','2012-05-26 04:03:42'),(497,NULL,3,'100.00',NULL,'2012-05-26 04:09:40','2012-05-26 04:09:40'),(498,NULL,9,'800.00',NULL,'2012-05-26 04:09:40','2012-05-26 04:09:40'),(499,NULL,6,'300.00',NULL,'2012-05-26 04:09:40','2012-05-26 04:09:40'),(500,NULL,2,'100.00',NULL,'2012-05-26 04:09:40','2012-05-26 04:09:40'),(501,NULL,1,'60.00',NULL,'2012-05-26 04:09:40','2012-05-26 04:09:40'),(502,NULL,8,'800.00',NULL,'2012-05-26 04:09:40','2012-05-26 04:09:40'),(503,NULL,7,'600.00',NULL,'2012-05-26 04:09:40','2012-05-26 04:09:40'),(504,NULL,5,'300.00',NULL,'2012-05-26 04:09:40','2012-05-26 04:09:40'),(505,NULL,4,'200.00',NULL,'2012-05-26 04:09:40','2012-05-26 04:09:40'),(506,NULL,3,'100.00',NULL,'2012-05-26 04:10:03','2012-05-26 04:10:03'),(507,NULL,9,'800.00',NULL,'2012-05-26 04:10:03','2012-05-26 04:10:03'),(508,NULL,6,'300.00',NULL,'2012-05-26 04:10:03','2012-05-26 04:10:03'),(509,NULL,2,'100.00',NULL,'2012-05-26 04:10:03','2012-05-26 04:10:03'),(510,NULL,1,'60.00',NULL,'2012-05-26 04:10:03','2012-05-26 04:10:03'),(511,NULL,8,'800.00',NULL,'2012-05-26 04:10:03','2012-05-26 04:10:03'),(512,NULL,7,'600.00',NULL,'2012-05-26 04:10:03','2012-05-26 04:10:03'),(513,NULL,5,'300.00',NULL,'2012-05-26 04:10:03','2012-05-26 04:10:03'),(514,NULL,4,'200.00',NULL,'2012-05-26 04:10:03','2012-05-26 04:10:03'),(515,NULL,3,'100.00',NULL,'2012-05-26 04:10:27','2012-05-26 04:10:27'),(516,NULL,9,'800.00',NULL,'2012-05-26 04:10:27','2012-05-26 04:10:27'),(517,NULL,6,'300.00',NULL,'2012-05-26 04:10:27','2012-05-26 04:10:27'),(518,NULL,2,'100.00',NULL,'2012-05-26 04:10:27','2012-05-26 04:10:27'),(519,NULL,1,'60.00',NULL,'2012-05-26 04:10:27','2012-05-26 04:10:27'),(520,NULL,8,'800.00',NULL,'2012-05-26 04:10:27','2012-05-26 04:10:27'),(521,NULL,7,'600.00',NULL,'2012-05-26 04:10:27','2012-05-26 04:10:27'),(522,NULL,5,'300.00',NULL,'2012-05-26 04:10:27','2012-05-26 04:10:27'),(523,NULL,4,'200.00',NULL,'2012-05-26 04:10:27','2012-05-26 04:10:27'),(524,NULL,3,'100.00',NULL,'2012-05-26 04:10:43','2012-05-26 04:10:43'),(525,NULL,9,'800.00',NULL,'2012-05-26 04:10:43','2012-05-26 04:10:43'),(526,NULL,6,'300.00',NULL,'2012-05-26 04:10:43','2012-05-26 04:10:43'),(527,NULL,2,'100.00',NULL,'2012-05-26 04:10:43','2012-05-26 04:10:43'),(528,NULL,1,'60.00',NULL,'2012-05-26 04:10:43','2012-05-26 04:10:43'),(529,NULL,8,'800.00',NULL,'2012-05-26 04:10:43','2012-05-26 04:10:43'),(530,NULL,7,'600.00',NULL,'2012-05-26 04:10:43','2012-05-26 04:10:43'),(531,NULL,5,'300.00',NULL,'2012-05-26 04:10:43','2012-05-26 04:10:43'),(532,NULL,4,'200.00',NULL,'2012-05-26 04:10:43','2012-05-26 04:10:43'),(533,NULL,3,'100.00',NULL,'2012-05-26 04:11:05','2012-05-26 04:11:05'),(534,NULL,9,'800.00',NULL,'2012-05-26 04:11:05','2012-05-26 04:11:05'),(535,NULL,6,'300.00',NULL,'2012-05-26 04:11:05','2012-05-26 04:11:05'),(536,NULL,2,'100.00',NULL,'2012-05-26 04:11:05','2012-05-26 04:11:05'),(537,NULL,1,'60.00',NULL,'2012-05-26 04:11:05','2012-05-26 04:11:05'),(538,NULL,8,'800.00',NULL,'2012-05-26 04:11:05','2012-05-26 04:11:05'),(539,NULL,7,'600.00',NULL,'2012-05-26 04:11:05','2012-05-26 04:11:05'),(540,NULL,5,'300.00',NULL,'2012-05-26 04:11:05','2012-05-26 04:11:05'),(541,NULL,4,'200.00',NULL,'2012-05-26 04:11:05','2012-05-26 04:11:05'),(542,NULL,3,'100.00',NULL,'2012-05-26 04:11:26','2012-05-26 04:11:26'),(543,NULL,9,'800.00',NULL,'2012-05-26 04:11:26','2012-05-26 04:11:26'),(544,NULL,6,'300.00',NULL,'2012-05-26 04:11:26','2012-05-26 04:11:26'),(545,NULL,2,'100.00',NULL,'2012-05-26 04:11:26','2012-05-26 04:11:26'),(546,NULL,1,'60.00',NULL,'2012-05-26 04:11:26','2012-05-26 04:11:26'),(547,NULL,8,'800.00',NULL,'2012-05-26 04:11:26','2012-05-26 04:11:26'),(548,NULL,7,'600.00',NULL,'2012-05-26 04:11:26','2012-05-26 04:11:26'),(549,NULL,5,'300.00',NULL,'2012-05-26 04:11:26','2012-05-26 04:11:26'),(550,NULL,4,'200.00',NULL,'2012-05-26 04:11:26','2012-05-26 04:11:26'),(551,NULL,3,'100.00',NULL,'2012-05-26 04:11:41','2012-05-26 04:11:41'),(552,NULL,9,'800.00',NULL,'2012-05-26 04:11:41','2012-05-26 04:11:41'),(553,NULL,6,'300.00',NULL,'2012-05-26 04:11:41','2012-05-26 04:11:41'),(554,NULL,2,'100.00',NULL,'2012-05-26 04:11:41','2012-05-26 04:11:41'),(555,NULL,1,'60.00',NULL,'2012-05-26 04:11:41','2012-05-26 04:11:41'),(556,NULL,8,'800.00',NULL,'2012-05-26 04:11:41','2012-05-26 04:11:41'),(557,NULL,7,'600.00',NULL,'2012-05-26 04:11:41','2012-05-26 04:11:41'),(558,NULL,5,'300.00',NULL,'2012-05-26 04:11:41','2012-05-26 04:11:41'),(559,NULL,4,'200.00',NULL,'2012-05-26 04:11:41','2012-05-26 04:11:41'),(560,1,3,'100.00',NULL,'2012-05-26 04:12:01','2012-05-26 04:12:01'),(561,1,9,'800.00',NULL,'2012-05-26 04:12:01','2012-05-26 04:12:01'),(562,1,6,'300.00',NULL,'2012-05-26 04:12:01','2012-05-26 04:12:01'),(563,1,2,'100.00',NULL,'2012-05-26 04:12:01','2012-05-26 04:12:01'),(564,1,1,'60.00',NULL,'2012-05-26 04:12:01','2012-05-26 04:12:01'),(565,1,8,'800.00',NULL,'2012-05-26 04:12:01','2012-05-26 04:12:01'),(566,1,7,'600.00',NULL,'2012-05-26 04:12:01','2012-05-26 04:12:01'),(567,1,5,'300.00',NULL,'2012-05-26 04:12:01','2012-05-26 04:12:01'),(568,1,4,'200.00',NULL,'2012-05-26 04:12:01','2012-05-26 04:12:01'),(569,NULL,3,'100.00',NULL,'2012-05-26 04:13:19','2012-05-26 04:13:19'),(570,NULL,9,'800.00',NULL,'2012-05-26 04:13:19','2012-05-26 04:13:19'),(571,NULL,6,'300.00',NULL,'2012-05-26 04:13:19','2012-05-26 04:13:19'),(572,NULL,2,'100.00',NULL,'2012-05-26 04:13:19','2012-05-26 04:13:19'),(573,NULL,1,'60.00',NULL,'2012-05-26 04:13:19','2012-05-26 04:13:19'),(574,NULL,8,'800.00',NULL,'2012-05-26 04:13:19','2012-05-26 04:13:19'),(575,NULL,7,'600.00',NULL,'2012-05-26 04:13:19','2012-05-26 04:13:19'),(576,NULL,5,'300.00',NULL,'2012-05-26 04:13:19','2012-05-26 04:13:19'),(577,NULL,4,'200.00',NULL,'2012-05-26 04:13:19','2012-05-26 04:13:19'),(578,NULL,3,'100.00',NULL,'2012-05-26 04:13:57','2012-05-26 04:13:57'),(579,NULL,9,'800.00',NULL,'2012-05-26 04:13:57','2012-05-26 04:13:57'),(580,NULL,6,'300.00',NULL,'2012-05-26 04:13:57','2012-05-26 04:13:57'),(581,NULL,2,'100.00',NULL,'2012-05-26 04:13:57','2012-05-26 04:13:57'),(582,NULL,1,'60.00',NULL,'2012-05-26 04:13:57','2012-05-26 04:13:57'),(583,NULL,8,'800.00',NULL,'2012-05-26 04:13:57','2012-05-26 04:13:57'),(584,NULL,7,'600.00',NULL,'2012-05-26 04:13:57','2012-05-26 04:13:57'),(585,NULL,5,'300.00',NULL,'2012-05-26 04:13:57','2012-05-26 04:13:57'),(586,NULL,4,'200.00',NULL,'2012-05-26 04:13:57','2012-05-26 04:13:57'),(587,NULL,3,'100.00',NULL,'2012-05-26 04:15:26','2012-05-26 04:15:26'),(588,NULL,9,'800.00',NULL,'2012-05-26 04:15:26','2012-05-26 04:15:26'),(589,NULL,6,'300.00',NULL,'2012-05-26 04:15:26','2012-05-26 04:15:26'),(590,NULL,2,'100.00',NULL,'2012-05-26 04:15:26','2012-05-26 04:15:26'),(591,NULL,1,'60.00',NULL,'2012-05-26 04:15:26','2012-05-26 04:15:26'),(592,NULL,8,'800.00',NULL,'2012-05-26 04:15:26','2012-05-26 04:15:26'),(593,NULL,7,'600.00',NULL,'2012-05-26 04:15:26','2012-05-26 04:15:26'),(594,NULL,5,'300.00',NULL,'2012-05-26 04:15:26','2012-05-26 04:15:26'),(595,NULL,4,'200.00',NULL,'2012-05-26 04:15:26','2012-05-26 04:15:26'),(596,NULL,3,'100.00',NULL,'2012-05-26 04:16:12','2012-05-26 04:16:12'),(597,NULL,9,'800.00',NULL,'2012-05-26 04:16:12','2012-05-26 04:16:12'),(598,NULL,6,'300.00',NULL,'2012-05-26 04:16:12','2012-05-26 04:16:12'),(599,NULL,2,'100.00',NULL,'2012-05-26 04:16:12','2012-05-26 04:16:12'),(600,NULL,1,'60.00',NULL,'2012-05-26 04:16:12','2012-05-26 04:16:12'),(601,NULL,8,'800.00',NULL,'2012-05-26 04:16:12','2012-05-26 04:16:12'),(602,NULL,7,'600.00',NULL,'2012-05-26 04:16:12','2012-05-26 04:16:12'),(603,NULL,5,'300.00',NULL,'2012-05-26 04:16:12','2012-05-26 04:16:12'),(604,NULL,4,'200.00',NULL,'2012-05-26 04:16:12','2012-05-26 04:16:12'),(605,NULL,3,'100.00',NULL,'2012-05-26 04:16:36','2012-05-26 04:16:36'),(606,NULL,9,'800.00',NULL,'2012-05-26 04:16:36','2012-05-26 04:16:36'),(607,NULL,6,'300.00',NULL,'2012-05-26 04:16:36','2012-05-26 04:16:36'),(608,NULL,2,'100.00',NULL,'2012-05-26 04:16:36','2012-05-26 04:16:36'),(609,NULL,1,'60.00',NULL,'2012-05-26 04:16:36','2012-05-26 04:16:36'),(610,NULL,8,'800.00',NULL,'2012-05-26 04:16:36','2012-05-26 04:16:36'),(611,NULL,7,'600.00',NULL,'2012-05-26 04:16:36','2012-05-26 04:16:36'),(612,NULL,5,'300.00',NULL,'2012-05-26 04:16:36','2012-05-26 04:16:36'),(613,NULL,4,'200.00',NULL,'2012-05-26 04:16:36','2012-05-26 04:16:36'),(614,NULL,3,'100.00',NULL,'2012-05-26 04:16:59','2012-05-26 04:16:59'),(615,NULL,9,'800.00',NULL,'2012-05-26 04:16:59','2012-05-26 04:16:59'),(616,NULL,6,'300.00',NULL,'2012-05-26 04:16:59','2012-05-26 04:16:59'),(617,NULL,2,'100.00',NULL,'2012-05-26 04:16:59','2012-05-26 04:16:59'),(618,NULL,1,'60.00',NULL,'2012-05-26 04:16:59','2012-05-26 04:16:59'),(619,NULL,8,'800.00',NULL,'2012-05-26 04:16:59','2012-05-26 04:16:59'),(620,NULL,7,'600.00',NULL,'2012-05-26 04:16:59','2012-05-26 04:16:59'),(621,NULL,5,'300.00',NULL,'2012-05-26 04:16:59','2012-05-26 04:16:59'),(622,NULL,4,'200.00',NULL,'2012-05-26 04:16:59','2012-05-26 04:16:59'),(623,NULL,3,'100.00',NULL,'2012-05-26 04:17:59','2012-05-26 04:17:59'),(624,NULL,9,'800.00',NULL,'2012-05-26 04:17:59','2012-05-26 04:17:59'),(625,NULL,6,'300.00',NULL,'2012-05-26 04:17:59','2012-05-26 04:17:59'),(626,NULL,2,'100.00',NULL,'2012-05-26 04:17:59','2012-05-26 04:17:59'),(627,NULL,1,'60.00',NULL,'2012-05-26 04:17:59','2012-05-26 04:17:59'),(628,NULL,8,'800.00',NULL,'2012-05-26 04:17:59','2012-05-26 04:17:59'),(629,NULL,7,'600.00',NULL,'2012-05-26 04:17:59','2012-05-26 04:17:59'),(630,NULL,5,'300.00',NULL,'2012-05-26 04:17:59','2012-05-26 04:17:59'),(631,NULL,4,'200.00',NULL,'2012-05-26 04:17:59','2012-05-26 04:17:59'),(632,NULL,3,'100.00',NULL,'2012-05-26 04:18:42','2012-05-26 04:18:42'),(633,NULL,9,'800.00',NULL,'2012-05-26 04:18:42','2012-05-26 04:18:42'),(634,NULL,6,'300.00',NULL,'2012-05-26 04:18:42','2012-05-26 04:18:42'),(635,NULL,2,'100.00',NULL,'2012-05-26 04:18:42','2012-05-26 04:18:42'),(636,NULL,1,'60.00',NULL,'2012-05-26 04:18:42','2012-05-26 04:18:42'),(637,NULL,8,'800.00',NULL,'2012-05-26 04:18:42','2012-05-26 04:18:42'),(638,NULL,7,'600.00',NULL,'2012-05-26 04:18:42','2012-05-26 04:18:42'),(639,NULL,5,'300.00',NULL,'2012-05-26 04:18:42','2012-05-26 04:18:42'),(640,NULL,4,'200.00',NULL,'2012-05-26 04:18:42','2012-05-26 04:18:42'),(641,NULL,3,'100.00',NULL,'2012-05-26 04:20:16','2012-05-26 04:20:16'),(642,NULL,9,'800.00',NULL,'2012-05-26 04:20:16','2012-05-26 04:20:16'),(643,NULL,6,'300.00',NULL,'2012-05-26 04:20:16','2012-05-26 04:20:16'),(644,NULL,2,'100.00',NULL,'2012-05-26 04:20:16','2012-05-26 04:20:16'),(645,NULL,1,'60.00',NULL,'2012-05-26 04:20:16','2012-05-26 04:20:16'),(646,NULL,8,'800.00',NULL,'2012-05-26 04:20:16','2012-05-26 04:20:16'),(647,NULL,7,'600.00',NULL,'2012-05-26 04:20:16','2012-05-26 04:20:16'),(648,NULL,5,'300.00',NULL,'2012-05-26 04:20:16','2012-05-26 04:20:16'),(649,NULL,4,'200.00',NULL,'2012-05-26 04:20:16','2012-05-26 04:20:16'),(650,NULL,3,'100.00',NULL,'2012-05-26 04:20:44','2012-05-26 04:20:44'),(651,NULL,9,'800.00',NULL,'2012-05-26 04:20:44','2012-05-26 04:20:44'),(652,NULL,6,'300.00',NULL,'2012-05-26 04:20:44','2012-05-26 04:20:44'),(653,NULL,2,'100.00',NULL,'2012-05-26 04:20:44','2012-05-26 04:20:44'),(654,NULL,1,'60.00',NULL,'2012-05-26 04:20:44','2012-05-26 04:20:44'),(655,NULL,8,'800.00',NULL,'2012-05-26 04:20:44','2012-05-26 04:20:44'),(656,NULL,7,'600.00',NULL,'2012-05-26 04:20:44','2012-05-26 04:20:44'),(657,NULL,5,'300.00',NULL,'2012-05-26 04:20:44','2012-05-26 04:20:44'),(658,NULL,4,'200.00',NULL,'2012-05-26 04:20:44','2012-05-26 04:20:44'),(659,NULL,3,'100.00',NULL,'2012-05-26 04:21:00','2012-05-26 04:21:00'),(660,NULL,9,'800.00',NULL,'2012-05-26 04:21:00','2012-05-26 04:21:00'),(661,NULL,6,'300.00',NULL,'2012-05-26 04:21:00','2012-05-26 04:21:00'),(662,NULL,2,'100.00',NULL,'2012-05-26 04:21:00','2012-05-26 04:21:00'),(663,NULL,1,'60.00',NULL,'2012-05-26 04:21:00','2012-05-26 04:21:00'),(664,NULL,8,'800.00',NULL,'2012-05-26 04:21:00','2012-05-26 04:21:00'),(665,NULL,7,'600.00',NULL,'2012-05-26 04:21:00','2012-05-26 04:21:00'),(666,NULL,5,'300.00',NULL,'2012-05-26 04:21:00','2012-05-26 04:21:00'),(667,NULL,4,'200.00',NULL,'2012-05-26 04:21:00','2012-05-26 04:21:00'),(668,NULL,3,'100.00',NULL,'2012-05-26 04:21:19','2012-05-26 04:21:19'),(669,NULL,9,'800.00',NULL,'2012-05-26 04:21:19','2012-05-26 04:21:19'),(670,NULL,6,'300.00',NULL,'2012-05-26 04:21:19','2012-05-26 04:21:19'),(671,NULL,2,'100.00',NULL,'2012-05-26 04:21:19','2012-05-26 04:21:19'),(672,NULL,1,'60.00',NULL,'2012-05-26 04:21:19','2012-05-26 04:21:19'),(673,NULL,8,'800.00',NULL,'2012-05-26 04:21:19','2012-05-26 04:21:19'),(674,NULL,7,'600.00',NULL,'2012-05-26 04:21:19','2012-05-26 04:21:19'),(675,NULL,5,'300.00',NULL,'2012-05-26 04:21:19','2012-05-26 04:21:19'),(676,NULL,4,'200.00',NULL,'2012-05-26 04:21:19','2012-05-26 04:21:19'),(677,NULL,3,'100.00',NULL,'2012-05-26 04:21:37','2012-05-26 04:21:37'),(678,NULL,9,'800.00',NULL,'2012-05-26 04:21:37','2012-05-26 04:21:37'),(679,NULL,6,'300.00',NULL,'2012-05-26 04:21:37','2012-05-26 04:21:37'),(680,NULL,2,'100.00',NULL,'2012-05-26 04:21:37','2012-05-26 04:21:37'),(681,NULL,1,'60.00',NULL,'2012-05-26 04:21:37','2012-05-26 04:21:37'),(682,NULL,8,'800.00',NULL,'2012-05-26 04:21:37','2012-05-26 04:21:37'),(683,NULL,7,'600.00',NULL,'2012-05-26 04:21:37','2012-05-26 04:21:37'),(684,NULL,5,'300.00',NULL,'2012-05-26 04:21:37','2012-05-26 04:21:37'),(685,NULL,4,'200.00',NULL,'2012-05-26 04:21:37','2012-05-26 04:21:37'),(686,NULL,3,'100.00',NULL,'2012-05-26 04:21:58','2012-05-26 04:21:58'),(687,NULL,9,'800.00',NULL,'2012-05-26 04:21:58','2012-05-26 04:21:58'),(688,NULL,6,'300.00',NULL,'2012-05-26 04:21:58','2012-05-26 04:21:58'),(689,NULL,2,'100.00',NULL,'2012-05-26 04:21:58','2012-05-26 04:21:58'),(690,NULL,1,'60.00',NULL,'2012-05-26 04:21:58','2012-05-26 04:21:58'),(691,NULL,8,'800.00',NULL,'2012-05-26 04:21:58','2012-05-26 04:21:58'),(692,NULL,7,'600.00',NULL,'2012-05-26 04:21:58','2012-05-26 04:21:58'),(693,NULL,5,'300.00',NULL,'2012-05-26 04:21:58','2012-05-26 04:21:58'),(694,NULL,4,'200.00',NULL,'2012-05-26 04:21:58','2012-05-26 04:21:58'),(695,NULL,3,'100.00',NULL,'2012-05-26 04:22:26','2012-05-26 04:22:26'),(696,NULL,9,'800.00',NULL,'2012-05-26 04:22:26','2012-05-26 04:22:26'),(697,NULL,6,'300.00',NULL,'2012-05-26 04:22:26','2012-05-26 04:22:26'),(698,NULL,2,'100.00',NULL,'2012-05-26 04:22:26','2012-05-26 04:22:26'),(699,NULL,1,'60.00',NULL,'2012-05-26 04:22:26','2012-05-26 04:22:26'),(700,NULL,8,'800.00',NULL,'2012-05-26 04:22:26','2012-05-26 04:22:26'),(701,NULL,7,'600.00',NULL,'2012-05-26 04:22:26','2012-05-26 04:22:26'),(702,NULL,5,'300.00',NULL,'2012-05-26 04:22:26','2012-05-26 04:22:26'),(703,NULL,4,'200.00',NULL,'2012-05-26 04:22:26','2012-05-26 04:22:26'),(704,NULL,3,'100.00',NULL,'2012-05-26 05:31:19','2012-05-26 05:31:19'),(705,NULL,9,'800.00',NULL,'2012-05-26 05:31:19','2012-05-26 05:31:19'),(706,NULL,6,'300.00',NULL,'2012-05-26 05:31:19','2012-05-26 05:31:19'),(707,NULL,2,'100.00',NULL,'2012-05-26 05:31:19','2012-05-26 05:31:19'),(708,NULL,1,'60.00',NULL,'2012-05-26 05:31:20','2012-05-26 05:31:20'),(709,NULL,8,'800.00',NULL,'2012-05-26 05:31:20','2012-05-26 05:31:20'),(710,NULL,7,'600.00',NULL,'2012-05-26 05:31:20','2012-05-26 05:31:20'),(711,NULL,5,'300.00',NULL,'2012-05-26 05:31:20','2012-05-26 05:31:20'),(712,NULL,4,'200.00',NULL,'2012-05-26 05:31:20','2012-05-26 05:31:20'),(713,NULL,3,'100.00',NULL,'2012-05-26 05:34:00','2012-05-26 05:34:00'),(714,NULL,9,'800.00',NULL,'2012-05-26 05:34:00','2012-05-26 05:34:00'),(715,NULL,6,'300.00',NULL,'2012-05-26 05:34:01','2012-05-26 05:34:01'),(716,NULL,2,'100.00',NULL,'2012-05-26 05:34:01','2012-05-26 05:34:01'),(717,NULL,1,'60.00',NULL,'2012-05-26 05:34:01','2012-05-26 05:34:01'),(718,NULL,8,'800.00',NULL,'2012-05-26 05:34:01','2012-05-26 05:34:01'),(719,NULL,7,'600.00',NULL,'2012-05-26 05:34:01','2012-05-26 05:34:01'),(720,NULL,5,'300.00',NULL,'2012-05-26 05:34:01','2012-05-26 05:34:01'),(721,NULL,4,'200.00',NULL,'2012-05-26 05:34:01','2012-05-26 05:34:01'),(722,12,1,'60.00',NULL,'2012-05-30 05:22:10','2012-05-30 05:22:10'),(723,12,2,'100.00',NULL,'2012-05-30 05:22:10','2012-05-30 05:22:10'),(724,12,3,'100.00',NULL,'2012-05-30 05:22:10','2012-05-30 05:22:10'),(725,14,1,'60.00',NULL,'2012-05-30 05:22:50','2012-05-30 05:22:50'),(726,14,2,'100.00',NULL,'2012-05-30 05:22:50','2012-05-30 05:22:50'),(727,14,3,'100.00',NULL,'2012-05-30 05:22:51','2012-05-30 05:22:51'),(728,13,1,'60.00',NULL,'2012-05-30 05:23:23','2012-05-30 05:23:23'),(729,13,2,'100.00',NULL,'2012-05-30 05:23:23','2012-05-30 05:23:23'),(730,13,3,'100.00',NULL,'2012-05-30 05:23:23','2012-05-30 05:23:23'),(731,11,1,'60.00',NULL,'2012-05-30 05:23:47','2012-05-30 05:23:47'),(732,11,2,'100.00',NULL,'2012-05-30 05:23:47','2012-05-30 05:23:47'),(733,11,3,'100.00',NULL,'2012-05-30 05:23:47','2012-05-30 05:23:47'),(734,10,1,'60.00',NULL,'2012-05-30 05:24:13','2012-05-30 05:24:13'),(735,10,2,'100.00',NULL,'2012-05-30 05:24:13','2012-05-30 05:24:13'),(736,10,3,'100.00',NULL,'2012-05-30 05:24:13','2012-05-30 05:24:13'),(737,9,1,'60.00',NULL,'2012-05-30 05:24:33','2012-05-30 05:24:33'),(738,9,2,'100.00',NULL,'2012-05-30 05:24:33','2012-05-30 05:24:33'),(739,9,3,'100.00',NULL,'2012-05-30 05:24:33','2012-05-30 05:24:33'),(740,8,1,'60.00',NULL,'2012-05-30 05:24:46','2012-05-30 05:24:46'),(741,8,2,'100.00',NULL,'2012-05-30 05:24:46','2012-05-30 05:24:46'),(742,8,3,'100.00',NULL,'2012-05-30 05:24:46','2012-05-30 05:24:46'),(743,6,1,'60.00',NULL,'2012-05-30 05:24:57','2012-05-30 05:24:57'),(744,6,2,'100.00',NULL,'2012-05-30 05:24:57','2012-05-30 05:24:57'),(745,6,3,'100.00',NULL,'2012-05-30 05:24:57','2012-05-30 05:24:57'),(746,26,4,'200.00',NULL,'2012-05-30 05:25:13','2012-05-30 05:25:13'),(747,26,5,'300.00',NULL,'2012-05-30 05:25:13','2012-05-30 05:25:13'),(748,26,6,'300.00',NULL,'2012-05-30 05:25:13','2012-05-30 05:25:13'),(749,25,4,'200.00',NULL,'2012-05-30 05:25:25','2012-05-30 05:25:25'),(750,25,5,'300.00',NULL,'2012-05-30 05:25:25','2012-05-30 05:25:25'),(751,25,6,'300.00',NULL,'2012-05-30 05:25:25','2012-05-30 05:25:25'),(752,24,4,'200.00',NULL,'2012-05-30 05:25:35','2012-05-30 05:25:35'),(753,24,5,'300.00',NULL,'2012-05-30 05:25:35','2012-05-30 05:25:35'),(754,24,6,'300.00',NULL,'2012-05-30 05:25:35','2012-05-30 05:25:35'),(755,23,4,'200.00',NULL,'2012-05-30 05:25:46','2012-05-30 05:25:46'),(756,23,5,'300.00',NULL,'2012-05-30 05:25:46','2012-05-30 05:25:46'),(757,23,6,'300.00',NULL,'2012-05-30 05:25:46','2012-05-30 05:25:46'),(758,22,4,'200.00',NULL,'2012-05-30 05:26:01','2012-05-30 05:26:01'),(759,22,5,'300.00',NULL,'2012-05-30 05:26:01','2012-05-30 05:26:01'),(760,22,6,'300.00',NULL,'2012-05-30 05:26:01','2012-05-30 05:26:01'),(761,21,4,'200.00',NULL,'2012-05-30 05:26:10','2012-05-30 05:26:10'),(762,21,5,'300.00',NULL,'2012-05-30 05:26:10','2012-05-30 05:26:10'),(763,21,6,'300.00',NULL,'2012-05-30 05:26:10','2012-05-30 05:26:10'),(764,20,7,'600.00',NULL,'2012-05-30 05:26:19','2012-05-30 05:26:19'),(765,20,8,'800.00',NULL,'2012-05-30 05:26:19','2012-05-30 05:26:19'),(766,20,9,'800.00',NULL,'2012-05-30 05:26:19','2012-05-30 05:26:19'),(767,19,7,'600.00',NULL,'2012-05-30 05:26:30','2012-05-30 05:26:30'),(768,19,8,'800.00',NULL,'2012-05-30 05:26:30','2012-05-30 05:26:30'),(769,19,9,'800.00',NULL,'2012-05-30 05:26:30','2012-05-30 05:26:30'),(770,18,4,'200.00',NULL,'2012-05-30 05:26:42','2012-05-30 05:26:42'),(771,18,5,'300.00',NULL,'2012-05-30 05:26:42','2012-05-30 05:26:42'),(772,18,6,'300.00',NULL,'2012-05-30 05:26:42','2012-05-30 05:26:42'),(773,17,4,'200.00',NULL,'2012-05-30 05:27:30','2012-05-30 05:27:30'),(774,17,5,'300.00',NULL,'2012-05-30 05:27:30','2012-05-30 05:27:30'),(775,17,6,'300.00',NULL,'2012-05-30 05:27:30','2012-05-30 05:27:30'),(776,16,4,'200.00',NULL,'2012-05-30 05:27:40','2012-05-30 05:27:40'),(777,16,5,'300.00',NULL,'2012-05-30 05:27:40','2012-05-30 05:27:40'),(778,16,6,'300.00',NULL,'2012-05-30 05:27:40','2012-05-30 05:27:40'),(779,15,4,'200.00',NULL,'2012-05-30 05:27:49','2012-05-30 05:27:49'),(780,15,5,'300.00',NULL,'2012-05-30 05:27:49','2012-05-30 05:27:49'),(781,15,6,'300.00',NULL,'2012-05-30 05:27:49','2012-05-30 05:27:49'),(782,5,1,'60.00',NULL,'2012-05-30 05:28:16','2012-05-30 05:28:16'),(783,5,2,'100.00',NULL,'2012-05-30 05:28:16','2012-05-30 05:28:16'),(784,5,3,'100.00',NULL,'2012-05-30 05:28:16','2012-05-30 05:28:16'),(785,4,1,'60.00',NULL,'2012-05-30 05:28:29','2012-05-30 05:28:29'),(786,4,2,'100.00',NULL,'2012-05-30 05:28:29','2012-05-30 05:28:29'),(787,4,3,'100.00',NULL,'2012-05-30 05:28:29','2012-05-30 05:28:29'),(788,3,1,'60.00',NULL,'2012-05-30 05:28:42','2012-05-30 05:28:42'),(789,3,2,'100.00',NULL,'2012-05-30 05:28:42','2012-05-30 05:28:42'),(790,3,3,'100.00',NULL,'2012-05-30 05:28:42','2012-05-30 05:28:42');
/*!40000 ALTER TABLE `court_period_prices` ENABLE KEYS */;
UNLOCK TABLES;

--
-- Table structure for table `courts`
--

DROP TABLE IF EXISTS `courts`;
SET @saved_cs_client     = @@character_set_client;
SET character_set_client = utf8;
CREATE TABLE `courts` (
  `id` int(11) NOT NULL auto_increment,
  `name` varchar(255) collate utf8_unicode_ci default NULL,
  `contact` varchar(255) collate utf8_unicode_ci default NULL,
  `telephone` varchar(255) collate utf8_unicode_ci default NULL,
  `start_time` int(11) default NULL,
  `end_time` int(11) default NULL,
  `description` text collate utf8_unicode_ci,
  `state` varchar(255) collate utf8_unicode_ci default NULL,
  `created_at` datetime default NULL,
  `updated_at` datetime default NULL,
  `court_type` varchar(255) collate utf8_unicode_ci default NULL,
  PRIMARY KEY  (`id`)
) ENGINE=InnoDB AUTO_INCREMENT=27 DEFAULT CHARSET=utf8 COLLATE=utf8_unicode_ci;
SET character_set_client = @saved_cs_client;

--
-- Dumping data for table `courts`
--

LOCK TABLES `courts` WRITE;
/*!40000 ALTER TABLE `courts` DISABLE KEYS */;
INSERT INTO `courts` VALUES (3,'室外p2',NULL,NULL,7,23,'','enabled','2012-05-26 03:54:35','2012-05-26 03:54:35','26'),(4,'室外p3',NULL,NULL,7,23,'','enabled','2012-05-26 03:55:25','2012-05-26 03:55:25','26'),(5,'室外p4',NULL,NULL,7,23,'','enabled','2012-05-26 03:55:50','2012-05-26 03:55:50','26'),(6,'室外p5',NULL,NULL,7,23,'','enabled','2012-05-26 03:56:21','2012-05-26 03:56:21','26'),(8,'室外C2',NULL,NULL,7,23,'','enabled','2012-05-26 04:00:29','2012-05-26 04:09:40','27'),(9,'室外C3',NULL,NULL,7,23,'','enabled','2012-05-26 04:00:59','2012-05-26 04:10:03','27'),(10,'室外C4',NULL,NULL,7,23,'','enabled','2012-05-26 04:01:29','2012-05-26 04:10:27','27'),(11,'室外C5',NULL,NULL,7,23,'','enabled','2012-05-26 04:02:14','2012-05-26 04:13:19','27'),(12,'室外C6',NULL,NULL,7,23,'','enabled','2012-05-26 04:02:38','2012-05-26 04:11:05','27'),(13,'室外C7',NULL,NULL,7,23,'','enabled','2012-05-26 04:03:05','2012-05-26 04:11:26','27'),(14,'室外C8',NULL,NULL,7,23,'','enabled','2012-05-26 04:03:42','2012-05-26 04:13:57','27'),(15,'室内A1',NULL,NULL,7,23,'','enabled','2012-05-26 04:15:26','2012-05-26 04:15:26','29'),(16,'室内A2',NULL,NULL,7,23,'','enabled','2012-05-26 04:16:12','2012-05-26 04:16:12','29'),(17,'室内A3',NULL,NULL,7,23,'','enabled','2012-05-26 04:16:36','2012-05-26 04:16:36','29'),(18,'室内A4',NULL,NULL,7,23,'','enabled','2012-05-26 04:16:59','2012-05-26 04:16:59','29'),(19,'室内红土场A5',NULL,NULL,7,23,'','enabled','2012-05-26 04:17:59','2012-05-26 04:17:59','29'),(20,'室内红土场A6',NULL,NULL,7,23,'','enabled','2012-05-26 04:18:42','2012-05-26 04:18:42','29'),(21,'室内B1',NULL,NULL,7,23,'','enabled','2012-05-26 04:20:16','2012-05-26 04:20:16','30'),(22,'室内B2',NULL,NULL,7,23,'','enabled','2012-05-26 04:20:44','2012-05-26 04:20:44','30'),(23,'室内B3',NULL,NULL,7,23,'','enabled','2012-05-26 04:21:19','2012-05-26 04:21:19','30'),(24,'室内B4',NULL,NULL,7,23,'','enabled','2012-05-26 04:21:37','2012-05-26 04:21:37','30'),(25,'室内B5',NULL,NULL,7,23,'','enabled','2012-05-26 04:21:58','2012-05-26 04:21:58','30'),(26,'室内B6',NULL,NULL,7,23,'','enabled','2012-05-26 04:22:26','2012-05-26 04:22:26','30');
/*!40000 ALTER TABLE `courts` ENABLE KEYS */;
UNLOCK TABLES;

--
-- Table structure for table `department_powers`
--

DROP TABLE IF EXISTS `department_powers`;
SET @saved_cs_client     = @@character_set_client;
SET character_set_client = utf8;
CREATE TABLE `department_powers` (
  `id` int(11) NOT NULL auto_increment,
  `department_id` int(11) default NULL,
  `power_id` int(11) default NULL,
  `created_at` datetime default NULL,
  `updated_at` datetime default NULL,
  PRIMARY KEY  (`id`)
) ENGINE=InnoDB AUTO_INCREMENT=164 DEFAULT CHARSET=utf8 COLLATE=utf8_unicode_ci;
SET character_set_client = @saved_cs_client;

--
-- Dumping data for table `department_powers`
--

LOCK TABLES `department_powers` WRITE;
/*!40000 ALTER TABLE `department_powers` DISABLE KEYS */;
INSERT INTO `department_powers` VALUES (8,1,8,'2012-05-26 03:23:50','2012-05-26 03:23:50'),(17,1,17,'2012-05-26 03:23:50','2012-05-26 03:23:50'),(18,1,18,'2012-05-26 03:23:50','2012-05-26 03:23:50'),(19,1,19,'2012-05-26 03:23:50','2012-05-26 03:23:50'),(20,1,20,'2012-05-26 03:23:50','2012-05-26 03:23:50'),(21,1,21,'2012-05-26 03:23:50','2012-05-26 03:23:50'),(37,1,37,'2012-05-26 03:23:50','2012-05-26 03:23:50'),(38,1,38,'2012-05-26 03:23:50','2012-05-26 03:23:50'),(39,1,39,'2012-05-26 03:23:50','2012-05-26 03:23:50'),(40,1,40,'2012-05-26 03:23:50','2012-05-26 03:23:50'),(59,1,50,'2012-05-28 07:56:35','2012-05-28 07:56:35'),(60,1,51,'2012-05-28 07:56:35','2012-05-28 07:56:35'),(61,1,52,'2012-05-28 07:56:35','2012-05-28 07:56:35'),(62,1,53,'2012-05-28 07:56:35','2012-05-28 07:56:35'),(63,1,54,'2012-05-28 07:56:35','2012-05-28 07:56:35'),(71,1,9,'2012-05-29 02:03:28','2012-05-29 02:03:28'),(77,1,26,'2012-05-29 02:03:28','2012-05-29 02:03:28'),(80,1,29,'2012-05-29 02:03:28','2012-05-29 02:03:28'),(81,1,30,'2012-05-29 02:03:28','2012-05-29 02:03:28'),(82,1,31,'2012-05-29 02:03:28','2012-05-29 02:03:28'),(84,1,33,'2012-05-29 02:03:28','2012-05-29 02:03:28'),(85,5,1,'2012-06-06 06:47:03','2012-06-06 06:47:03'),(86,5,2,'2012-06-06 06:47:03','2012-06-06 06:47:03'),(87,5,3,'2012-06-06 06:47:03','2012-06-06 06:47:03'),(88,5,4,'2012-06-06 06:47:03','2012-06-06 06:47:03'),(89,5,5,'2012-06-06 06:47:03','2012-06-06 06:47:03'),(90,5,6,'2012-06-06 06:47:03','2012-06-06 06:47:03'),(91,5,7,'2012-06-06 06:47:03','2012-06-06 06:47:03'),(92,5,8,'2012-06-06 06:47:03','2012-06-06 06:47:03'),(93,5,9,'2012-06-06 06:47:03','2012-06-06 06:47:03'),(94,5,10,'2012-06-06 06:47:03','2012-06-06 06:47:03'),(95,5,11,'2012-06-06 06:47:03','2012-06-06 06:47:03'),(96,5,12,'2012-06-06 06:47:03','2012-06-06 06:47:03'),(97,5,13,'2012-06-06 06:47:03','2012-06-06 06:47:03'),(98,5,14,'2012-06-06 06:47:03','2012-06-06 06:47:03'),(99,5,15,'2012-06-06 06:47:03','2012-06-06 06:47:03'),(100,5,16,'2012-06-06 06:47:03','2012-06-06 06:47:03'),(101,5,17,'2012-06-06 06:47:03','2012-06-06 06:47:03'),(102,5,18,'2012-06-06 06:47:03','2012-06-06 06:47:03'),(103,5,19,'2012-06-06 06:47:03','2012-06-06 06:47:03'),(104,5,20,'2012-06-06 06:47:03','2012-06-06 06:47:03'),(105,5,21,'2012-06-06 06:47:03','2012-06-06 06:47:03'),(106,5,22,'2012-06-06 06:47:03','2012-06-06 06:47:03'),(107,5,23,'2012-06-06 06:47:03','2012-06-06 06:47:03'),(108,5,24,'2012-06-06 06:47:03','2012-06-06 06:47:03'),(109,5,25,'2012-06-06 06:47:03','2012-06-06 06:47:03'),(110,5,26,'2012-06-06 06:47:03','2012-06-06 06:47:03'),(111,5,27,'2012-06-06 06:47:03','2012-06-06 06:47:03'),(112,5,28,'2012-06-06 06:47:03','2012-06-06 06:47:03'),(113,5,29,'2012-06-06 06:47:03','2012-06-06 06:47:03'),(114,5,30,'2012-06-06 06:47:03','2012-06-06 06:47:03'),(115,5,31,'2012-06-06 06:47:03','2012-06-06 06:47:03'),(116,5,32,'2012-06-06 06:47:03','2012-06-06 06:47:03'),(117,5,33,'2012-06-06 06:47:03','2012-06-06 06:47:03'),(118,5,34,'2012-06-06 06:47:03','2012-06-06 06:47:03'),(119,5,35,'2012-06-06 06:47:03','2012-06-06 06:47:03'),(120,5,36,'2012-06-06 06:47:03','2012-06-06 06:47:03'),(121,5,37,'2012-06-06 06:47:03','2012-06-06 06:47:03'),(122,5,38,'2012-06-06 06:47:03','2012-06-06 06:47:03'),(123,5,39,'2012-06-06 06:47:03','2012-06-06 06:47:03'),(124,5,40,'2012-06-06 06:47:03','2012-06-06 06:47:03'),(125,5,41,'2012-06-06 06:47:03','2012-06-06 06:47:03'),(126,5,42,'2012-06-06 06:47:03','2012-06-06 06:47:03'),(127,5,43,'2012-06-06 06:47:03','2012-06-06 06:47:03'),(128,5,44,'2012-06-06 06:47:03','2012-06-06 06:47:03'),(129,5,45,'2012-06-06 06:47:03','2012-06-06 06:47:03'),(130,5,46,'2012-06-06 06:47:03','2012-06-06 06:47:03'),(134,5,50,'2012-06-06 06:47:03','2012-06-06 06:47:03'),(135,5,51,'2012-06-06 06:47:03','2012-06-06 06:47:03'),(136,5,52,'2012-06-06 06:47:03','2012-06-06 06:47:03'),(137,5,53,'2012-06-06 06:47:03','2012-06-06 06:47:03'),(138,5,54,'2012-06-06 06:47:03','2012-06-06 06:47:03'),(141,1,23,'2012-06-09 04:29:56','2012-06-09 04:29:56'),(142,1,43,'2012-06-12 01:53:21','2012-06-12 01:53:21'),(143,1,44,'2012-06-12 01:53:21','2012-06-12 01:53:21'),(144,1,45,'2012-06-12 01:53:21','2012-06-12 01:53:21'),(145,1,12,'2012-06-12 01:54:34','2012-06-12 01:54:34'),(146,1,14,'2012-06-12 01:54:34','2012-06-12 01:54:34'),(147,1,22,'2012-06-16 02:57:41','2012-06-16 02:57:41'),(148,1,24,'2012-06-16 02:59:38','2012-06-16 02:59:38'),(161,5,47,'2012-06-28 08:33:04','2012-06-28 08:33:04'),(162,5,48,'2012-06-28 08:33:04','2012-06-28 08:33:04'),(163,5,49,'2012-06-28 08:33:04','2012-06-28 08:33:04');
/*!40000 ALTER TABLE `department_powers` ENABLE KEYS */;
UNLOCK TABLES;

--
-- Table structure for table `department_users`
--

DROP TABLE IF EXISTS `department_users`;
SET @saved_cs_client     = @@character_set_client;
SET character_set_client = utf8;
CREATE TABLE `department_users` (
  `id` int(11) NOT NULL auto_increment,
  `user_id` int(11) default NULL,
  `department_id` int(11) default NULL,
  PRIMARY KEY  (`id`)
) ENGINE=InnoDB AUTO_INCREMENT=13 DEFAULT CHARSET=utf8 COLLATE=utf8_unicode_ci;
SET character_set_client = @saved_cs_client;

--
-- Dumping data for table `department_users`
--

LOCK TABLES `department_users` WRITE;
/*!40000 ALTER TABLE `department_users` DISABLE KEYS */;
INSERT INTO `department_users` VALUES (1,1,1),(2,1,2),(3,1,3),(4,1,4),(5,2,1),(6,1,5),(7,3,1),(8,4,1),(9,5,1),(10,6,1),(11,7,1),(12,8,1);
/*!40000 ALTER TABLE `department_users` ENABLE KEYS */;
UNLOCK TABLES;

--
-- Table structure for table `departments`
--

DROP TABLE IF EXISTS `departments`;
SET @saved_cs_client     = @@character_set_client;
SET character_set_client = utf8;
CREATE TABLE `departments` (
  `id` int(11) NOT NULL auto_increment,
  `name` varchar(255) collate utf8_unicode_ci default NULL,
  PRIMARY KEY  (`id`)
) ENGINE=InnoDB AUTO_INCREMENT=6 DEFAULT CHARSET=utf8 COLLATE=utf8_unicode_ci;
SET character_set_client = @saved_cs_client;

--
-- Dumping data for table `departments`
--

LOCK TABLES `departments` WRITE;
/*!40000 ALTER TABLE `departments` DISABLE KEYS */;
INSERT INTO `departments` VALUES (1,'前台'),(2,'财务部'),(3,'会员部'),(4,'培训部'),(5,'系统管理员');
/*!40000 ALTER TABLE `departments` ENABLE KEYS */;
UNLOCK TABLES;

--
-- Table structure for table `goods`
--

DROP TABLE IF EXISTS `goods`;
SET @saved_cs_client     = @@character_set_client;
SET character_set_client = utf8;
CREATE TABLE `goods` (
  `id` int(11) NOT NULL auto_increment,
  `name` varchar(255) collate utf8_unicode_ci default NULL,
  `name_pinyin` varchar(255) collate utf8_unicode_ci default NULL,
  `pinyin_abbr` varchar(255) collate utf8_unicode_ci default NULL,
  `good_type` int(11) default NULL,
  `purchasing_price` decimal(10,2) default NULL,
  `price` decimal(10,2) default '0.00',
  `state` varchar(255) collate utf8_unicode_ci default NULL,
  `created_at` datetime default NULL,
  `updated_at` datetime default NULL,
  `count_total_now` int(11) NOT NULL default '0',
  `count_back_stock` int(11) NOT NULL default '0',
  `count_front_stock` int(11) NOT NULL default '0',
  `count_back_stock_in` int(11) default '0',
  `count_back_stock_out` int(11) default '0',
  `count_front_stock_in` int(11) default '0',
  `count_front_stock_out` int(11) default '0',
  `good_source` int(11) default '0',
  PRIMARY KEY  (`id`)
) ENGINE=InnoDB AUTO_INCREMENT=12 DEFAULT CHARSET=utf8 COLLATE=utf8_unicode_ci;
SET character_set_client = @saved_cs_client;

--
-- Dumping data for table `goods`
--

LOCK TABLES `goods` WRITE;
/*!40000 ALTER TABLE `goods` DISABLE KEYS */;
INSERT INTO `goods` VALUES (1,'昆仑山',NULL,'kls',2,'4.00','5.00','enabled','2012-05-26 04:48:54','2012-07-01 03:47:22',363,410,-47,0,0,149,0,31),(2,'红牛',NULL,'hn',2,'5.00','7.00','enabled','2012-05-26 04:49:30','2012-07-01 03:54:36',124,140,-16,0,0,83,0,31),(3,'球拍1234',NULL,'qp1234',9,'123.00','700.00','enabled','2012-05-26 04:49:59','2012-07-01 03:17:19',4,7,-3,0,0,31,0,31),(4,'储值5000元',NULL,'cz5000y',11,'5000.00','5000.00','enabled','2012-06-03 08:02:30','2012-07-01 03:17:25',190,180,10,0,0,10,0,13),(5,'宝矿力',NULL,'bkl',2,'4.00','5.00','enabled','2012-06-12 02:55:50','2012-06-25 07:48:58',167,150,17,0,0,33,0,31),(6,'大壶茶',NULL,'dhc',2,NULL,'30.00','enabled','2012-06-25 07:48:26','2012-06-28 08:44:46',199,100,99,0,0,1,0,31),(7,'冰咖啡',NULL,'bkf',2,NULL,'15.00','enabled','2012-06-26 06:41:00','2012-06-26 06:41:00',200,200,0,0,0,0,0,31),(8,'护腕',NULL,'hw',8,NULL,'50.00','enabled','2012-06-26 06:50:40','2012-07-01 03:35:11',3,5,-2,0,0,2,0,31),(9,'绑腿',NULL,'bt',8,NULL,'150.00','enabled','2012-06-26 06:51:14','2012-06-26 06:51:14',5,5,0,0,0,0,0,31),(10,'绿色上衣',NULL,'lssy',8,NULL,'150.00','enabled','2012-06-26 06:52:36','2012-06-26 06:52:36',5,5,0,0,0,0,0,31),(11,'储值卡10000',NULL,'czk10000',11,NULL,'10000.00','enabled','2012-06-26 06:54:38','2012-06-26 06:54:38',100,100,0,0,0,0,0,31);
/*!40000 ALTER TABLE `goods` ENABLE KEYS */;
UNLOCK TABLES;

--
-- Table structure for table `lockers`
--

DROP TABLE IF EXISTS `lockers`;
SET @saved_cs_client     = @@character_set_client;
SET character_set_client = utf8;
CREATE TABLE `lockers` (
  `id` int(11) NOT NULL auto_increment,
  `num` varchar(255) collate utf8_unicode_ci default NULL,
  `locker_type` varchar(255) collate utf8_unicode_ci default NULL,
  `state` varchar(255) collate utf8_unicode_ci default NULL,
  `remark` varchar(255) collate utf8_unicode_ci default NULL,
  `created_at` datetime default NULL,
  `updated_at` datetime default NULL,
  PRIMARY KEY  (`id`)
) ENGINE=InnoDB AUTO_INCREMENT=15 DEFAULT CHARSET=utf8 COLLATE=utf8_unicode_ci;
SET character_set_client = @saved_cs_client;

--
-- Dumping data for table `lockers`
--

LOCK TABLES `lockers` WRITE;
/*!40000 ALTER TABLE `lockers` DISABLE KEYS */;
INSERT INTO `lockers` VALUES (1,'A1','49','rented','','2012-06-25 01:42:05','2012-06-25 01:45:52'),(2,'A2','49','rented','','2012-06-25 01:44:07','2012-06-25 02:22:28'),(3,'A3','49','rented','','2012-06-25 01:44:21','2012-06-25 02:23:51'),(4,'B1','50','rented','','2012-06-25 01:44:41','2012-07-01 04:07:06'),(5,'B2','50','rented','','2012-06-25 01:44:48','2012-07-01 04:18:53'),(6,'B3','50','empty','','2012-06-25 01:44:55','2012-06-25 01:44:55'),(7,'A4','49','empty','','2012-06-25 01:48:28','2012-06-25 01:48:28'),(8,'A5','49','empty','','2012-06-25 01:48:35','2012-06-25 01:48:35'),(9,'A6','49','empty','','2012-06-25 01:48:45','2012-06-25 01:48:45'),(10,'A7','49','empty','','2012-06-25 01:49:04','2012-06-25 01:49:04'),(11,'A8','49','empty','','2012-06-25 01:49:14','2012-06-25 01:49:14'),(12,'A9','49','empty','','2012-06-25 01:49:25','2012-06-25 01:49:25'),(13,'A10','49','empty','','2012-06-25 01:49:35','2012-06-25 01:49:35'),(14,'A11','49','empty','','2012-06-25 01:49:52','2012-06-25 01:49:52');
/*!40000 ALTER TABLE `lockers` ENABLE KEYS */;
UNLOCK TABLES;

--
-- Table structure for table `logs`
--

DROP TABLE IF EXISTS `logs`;
SET @saved_cs_client     = @@character_set_client;
SET character_set_client = utf8;
CREATE TABLE `logs` (
  `id` int(11) NOT NULL auto_increment,
  `user_name` varchar(255) collate utf8_unicode_ci default NULL,
  `user_id` int(11) default NULL,
  `desc` varchar(255) collate utf8_unicode_ci default NULL,
  `log_type` varchar(255) collate utf8_unicode_ci default NULL,
  `created_at` datetime default NULL,
  `updated_at` datetime default NULL,
  `remote_ip` varchar(255) collate utf8_unicode_ci default NULL,
  `item_type` varchar(255) collate utf8_unicode_ci default NULL,
  `item_id` int(11) default NULL,
  `order_person` varchar(255) collate utf8_unicode_ci default NULL,
  `item_name` varchar(255) collate utf8_unicode_ci default NULL,
  `order_time` datetime default NULL,
  `period` varchar(255) collate utf8_unicode_ci default NULL,
  `description` varchar(255) collate utf8_unicode_ci default NULL,
  PRIMARY KEY  (`id`)
) ENGINE=InnoDB AUTO_INCREMENT=621 DEFAULT CHARSET=utf8 COLLATE=utf8_unicode_ci;
SET character_set_client = @saved_cs_client;

--
-- Dumping data for table `logs`
--

LOCK TABLES `logs` WRITE;
/*!40000 ALTER TABLE `logs` DISABLE KEYS */;
INSERT INTO `logs` VALUES (1,'admin',1,NULL,'activate','2012-04-12 08:30:55','2012-04-12 08:30:55','124.127.46.161','Court',4,NULL,NULL,NULL,NULL,NULL),(2,'admin',1,NULL,'activate','2012-04-12 08:31:10','2012-04-12 08:31:10','114.245.217.205','Court',1,NULL,NULL,NULL,NULL,NULL),(3,'admin',1,NULL,'want_sell','2012-04-12 08:31:15','2012-04-12 08:31:15','114.245.217.205','Court',1,NULL,NULL,NULL,NULL,NULL),(4,'admin',1,NULL,'want_sell','2012-04-12 08:31:22','2012-04-12 08:31:22','114.245.217.205','Court',1,NULL,NULL,NULL,NULL,NULL),(5,'admin',1,NULL,'cancel_want_sell','2012-04-12 08:31:48','2012-04-12 08:31:48','114.245.217.205','Court',1,NULL,NULL,NULL,NULL,NULL),(6,'admin',1,NULL,'want_sell','2012-04-12 08:31:54','2012-04-12 08:31:54','114.245.217.205','Court',1,NULL,NULL,NULL,NULL,NULL),(7,'admin',1,NULL,'want_sell','2012-04-12 08:32:01','2012-04-12 08:32:01','114.245.217.205','Court',1,NULL,NULL,NULL,NULL,NULL),(8,'admin',1,NULL,'want_sell','2012-04-12 08:32:06','2012-04-12 08:32:06','114.245.217.205','Court',1,NULL,NULL,NULL,NULL,NULL),(9,'admin',1,NULL,'sell','2012-04-12 08:32:11','2012-04-12 08:32:11','114.245.217.205','Court',1,NULL,NULL,NULL,NULL,NULL),(10,'admin',1,NULL,'want_sell','2012-04-12 08:32:17','2012-04-12 08:32:17','114.245.217.205','Court',1,NULL,NULL,NULL,NULL,NULL),(11,'admin',1,NULL,'want_sell','2012-04-12 08:32:21','2012-04-12 08:32:21','114.245.217.205','Court',1,NULL,NULL,NULL,NULL,NULL),(12,'admin',1,NULL,'cancel_want_sell','2012-04-12 08:33:31','2012-04-12 08:33:31','124.127.46.161','Court',1,NULL,NULL,NULL,NULL,NULL),(13,'admin',1,NULL,'want_sell','2012-04-12 08:34:02','2012-04-12 08:34:02','114.245.217.205','Court',1,NULL,NULL,NULL,NULL,NULL),(14,'admin',1,NULL,'want_sell','2012-04-12 08:34:07','2012-04-12 08:34:07','114.245.217.205','Court',1,NULL,NULL,NULL,NULL,NULL),(15,'admin',1,NULL,'want_sell','2012-04-12 08:34:13','2012-04-12 08:34:13','114.245.217.205','Court',1,NULL,NULL,NULL,NULL,NULL),(16,'admin',1,NULL,'book','2012-04-12 08:35:35','2012-04-12 08:35:35','124.127.46.161','Court',2,NULL,NULL,NULL,NULL,NULL),(17,'admin',1,NULL,'sell','2012-04-12 08:35:44','2012-04-12 08:35:44','124.127.46.161','Court',1,NULL,NULL,NULL,NULL,NULL),(18,'admin',1,NULL,'activate','2012-04-12 08:37:38','2012-04-12 08:37:38','124.127.46.161','Court',5,NULL,NULL,NULL,NULL,NULL),(19,'admin',1,NULL,'want_sell','2012-04-12 08:37:51','2012-04-12 08:37:51','124.127.46.161','Court',4,NULL,NULL,NULL,NULL,NULL),(20,'admin',1,NULL,'want_sell','2012-04-12 08:38:00','2012-04-12 08:38:00','114.245.217.205','Court',3,NULL,NULL,NULL,NULL,NULL),(21,'admin',1,NULL,'want_sell','2012-04-12 08:38:06','2012-04-12 08:38:06','114.245.217.205','Court',3,NULL,NULL,NULL,NULL,NULL),(22,'admin',1,NULL,'cancel_want_sell','2012-04-12 08:40:09','2012-04-12 08:40:09','124.127.46.161','Court',4,NULL,NULL,NULL,NULL,NULL),(23,'admin',1,NULL,'want_sell','2012-04-12 08:41:05','2012-04-12 08:41:05','114.245.217.205','Court',4,NULL,NULL,NULL,NULL,NULL),(24,'admin',1,NULL,'book','2012-04-12 08:45:39','2012-04-12 08:45:39','114.245.217.205','Court',3,NULL,NULL,NULL,NULL,NULL),(25,'admin',1,NULL,'activate','2012-04-12 08:45:48','2012-04-12 08:45:48','114.245.217.205','Court',3,NULL,NULL,NULL,NULL,NULL),(26,'admin',1,NULL,'book','2012-04-12 10:26:32','2012-04-12 10:26:32','114.245.217.205','Court',4,NULL,NULL,NULL,NULL,NULL),(27,'admin',1,NULL,'activate','2012-04-12 10:26:45','2012-04-12 10:26:45','114.245.217.205','Court',4,NULL,NULL,NULL,NULL,NULL),(28,'admin',1,NULL,'book','2012-04-12 10:27:20','2012-04-12 10:27:20','114.245.217.205','Court',5,NULL,NULL,NULL,NULL,NULL),(29,'admin',1,NULL,'kaika','2012-04-13 05:38:25','2012-04-13 05:38:25','114.245.217.205','MembersCard',15,NULL,NULL,NULL,NULL,NULL),(30,'admin',1,NULL,'book','2012-04-13 05:39:23','2012-04-13 05:39:23','114.245.217.205','Court',2,NULL,NULL,NULL,NULL,NULL),(31,'admin',1,NULL,'activate','2012-04-13 05:40:17','2012-04-13 05:40:17','114.245.217.205','Court',2,NULL,NULL,NULL,NULL,NULL),(32,'admin',1,NULL,'book','2012-04-13 05:41:54','2012-04-13 05:41:54','114.245.217.205','Court',2,NULL,NULL,NULL,NULL,NULL),(33,'admin',1,NULL,'book','2012-04-13 05:52:56','2012-04-13 05:52:56','114.245.217.205','Court',3,NULL,NULL,NULL,NULL,NULL),(34,'admin',1,NULL,'activate','2012-04-13 05:53:16','2012-04-13 05:53:16','114.245.217.205','Court',3,NULL,NULL,NULL,NULL,NULL),(35,'admin',1,NULL,'cancel','2012-04-13 05:57:36','2012-04-13 05:57:36','114.245.217.205','Court',3,NULL,NULL,NULL,NULL,NULL),(36,'admin',1,NULL,'change','2012-04-13 05:57:45','2012-04-13 05:57:45','114.245.217.205','Court',3,NULL,NULL,NULL,NULL,NULL),(37,'admin',1,NULL,'change','2012-04-13 05:57:54','2012-04-13 05:57:54','114.245.217.205','Court',3,NULL,NULL,NULL,NULL,NULL),(38,'admin',1,NULL,'book','2012-04-13 05:58:46','2012-04-13 05:58:46','114.245.217.205','Court',3,NULL,NULL,NULL,NULL,NULL),(39,'admin',1,NULL,'activate','2012-04-13 05:58:54','2012-04-13 05:58:54','114.245.217.205','Court',3,NULL,NULL,NULL,NULL,NULL),(40,'admin',1,NULL,'change','2012-04-13 05:59:00','2012-04-13 05:59:00','114.245.217.205','Court',3,NULL,NULL,NULL,NULL,NULL),(41,'admin',1,NULL,'change','2012-04-13 05:59:16','2012-04-13 05:59:16','114.245.217.205','Court',3,NULL,NULL,NULL,NULL,NULL),(42,'admin',1,NULL,'book','2012-04-13 06:00:20','2012-04-13 06:00:20','114.245.217.205','Court',1,NULL,NULL,NULL,NULL,NULL),(43,'admin',1,NULL,'cancel','2012-04-13 06:00:45','2012-04-13 06:00:45','114.245.217.205','Court',3,NULL,NULL,NULL,NULL,NULL),(44,'admin',1,NULL,'book','2012-04-13 06:04:51','2012-04-13 06:04:51','114.245.217.205','Court',2,NULL,NULL,NULL,NULL,NULL),(45,'admin',1,NULL,'book','2012-04-13 06:07:05','2012-04-13 06:07:05','114.245.217.205','Court',1,NULL,NULL,NULL,NULL,NULL),(46,'admin',1,NULL,'book','2012-04-13 06:07:54','2012-04-13 06:07:54','114.245.217.205','Court',3,NULL,NULL,NULL,NULL,NULL),(47,'admin',1,NULL,'activate','2012-04-13 06:08:03','2012-04-13 06:08:03','114.245.217.205','Court',3,NULL,NULL,NULL,NULL,NULL),(48,'admin',1,NULL,'book','2012-04-13 06:08:05','2012-04-13 06:08:05','114.245.217.205','Court',1,NULL,NULL,NULL,NULL,NULL),(49,'admin',1,NULL,'book','2012-04-13 06:09:25','2012-04-13 06:09:25','114.245.217.205','Court',2,NULL,NULL,NULL,NULL,NULL),(50,'admin',1,NULL,'change','2012-04-13 06:09:59','2012-04-13 06:09:59','114.245.217.205','Court',2,NULL,NULL,NULL,NULL,NULL),(51,'admin',1,NULL,'want_sell','2012-04-13 06:10:10','2012-04-13 06:10:10','114.245.217.205','Court',2,NULL,NULL,NULL,NULL,NULL),(52,'admin',1,NULL,'want_sell','2012-04-13 06:10:45','2012-04-13 06:10:45','114.245.217.205','Court',2,NULL,NULL,NULL,NULL,NULL),(53,'admin',1,NULL,'book','2012-04-13 06:11:30','2012-04-13 06:11:30','114.245.217.205','Court',2,NULL,NULL,NULL,NULL,NULL),(54,'admin',1,NULL,'change','2012-04-13 06:11:40','2012-04-13 06:11:40','114.245.217.205','Court',2,NULL,NULL,NULL,NULL,NULL),(55,'admin',1,NULL,'change','2012-04-13 06:11:56','2012-04-13 06:11:56','114.245.217.205','Court',2,NULL,NULL,NULL,NULL,NULL),(56,'admin',1,NULL,'cancel_want_sell','2012-04-13 06:12:25','2012-04-13 06:12:25','114.245.217.205','Court',2,NULL,NULL,NULL,NULL,NULL),(57,'admin',1,NULL,'change','2012-04-13 06:12:37','2012-04-13 06:12:37','114.245.217.205','Court',2,NULL,NULL,NULL,NULL,NULL),(58,'admin',1,NULL,'book','2012-04-13 06:13:23','2012-04-13 06:13:23','114.245.217.205','Court',1,NULL,NULL,NULL,NULL,NULL),(59,'admin',1,NULL,'activate','2012-04-13 06:13:34','2012-04-13 06:13:34','114.245.217.205','Court',1,NULL,NULL,NULL,NULL,NULL),(60,'admin',1,NULL,'cancel','2012-04-13 06:15:06','2012-04-13 06:15:06','114.245.217.205','Court',1,NULL,NULL,NULL,NULL,NULL),(61,'admin',1,NULL,'cancel','2012-04-13 06:15:20','2012-04-13 06:15:20','114.245.217.205','Court',1,NULL,NULL,NULL,NULL,NULL),(62,'admin',1,NULL,'cancel','2012-04-13 06:15:53','2012-04-13 06:15:53','114.245.217.205','Court',2,NULL,NULL,NULL,NULL,NULL),(63,'admin',1,NULL,'activate','2012-04-13 06:17:07','2012-04-13 06:17:07','114.245.217.205','Court',2,NULL,NULL,NULL,NULL,NULL),(64,'admin',1,NULL,'change','2012-04-13 06:18:06','2012-04-13 06:18:06','114.245.217.205','Court',2,NULL,NULL,NULL,NULL,NULL),(65,'admin',1,NULL,'book','2012-04-13 06:18:28','2012-04-13 06:18:28','114.245.217.205','Court',7,NULL,NULL,NULL,NULL,NULL),(66,'admin',1,NULL,'book','2012-04-13 06:18:42','2012-04-13 06:18:42','114.245.217.205','Court',8,NULL,NULL,NULL,NULL,NULL),(67,'admin',1,NULL,'change','2012-04-13 06:18:55','2012-04-13 06:18:55','114.245.217.205','Court',8,NULL,NULL,NULL,NULL,NULL),(68,'admin',1,NULL,'change','2012-04-13 06:19:33','2012-04-13 06:19:33','114.245.217.205','Court',2,NULL,NULL,NULL,NULL,NULL),(69,'admin',1,NULL,'change','2012-04-13 06:20:49','2012-04-13 06:20:49','114.245.217.205','Court',2,NULL,NULL,NULL,NULL,NULL),(70,'admin',1,NULL,'book','2012-04-13 08:36:42','2012-04-13 08:36:42','114.245.217.205','Court',5,NULL,NULL,NULL,NULL,NULL),(71,'admin',1,NULL,'book','2012-04-13 08:38:34','2012-04-13 08:38:34','114.245.217.205','Court',3,NULL,NULL,NULL,NULL,NULL),(72,'admin',1,NULL,'book','2012-04-13 08:39:34','2012-04-13 08:39:34','114.245.217.205','Court',4,NULL,NULL,NULL,NULL,NULL),(73,'admin',1,NULL,'book','2012-04-13 08:40:37','2012-04-13 08:40:37','114.245.217.205','Court',3,NULL,NULL,NULL,NULL,NULL),(74,'admin',1,NULL,'activate','2012-04-13 08:41:06','2012-04-13 08:41:06','114.245.217.205','Court',3,NULL,NULL,NULL,NULL,NULL),(75,'admin',1,NULL,'cancel','2012-04-13 08:44:42','2012-04-13 08:44:42','114.245.217.205','Court',3,NULL,NULL,NULL,NULL,NULL),(76,'admin',1,NULL,'book','2012-04-13 08:45:14','2012-04-13 08:45:14','114.245.217.205','Court',4,NULL,NULL,NULL,NULL,NULL),(77,'admin',1,NULL,'activate','2012-04-13 08:45:22','2012-04-13 08:45:22','114.245.217.205','Court',4,NULL,NULL,NULL,NULL,NULL),(78,'admin',1,NULL,'cancel','2012-04-13 08:45:25','2012-04-13 08:45:25','114.245.217.205','Court',2,NULL,NULL,NULL,NULL,NULL),(79,'admin',1,NULL,'change','2012-04-13 08:45:37','2012-04-13 08:45:37','114.245.217.205','Court',2,NULL,NULL,NULL,NULL,NULL),(80,'admin',1,NULL,'book','2012-04-13 08:46:39','2012-04-13 08:46:39','114.245.217.205','Court',2,NULL,NULL,NULL,NULL,NULL),(81,'admin',1,NULL,'activate','2012-04-13 08:46:53','2012-04-13 08:46:53','114.245.217.205','Court',2,NULL,NULL,NULL,NULL,NULL),(82,'admin',1,NULL,'change','2012-04-13 08:47:01','2012-04-13 08:47:01','114.245.217.205','Court',2,NULL,NULL,NULL,NULL,NULL),(83,'admin',1,NULL,'book','2012-04-13 08:47:27','2012-04-13 08:47:27','114.245.217.205','Court',2,NULL,NULL,NULL,NULL,NULL),(84,'admin',1,NULL,'activate','2012-04-13 08:47:33','2012-04-13 08:47:33','114.245.217.205','Court',2,NULL,NULL,NULL,NULL,NULL),(85,'admin',1,NULL,'book','2012-04-13 08:48:10','2012-04-13 08:48:10','114.245.217.205','Court',1,NULL,NULL,NULL,NULL,NULL),(86,'admin',1,NULL,'want_sell','2012-04-13 08:48:20','2012-04-13 08:48:20','114.245.217.205','Court',1,NULL,NULL,NULL,NULL,NULL),(87,'admin',1,NULL,'change','2012-04-13 08:48:30','2012-04-13 08:48:30','114.245.217.205','Court',1,NULL,NULL,NULL,NULL,NULL),(88,'admin',1,NULL,'want_sell','2012-04-13 08:48:44','2012-04-13 08:48:44','114.245.217.205','Court',1,NULL,NULL,NULL,NULL,NULL),(89,'admin',1,NULL,'change','2012-04-13 08:48:53','2012-04-13 08:48:53','114.245.217.205','Court',1,NULL,NULL,NULL,NULL,NULL),(90,'admin',1,NULL,'change','2012-04-13 08:49:27','2012-04-13 08:49:27','114.245.217.205','Court',1,NULL,NULL,NULL,NULL,NULL),(91,'admin',1,NULL,'want_sell','2012-04-13 08:49:58','2012-04-13 08:49:58','114.245.217.205','Court',1,NULL,NULL,NULL,NULL,NULL),(92,'admin',1,NULL,'sell','2012-04-13 08:50:05','2012-04-13 08:50:05','114.245.217.205','Court',1,NULL,NULL,NULL,NULL,NULL),(93,'admin',1,NULL,'change','2012-04-13 08:50:15','2012-04-13 08:50:15','114.245.217.205','Court',1,NULL,NULL,NULL,NULL,NULL),(94,'admin',1,NULL,'want_sell','2012-04-13 08:50:21','2012-04-13 08:50:21','114.245.217.205','Court',1,NULL,NULL,NULL,NULL,NULL),(95,'admin',1,NULL,'change','2012-04-13 08:50:36','2012-04-13 08:50:36','114.245.217.205','Court',1,NULL,NULL,NULL,NULL,NULL),(96,'admin',1,NULL,'activate','2012-04-13 08:54:27','2012-04-13 08:54:27','114.245.217.205','Court',2,NULL,NULL,NULL,NULL,NULL),(97,'admin',1,NULL,'change','2012-04-13 09:11:37','2012-04-13 09:11:37','114.245.217.205','Court',4,NULL,NULL,NULL,NULL,NULL),(98,'admin',1,NULL,'change','2012-04-13 09:11:57','2012-04-13 09:11:57','114.245.217.205','Court',4,NULL,NULL,NULL,NULL,NULL),(99,'admin',1,NULL,'cancel','2012-04-13 09:12:12','2012-04-13 09:12:12','114.245.217.205','Court',4,NULL,NULL,NULL,NULL,NULL),(100,'admin',1,NULL,'kaika','2012-04-13 09:21:03','2012-04-13 09:21:03','114.245.217.205','MembersCard',16,NULL,NULL,NULL,NULL,NULL),(101,'admin',1,NULL,'book','2012-04-13 09:21:55','2012-04-13 09:21:55','114.245.217.205','Court',1,NULL,NULL,NULL,NULL,NULL),(102,'admin',1,NULL,'book','2012-04-13 09:24:54','2012-04-13 09:24:54','114.245.217.205','Court',2,NULL,NULL,NULL,NULL,NULL),(103,'admin',1,NULL,'book','2012-04-13 09:25:21','2012-04-13 09:25:21','114.245.217.205','Court',3,NULL,NULL,NULL,NULL,NULL),(104,'admin',1,NULL,'book','2012-04-13 09:26:08','2012-04-13 09:26:08','114.245.217.205','Court',4,NULL,NULL,NULL,NULL,NULL),(105,'admin',1,NULL,'book','2012-04-13 09:26:32','2012-04-13 09:26:32','114.245.217.205','Court',5,NULL,NULL,NULL,NULL,NULL),(106,'admin',1,NULL,'change','2012-04-13 09:26:52','2012-04-13 09:26:52','114.245.217.205','Court',5,NULL,NULL,NULL,NULL,NULL),(107,'admin',1,NULL,'book','2012-04-13 09:27:15','2012-04-13 09:27:15','114.245.217.205','Court',1,NULL,NULL,NULL,NULL,NULL),(108,'admin',1,NULL,'book','2012-04-13 09:29:19','2012-04-13 09:29:19','114.245.217.205','Court',5,NULL,NULL,NULL,NULL,NULL),(109,'admin',1,NULL,'book','2012-04-13 09:32:38','2012-04-13 09:32:38','114.245.217.205','Court',5,NULL,NULL,NULL,NULL,NULL),(110,'admin',1,NULL,'change','2012-04-13 09:33:05','2012-04-13 09:33:05','114.245.217.205','Court',5,NULL,NULL,NULL,NULL,NULL),(111,'admin',1,NULL,'book','2012-04-13 09:37:40','2012-04-13 09:37:40','114.245.217.205','Court',9,NULL,NULL,NULL,NULL,NULL),(112,'admin',1,NULL,'book','2012-04-13 09:41:37','2012-04-13 09:41:37','114.245.217.205','Court',2,NULL,NULL,NULL,NULL,NULL),(113,'admin',1,NULL,'book','2012-04-13 09:42:19','2012-04-13 09:42:19','114.245.217.205','Court',1,NULL,NULL,NULL,NULL,NULL),(114,'admin',1,NULL,'book','2012-04-13 09:43:38','2012-04-13 09:43:38','114.245.217.205','Court',3,NULL,NULL,NULL,NULL,NULL),(115,'admin',1,NULL,'cancel','2012-04-13 09:43:47','2012-04-13 09:43:47','114.245.217.205','Court',3,NULL,NULL,NULL,NULL,NULL),(116,'admin',1,NULL,'cancel','2012-04-13 09:43:58','2012-04-13 09:43:58','114.245.217.205','Court',3,NULL,NULL,NULL,NULL,NULL),(117,'admin',1,NULL,'change','2012-04-13 09:44:16','2012-04-13 09:44:16','114.245.217.205','Court',2,NULL,NULL,NULL,NULL,NULL),(118,'admin',1,NULL,'book','2012-04-13 09:44:53','2012-04-13 09:44:53','114.245.217.205','Court',3,NULL,NULL,NULL,NULL,NULL),(119,'admin',1,NULL,'book','2012-04-13 09:45:52','2012-04-13 09:45:52','114.245.217.205','Court',1,NULL,NULL,NULL,NULL,NULL),(120,'admin',1,NULL,'book','2012-04-13 09:48:09','2012-04-13 09:48:09','114.245.217.205','Court',1,NULL,NULL,NULL,NULL,NULL),(121,'admin',1,NULL,'cancel','2012-04-13 09:48:29','2012-04-13 09:48:29','114.245.217.205','Court',1,NULL,NULL,NULL,NULL,NULL),(122,'admin',1,NULL,'cancel','2012-04-13 09:48:56','2012-04-13 09:48:56','114.245.217.205','Court',1,NULL,NULL,NULL,NULL,NULL),(123,'admin',1,NULL,'book','2012-04-13 09:49:26','2012-04-13 09:49:26','114.245.217.205','Court',7,NULL,NULL,NULL,NULL,NULL),(124,'admin',1,NULL,'book','2012-04-13 09:49:35','2012-04-13 09:49:35','114.245.217.205','Court',2,NULL,NULL,NULL,NULL,NULL),(125,'admin',1,NULL,'book','2012-04-14 02:08:14','2012-04-14 02:08:14','192.168.1.104','Court',1,NULL,NULL,NULL,NULL,NULL),(126,'admin',1,NULL,'book','2012-04-14 02:08:16','2012-04-14 02:08:16','192.168.1.104','Court',1,NULL,NULL,NULL,NULL,NULL),(127,'admin',1,NULL,'book','2012-04-14 02:09:04','2012-04-14 02:09:04','192.168.1.104','Court',1,NULL,NULL,NULL,NULL,NULL),(128,'admin',1,NULL,'book','2012-04-14 02:09:04','2012-04-14 02:09:04','192.168.1.104','Court',1,NULL,NULL,NULL,NULL,NULL),(129,'admin',1,NULL,'book','2012-04-14 02:10:18','2012-04-14 02:10:18','192.168.1.104','Court',2,NULL,NULL,NULL,NULL,NULL),(130,'admin',1,NULL,'book','2012-04-14 02:10:18','2012-04-14 02:10:18','192.168.1.104','Court',2,NULL,NULL,NULL,NULL,NULL),(131,'admin',1,NULL,'book','2012-04-14 02:11:21','2012-04-14 02:11:21','192.168.1.104','Court',3,NULL,NULL,NULL,NULL,NULL),(132,'admin',1,NULL,'book','2012-04-14 02:11:56','2012-04-14 02:11:56','192.168.1.104','Court',4,NULL,NULL,NULL,NULL,NULL),(133,'admin',1,NULL,'book','2012-04-14 02:12:23','2012-04-14 02:12:23','192.168.1.104','Court',1,NULL,NULL,NULL,NULL,NULL),(134,'admin',1,NULL,'book','2012-04-14 02:12:50','2012-04-14 02:12:50','192.168.1.104','Court',2,NULL,NULL,NULL,NULL,NULL),(135,'admin',1,NULL,'change','2012-04-14 03:41:19','2012-04-14 03:41:19','114.245.217.205','Court',1,NULL,NULL,NULL,NULL,NULL),(136,'admin',1,NULL,'sell','2012-04-14 03:41:35','2012-04-14 03:41:35','114.245.217.205','Court',1,NULL,NULL,NULL,NULL,NULL),(137,'admin',1,NULL,'want_sell','2012-04-14 03:41:44','2012-04-14 03:41:44','114.245.217.205','Court',1,NULL,NULL,NULL,NULL,NULL),(138,'admin',1,NULL,'book','2012-04-14 03:59:49','2012-04-14 03:59:49','114.245.217.205','Court',3,NULL,NULL,NULL,NULL,NULL),(139,'admin',1,NULL,'book','2012-04-14 04:00:06','2012-04-14 04:00:06','114.245.217.205','Court',4,NULL,NULL,NULL,NULL,NULL),(140,'admin',1,NULL,'change','2012-04-14 04:00:18','2012-04-14 04:00:18','114.245.217.205','Court',4,NULL,NULL,NULL,NULL,NULL),(141,'admin',1,NULL,'book','2012-04-17 06:10:48','2012-04-17 06:10:48','124.35.46.4','Court',2,NULL,NULL,NULL,NULL,NULL),(142,'admin',1,'12:00-14:00','book','2012-04-27 01:20:44','2012-04-27 01:20:44','114.245.184.78','Court',2,NULL,NULL,NULL,NULL,NULL),(143,'admin',1,'13:00-14:00','book','2012-04-27 01:21:13','2012-04-27 01:21:13','114.245.184.78','Court',3,NULL,NULL,NULL,NULL,NULL),(144,'admin',1,'13:00-14:00','activate','2012-04-27 01:21:33','2012-04-27 01:21:33','114.245.184.78','Court',3,NULL,NULL,NULL,NULL,NULL),(145,'admin',1,'13:00-14:00','book','2012-04-27 06:08:23','2012-04-27 06:08:23','114.245.184.78','Court',4,NULL,NULL,NULL,NULL,NULL),(146,'admin',1,'13:00-15:00','change','2012-04-27 06:08:31','2012-04-27 06:08:31','114.245.184.78','Court',4,NULL,NULL,NULL,NULL,NULL),(147,'admin',1,'13:00-15:00','want_sell','2012-04-27 06:08:39','2012-04-27 06:08:39','114.245.184.78','Court',4,NULL,NULL,NULL,NULL,NULL),(148,'admin',1,'13:00-15:00','sell','2012-04-27 06:09:09','2012-04-27 06:09:09','114.245.184.78','Court',4,NULL,NULL,NULL,NULL,NULL),(149,'admin',1,'9:00-10:00','book','2012-05-14 09:10:10','2012-05-14 09:10:10','192.168.1.222','Court',1,NULL,NULL,NULL,NULL,NULL),(150,'admin',1,'9:00-11:00','book','2012-05-14 09:10:37','2012-05-14 09:10:37','192.168.1.222','Court',2,NULL,NULL,NULL,NULL,NULL),(151,'admin',1,'9:00-11:00','change','2012-05-14 09:11:15','2012-05-14 09:11:15','192.168.1.222','Court',2,NULL,NULL,NULL,NULL,NULL),(152,'admin',1,'10:00-13:00','book','2012-05-14 09:11:50','2012-05-14 09:11:50','192.168.1.222','Court',3,NULL,NULL,NULL,NULL,NULL),(153,'admin',1,NULL,'kaika','2012-05-22 06:42:00','2012-05-22 06:42:00','114.245.202.77','MembersCard',17,NULL,NULL,NULL,NULL,NULL),(154,'admin',1,'7:00-8:00','book','2012-05-22 06:53:55','2012-05-22 06:53:55','173.230.129.78','Court',1,NULL,NULL,NULL,NULL,NULL),(155,'admin',1,'15:00-16:00','book','2012-05-22 07:24:28','2012-05-22 07:24:28','114.245.202.77','Court',1,NULL,NULL,NULL,NULL,NULL),(156,'admin',1,'18:00-19:00','book','2012-05-22 07:24:40','2012-05-22 07:24:40','114.245.202.77','Court',13,NULL,NULL,NULL,NULL,NULL),(157,'admin',1,'17:00-18:00','book','2012-05-22 07:24:54','2012-05-22 07:24:54','114.245.202.77','Court',14,NULL,NULL,NULL,NULL,NULL),(158,'admin',1,'17:00-18:00','activate','2012-05-22 07:49:11','2012-05-22 07:49:11','114.245.202.77','Court',14,NULL,NULL,NULL,NULL,NULL),(159,'admin',1,'15:00-16:00','activate','2012-05-22 07:50:04','2012-05-22 07:50:04','114.245.202.77','Court',1,NULL,NULL,NULL,NULL,NULL),(160,'admin',1,'18:00-19:00','activate','2012-05-22 09:22:36','2012-05-22 09:22:36','114.245.202.77','Court',13,NULL,NULL,NULL,NULL,NULL),(161,'admin',1,'13:00-14:00','book','2012-05-24 06:01:27','2012-05-24 06:01:27','114.245.202.77','Court',14,NULL,NULL,NULL,NULL,NULL),(162,'admin',1,'13:00-14:00','activate','2012-05-24 06:17:18','2012-05-24 06:17:18','114.245.202.77','Court',14,NULL,NULL,NULL,NULL,NULL),(163,'admin',1,NULL,'kaika','2012-05-26 05:09:13','2012-05-26 05:09:13','114.245.186.17','MembersCard',1,NULL,NULL,NULL,NULL,NULL),(164,'admin',1,'10:00-12:00','book','2012-05-26 05:13:27','2012-05-26 05:13:27','114.245.186.17','Court',1,NULL,NULL,NULL,NULL,NULL),(165,'admin',1,'10:00-12:00','activate','2012-05-26 05:14:24','2012-05-26 05:14:24','114.245.186.17','Court',1,NULL,NULL,NULL,NULL,NULL),(166,'admin',1,NULL,'kaika','2012-05-26 05:27:35','2012-05-26 05:27:35','114.245.186.17','MembersCard',2,NULL,NULL,NULL,NULL,NULL),(167,'admin',1,'21:00-22:00','book','2012-05-26 05:36:17','2012-05-26 05:36:17','114.245.186.17','Court',19,NULL,NULL,NULL,NULL,NULL),(168,'admin',1,NULL,'kaika','2012-05-26 07:19:32','2012-05-26 07:19:32','114.245.186.17','MembersCard',3,NULL,NULL,NULL,NULL,NULL),(169,'admin',1,'16:00-18:00','book','2012-05-26 07:20:39','2012-05-26 07:20:39','114.245.186.17','Court',1,NULL,NULL,NULL,NULL,NULL),(170,'admin',1,'10:00-11:00','book','2012-05-26 07:24:20','2012-05-26 07:24:20','114.245.186.17','Court',4,NULL,NULL,NULL,NULL,NULL),(171,'admin',1,'16:00-17:00','book','2012-05-26 07:25:59','2012-05-26 07:25:59','114.245.186.17','Court',3,NULL,NULL,NULL,NULL,NULL),(172,'admin',1,'16:00-18:00','book','2012-05-26 07:26:35','2012-05-26 07:26:35','114.245.186.17','Court',4,NULL,NULL,NULL,NULL,NULL),(173,'admin',1,'13:00-14:00','book','2012-05-26 07:28:35','2012-05-26 07:28:35','114.245.186.17','Court',3,NULL,NULL,NULL,NULL,NULL),(174,'admin',1,'13:00-14:00','activate','2012-05-26 07:28:42','2012-05-26 07:28:42','114.245.186.17','Court',3,NULL,NULL,NULL,NULL,NULL),(175,'admin',1,'15:00-16:00','book','2012-05-26 07:29:32','2012-05-26 07:29:32','114.245.186.17','Court',5,NULL,NULL,NULL,NULL,NULL),(176,'admin',1,'14:00-15:00','book','2012-05-26 07:30:09','2012-05-26 07:30:09','114.245.186.17','Court',5,NULL,NULL,NULL,NULL,NULL),(177,'admin',1,'16:00-17:00','change','2012-05-26 07:31:15','2012-05-26 07:31:15','114.245.186.17','Court',3,NULL,NULL,NULL,NULL,NULL),(178,'admin',1,'16:00-20:00','change','2012-05-26 07:31:26','2012-05-26 07:31:26','114.245.186.17','Court',3,NULL,NULL,NULL,NULL,NULL),(179,'admin',1,'16:00-20:00','cancel','2012-05-26 07:33:45','2012-05-26 07:33:45','114.245.186.17','Court',3,NULL,NULL,NULL,NULL,NULL),(180,'admin',1,'16:00-20:00','cancel','2012-05-26 07:33:52','2012-05-26 07:33:52','114.245.186.17','Court',3,NULL,NULL,NULL,NULL,NULL),(181,'admin',1,'16:00-18:00','cancel','2012-05-26 07:34:04','2012-05-26 07:34:04','114.245.186.17','Court',4,NULL,NULL,NULL,NULL,NULL),(182,'admin',1,'16:00-18:00','cancel','2012-05-26 07:34:12','2012-05-26 07:34:12','114.245.186.17','Court',4,NULL,NULL,NULL,NULL,NULL),(183,'admin',1,'16:00-18:00','cancel','2012-05-26 07:34:32','2012-05-26 07:34:32','114.245.186.17','Court',4,NULL,NULL,NULL,NULL,NULL),(184,'admin',1,'12:00-13:00','book','2012-05-26 07:40:34','2012-05-26 07:40:34','114.245.186.17','Court',4,NULL,NULL,NULL,NULL,NULL),(185,'admin',1,'12:00-13:00','all_change','2012-05-26 07:41:25','2012-05-26 07:41:25','114.245.186.17','Court',4,NULL,NULL,NULL,NULL,NULL),(186,'admin',1,'12:00-14:00','book','2012-05-26 08:07:11','2012-05-26 08:07:11','114.245.186.17','Court',22,NULL,NULL,NULL,NULL,NULL),(187,'admin',1,'9:00-10:00','book','2012-05-28 05:59:38','2012-05-28 05:59:38','114.245.186.17','BookRecord',267,'测试 ','室外P1','2012-05-28 05:59:37','9:00 - 10:00','室外P1预定(9:00-10:00)'),(188,'admin',1,'9:00-10:00','activate','2012-05-28 06:08:31','2012-05-28 06:08:31','114.245.186.17','BookRecord',267,'测试 ','室外P1','2012-05-28 05:59:37','9:00 - 10:00','室外P1开场(9:00-10:00)'),(189,'admin',1,'12:00-13:00','book','2012-05-28 07:03:50','2012-05-28 07:03:50','114.245.186.17','BookRecord',269,'王老吉','室外p2','2012-05-28 07:03:50','12:00 - 13:00','室外p2预定(12:00-13:00)'),(190,'admin',1,'12:00-13:00','activate','2012-05-28 07:03:56','2012-05-28 07:03:56','114.245.186.17','BookRecord',269,'王老吉','室外p2','2012-05-28 07:03:50','12:00 - 13:00','室外p2开场(12:00-13:00)'),(191,'admin',1,'12:00-13:00','activate','2012-05-28 07:04:07','2012-05-28 07:04:07','114.245.186.17','BookRecord',269,'王老吉','室外p2','2012-05-28 07:03:50','12:00 - 13:00','室外p2开场(12:00-13:00)'),(192,'admin',1,'14:00-15:00','book','2012-05-30 01:29:05','2012-05-30 01:29:05','114.245.186.17','BookRecord',270,'王老吉','室外p2','2012-05-30 01:29:05','14:00 - 15:00','室外p2预定(14:00-15:00)'),(193,'admin',1,'14:00-15:00','activate','2012-05-30 02:06:22','2012-05-30 02:06:22','114.245.186.17','BookRecord',270,'王老吉','室外p2','2012-05-30 01:29:05','14:00 - 15:00','室外p2开场(14:00-15:00)'),(194,'admin',1,NULL,'kaika','2012-05-30 05:40:28','2012-05-30 05:40:28','114.245.186.17','MembersCard',4,'','S00002','0000-00-00 00:00:00','','S00002开卡()'),(195,'admin',1,'14:00-15:00','book','2012-05-30 07:49:46','2012-05-30 07:49:46','114.245.186.17','BookRecord',271,'outside','室外p3','2012-05-30 07:49:46','14:00 - 15:00','室外p3预定(14:00-15:00)'),(196,'admin',1,'14:00-17:00 ','change','2012-05-30 07:49:58','2012-05-30 07:49:58','114.245.186.17','BookRecord',271,'outside','室外p3','2012-05-30 07:49:46','14:00 - 17:00','室外p3变更(14:00-17:00 )'),(197,'admin',1,'14:00-17:00','activate','2012-05-30 07:50:08','2012-05-30 07:50:08','114.245.186.17','BookRecord',271,'outside','室外p3','2012-05-30 07:49:46','14:00 - 17:00','室外p3开场(14:00-17:00)'),(198,'admin',1,'14:00-17:00 ','change','2012-05-30 07:50:16','2012-05-30 07:50:16','114.245.186.17','BookRecord',271,'outside','室外p3','2012-05-30 07:49:46','14:00 - 17:00','室外p3变更(14:00-17:00 )'),(199,'admin',1,NULL,'kaika','2012-06-03 01:53:17','2012-06-03 01:53:17','114.245.200.163','MembersCard',5,'','ZC00015','0000-00-00 00:00:00','','ZC00015开卡()'),(200,'admin',1,'9:00-10:00','book','2012-06-03 01:55:57','2012-06-03 01:55:57','114.245.200.163','BookRecord',273,'刘德华','室外p2','2012-06-03 01:55:57','9:00 - 10:00','室外p2预定(9:00-10:00)'),(201,'admin',1,'9:00-10:00','activate','2012-06-03 01:56:10','2012-06-03 01:56:10','114.245.200.163','BookRecord',273,'刘德华','室外p2','2012-06-03 01:55:57','9:00 - 10:00','室外p2开场(9:00-10:00)'),(202,'admin',1,'12:00-13:00','book','2012-06-03 02:41:17','2012-06-03 02:41:17','114.245.200.163','BookRecord',274,'刘德华','室外p2','2012-06-03 02:41:17','12:00 - 13:00','室外p2预定(12:00-13:00)'),(203,'admin',1,'10:00-11:00','book','2012-06-03 03:04:45','2012-06-03 03:04:45','114.245.200.163','BookRecord',275,'王老吉','室外p3','2012-06-03 03:04:45','10:00 - 11:00','室外p3预定(10:00-11:00)'),(204,'admin',1,'12:00-13:00','activate','2012-06-03 03:05:20','2012-06-03 03:05:20','114.245.200.163','BookRecord',274,'刘德华','室外p2','2012-06-03 02:41:17','12:00 - 13:00','室外p2开场(12:00-13:00)'),(205,'admin',1,'10:00-11:00','activate','2012-06-03 03:05:34','2012-06-03 03:05:34','114.245.200.163','BookRecord',275,'王老吉','室外p3','2012-06-03 03:04:45','10:00 - 11:00','室外p3开场(10:00-11:00)'),(206,'admin',1,'15:00-17:00','book','2012-06-03 03:09:32','2012-06-03 03:09:32','114.245.200.163','BookRecord',276,'刘德华','室外p2','2012-06-03 03:09:32','15:00 - 17:00','室外p2预定(15:00-17:00)'),(207,'admin',1,'15:00-17:00','activate','2012-06-03 03:10:14','2012-06-03 03:10:14','114.245.200.163','BookRecord',276,'刘德华','室外p2','2012-06-03 03:09:32','15:00 - 17:00','室外p2开场(15:00-17:00)'),(208,'admin',1,'17:00-18:00','book','2012-06-03 03:11:10','2012-06-03 03:11:10','114.245.200.163','BookRecord',277,'outside','室外p3','2012-06-03 03:11:10','17:00 - 18:00','室外p3预定(17:00-18:00)'),(209,'admin',1,'15:00-18:00','book','2012-06-03 03:12:08','2012-06-03 03:12:08','114.245.200.163','BookRecord',279,'刘德华','室外p3','2012-06-03 03:12:08','15:00 - 18:00','室外p3预定(15:00-18:00)'),(210,'admin',1,'15:00-18:00','activate','2012-06-03 03:12:30','2012-06-03 03:12:30','114.245.200.163','BookRecord',279,'刘德华','室外p3','2012-06-03 03:12:08','15:00 - 18:00','室外p3开场(15:00-18:00)'),(211,'admin',1,'17:00-18:00','activate','2012-06-03 03:13:50','2012-06-03 03:13:50','114.245.200.163','BookRecord',277,'outside','室外p3','2012-06-03 03:11:10','17:00 - 18:00','室外p3开场(17:00-18:00)'),(212,'admin',1,'22:00-23:00','book','2012-06-03 03:15:10','2012-06-03 03:15:10','114.245.200.163','BookRecord',280,'王老吉','室外p4','2012-06-03 03:15:10','22:00 - 23:00','室外p4预定(22:00-23:00)'),(213,'admin',1,'22:00-23:00','activate','2012-06-03 03:17:51','2012-06-03 03:17:51','114.245.200.163','BookRecord',280,'王老吉','室外p4','2012-06-03 03:15:10','22:00 - 23:00','室外p4开场(22:00-23:00)'),(214,'admin',1,'20:00-21:00','book','2012-06-03 03:25:57','2012-06-03 03:25:57','114.245.222.2','BookRecord',281,'outside','室外p5','2012-06-03 03:25:57','20:00 - 21:00','室外p5预定(20:00-21:00)'),(215,'admin',1,'20:00-23:00 ','change','2012-06-03 03:26:07','2012-06-03 03:26:07','114.245.222.2','BookRecord',281,'outside','室外p5','2012-06-03 03:25:57','20:00 - 23:00','室外p5变更(20:00-23:00 )'),(216,'admin',1,'20:00-23:00','activate','2012-06-03 03:26:20','2012-06-03 03:26:20','114.245.222.2','BookRecord',281,'outside','室外p5','2012-06-03 03:25:57','20:00 - 23:00','室外p5开场(20:00-23:00)'),(217,'admin',1,'10:00-11:00 ','change','2012-06-03 03:40:37','2012-06-03 03:40:37','114.245.222.2','BookRecord',275,'王老吉','室外p3','2012-06-03 03:04:45','10:00 - 11:00','室外p3变更(10:00-11:00 )'),(218,'admin',1,NULL,'kaika','2012-06-03 03:44:42','2012-06-03 03:44:42','114.245.222.2','MembersCard',6,'','ZC00016','0000-00-00 00:00:00','','ZC00016开卡()'),(219,'admin',1,'15:00-17:00','book','2012-06-03 03:45:29','2012-06-03 03:45:29','114.245.222.2','BookRecord',284,'际洋','室外p2','2012-06-03 03:45:29','15:00 - 17:00','室外p2预定(15:00-17:00)'),(220,'admin',1,'15:00-17:00','activate','2012-06-03 03:45:36','2012-06-03 03:45:36','114.245.222.2','BookRecord',284,'际洋','室外p2','2012-06-03 03:45:29','15:00 - 17:00','室外p2开场(15:00-17:00)'),(221,'admin',1,'12:00-13:00','book','2012-06-03 04:08:10','2012-06-03 04:08:10','114.245.222.2','BookRecord',285,'outside','室内A2','2012-06-03 04:08:10','12:00 - 13:00','室内A2预定(12:00-13:00)'),(222,'admin',1,'12:00-13:00','activate','2012-06-03 04:08:18','2012-06-03 04:08:18','114.245.222.2','BookRecord',285,'outside','室内A2','2012-06-03 04:08:10','12:00 - 13:00','室内A2开场(12:00-13:00)'),(223,'admin',1,'17:00-18:00 ','change','2012-06-03 05:18:41','2012-06-03 05:18:41','114.245.222.2','BookRecord',277,'outside','室外p3','2012-06-03 03:11:10','17:00 - 18:00','室外p3变更(17:00-18:00 )'),(224,'admin',1,'20:00-23:00 ','change','2012-06-03 05:19:32','2012-06-03 05:19:32','114.245.222.2','BookRecord',281,'outside','室外p5','2012-06-03 03:25:57','20:00 - 23:00','室外p5变更(20:00-23:00 )'),(225,'admin',1,'17:00-18:00 ','change','2012-06-03 05:26:31','2012-06-03 05:26:31','114.245.222.2','BookRecord',277,'outside','室外p3','2012-06-03 03:11:10','17:00 - 18:00','室外p3变更(17:00-18:00 )'),(226,'admin',1,'15:00-17:00','cancel','2012-06-03 05:33:04','2012-06-03 05:33:04','114.245.222.2','BookRecord',284,'际洋','室外p2','2012-06-03 03:45:29','15:00 - 17:00','室外p2取消预定(15:00-17:00)'),(227,'admin',1,NULL,'kaika','2012-06-03 05:33:40','2012-06-03 05:33:40','114.245.222.2','MembersCard',7,'','ZC00017','0000-00-00 00:00:00','','ZC00017开卡()'),(228,'admin',1,'18:00-20:00','book','2012-06-03 05:34:00','2012-06-03 05:34:00','114.245.222.2','BookRecord',287,'际洋','室外p4','2012-06-03 05:33:59','18:00 - 20:00','室外p4预定(18:00-20:00)'),(229,'admin',1,'18:00-20:00','activate','2012-06-03 05:34:07','2012-06-03 05:34:07','114.245.222.2','BookRecord',287,'际洋','室外p4','2012-06-03 05:33:59','18:00 - 20:00','室外p4开场(18:00-20:00)'),(230,'admin',1,NULL,'kaika','2012-06-03 05:38:03','2012-06-03 05:38:03','114.245.222.2','MembersCard',8,'','CA00002','0000-00-00 00:00:00','','CA00002开卡()'),(231,'admin',1,'19:00-20:00','book','2012-06-03 05:59:34','2012-06-03 05:59:34','114.245.222.2','BookRecord',289,'洋际','室外p2','2012-06-03 05:59:34','19:00 - 20:00','室外p2预定(19:00-20:00)'),(232,'admin',1,'20:00-22:00','book','2012-06-03 06:07:47','2012-06-03 06:07:47','114.245.222.2','BookRecord',290,'际洋','室外p3','2012-06-03 06:07:47','20:00 - 22:00','室外p3预定(20:00-22:00)'),(233,'admin',1,'20:00-22:00','activate','2012-06-03 06:07:55','2012-06-03 06:07:55','114.245.222.2','BookRecord',290,'际洋','室外p3','2012-06-03 06:07:47','20:00 - 22:00','室外p3开场(20:00-22:00)'),(234,'admin',1,NULL,'kaika','2012-06-03 06:09:42','2012-06-03 06:09:42','114.245.222.2','MembersCard',9,'','ZC00018','0000-00-00 00:00:00','','ZC00018开卡()'),(235,'admin',1,NULL,'kaika','2012-06-03 06:09:49','2012-06-03 06:09:49','114.245.222.2','MembersCard',10,'','CA00003','0000-00-00 00:00:00','','CA00003开卡()'),(236,'admin',1,NULL,'kaika','2012-06-03 06:11:37','2012-06-03 06:11:37','114.245.222.2','MembersCard',11,'','CC00001','0000-00-00 00:00:00','','CC00001开卡()'),(237,'admin',1,'16:00-18:00','book','2012-06-03 06:13:32','2012-06-03 06:13:32','114.245.222.2','BookRecord',292,'际洋','室外p4','2012-06-03 06:13:32','16:00 - 18:00','室外p4预定(16:00-18:00)'),(238,'admin',1,'16:00-18:00','activate','2012-06-03 06:13:39','2012-06-03 06:13:39','114.245.222.2','BookRecord',292,'际洋','室外p4','2012-06-03 06:13:32','16:00 - 18:00','室外p4开场(16:00-18:00)'),(239,'admin',1,'19:00-20:00','activate','2012-06-03 06:14:41','2012-06-03 06:14:41','114.245.222.2','BookRecord',289,'洋际','室外p2','2012-06-03 05:59:34','19:00 - 20:00','室外p2开场(19:00-20:00)'),(240,'admin',1,NULL,'kaika','2012-06-03 06:24:40','2012-06-03 06:24:40','114.245.222.2','MembersCard',12,'','CA00004','0000-00-00 00:00:00','','CA00004开卡()'),(241,'admin',1,NULL,'kaika','2012-06-03 06:37:54','2012-06-03 06:37:54','114.245.222.2','MembersCard',13,'','ZB00001','0000-00-00 00:00:00','','ZB00001开卡()'),(242,'admin',1,NULL,'kaika','2012-06-03 06:48:30','2012-06-03 06:48:30','114.245.222.2','MembersCard',14,'','S00003','0000-00-00 00:00:00','','S00003开卡()'),(243,'admin',1,'15:00-16:00','book','2012-06-03 06:49:18','2012-06-03 06:49:18','114.245.222.2','BookRecord',294,'际洋','室外p3','2012-06-03 06:49:17','15:00 - 16:00','室外p3预定(15:00-16:00)'),(244,'admin',1,'20:00-23:00','book','2012-06-03 06:50:11','2012-06-03 06:50:11','114.245.222.2','BookRecord',296,'刘德华','室外p2','2012-06-03 06:50:11','20:00 - 23:00','室外p2预定(20:00-23:00)'),(245,'admin',1,'20:00-23:00','activate','2012-06-03 06:50:19','2012-06-03 06:50:19','114.245.222.2','BookRecord',296,'刘德华','室外p2','2012-06-03 06:50:11','20:00 - 23:00','室外p2开场(20:00-23:00)'),(246,'admin',1,'12:00-13:00','book','2012-06-03 06:53:03','2012-06-03 06:53:03','114.245.222.2','BookRecord',297,'outside','室内A3','2012-06-03 06:53:03','12:00 - 13:00','室内A3预定(12:00-13:00)'),(247,'admin',1,'11:00-14:00','book','2012-06-03 06:53:46','2012-06-03 06:53:46','114.245.222.2','BookRecord',298,'刘德华','室外p4','2012-06-03 06:53:46','11:00 - 14:00','室外p4预定(11:00-14:00)'),(248,'admin',1,'11:00-14:00','activate','2012-06-03 06:53:52','2012-06-03 06:53:52','114.245.222.2','BookRecord',298,'刘德华','室外p4','2012-06-03 06:53:46','11:00 - 14:00','室外p4开场(11:00-14:00)'),(249,'admin',1,'14:00-15:00','book','2012-06-03 06:54:44','2012-06-03 06:54:44','114.245.222.2','BookRecord',299,'outside','室内A3','2012-06-03 06:54:44','14:00 - 15:00','室内A3预定(14:00-15:00)'),(250,'admin',1,'15:00-16:00','activate','2012-06-03 07:29:11','2012-06-03 07:29:11','114.245.222.2','BookRecord',294,'际洋','室外p3','2012-06-03 06:49:17','15:00 - 16:00','室外p3开场(15:00-16:00)'),(251,'admin',1,'11:00-12:00','book','2012-06-03 08:18:46','2012-06-03 08:18:46','114.245.222.2','BookRecord',300,'际洋','室外C4','2012-06-03 08:18:45','11:00 - 12:00','室外C4预定(11:00-12:00)'),(252,'admin',1,'15:00-16:00','activate','2012-06-03 08:46:06','2012-06-03 08:46:06','114.245.222.2','BookRecord',294,'际洋','室外p3','2012-06-03 06:49:17','15:00 - 16:00','室外p3开场(15:00-16:00)'),(253,'admin',1,'14:00-16:00','book','2012-06-05 03:18:44','2012-06-05 03:18:44','221.219.125.86','BookRecord',301,'outside','室外C3','2012-06-05 03:18:44','14:00 - 16:00','室外C3预定(14:00-16:00)'),(254,'admin',1,'14:00-16:00','activate','2012-06-05 03:19:37','2012-06-05 03:19:37','221.219.125.86','BookRecord',301,'outside','室外C3','2012-06-05 03:18:44','14:00 - 16:00','室外C3开场(14:00-16:00)'),(255,'admin',1,'14:00-15:00','book','2012-06-05 06:28:22','2012-06-05 06:28:22','221.219.125.86','BookRecord',303,'张学友','室外C4','2012-06-05 06:28:22','14:00 - 15:00','室外C4预定(14:00-15:00)'),(256,'admin',1,'14:00-15:00','activate','2012-06-05 06:28:42','2012-06-05 06:28:42','221.219.125.86','BookRecord',303,'张学友','室外C4','2012-06-05 06:28:22','14:00 - 15:00','室外C4开场(14:00-15:00)'),(257,'admin',1,'200元，0次','chongzhi','2012-06-05 07:19:00','2012-06-05 07:19:00','221.219.125.86','MembersCard',4,'','S00002','0000-00-00 00:00:00','','S00002充值(200元，0次)'),(258,'admin',1,'200元，0次','chongzhi','2012-06-05 07:19:58','2012-06-05 07:19:58','221.219.125.86','MembersCard',4,'','S00002','0000-00-00 00:00:00','','S00002充值(200元，0次)'),(259,'admin',1,'14:00-15:00','book','2012-06-05 07:22:12','2012-06-05 07:22:12','221.219.125.86','BookRecord',304,'outside','室外C5','2012-06-05 07:22:12','14:00 - 15:00','室外C5预定(14:00-15:00)'),(260,'admin',1,'14:00-15:00','want_sell','2012-06-05 07:22:20','2012-06-05 07:22:20','221.219.125.86','BookRecord',304,'outside','室外C5','2012-06-05 07:22:12','14:00 - 15:00','室外C5申请代卖(14:00-15:00)'),(261,'admin',1,'14:00-15:00','want_sell','2012-06-05 07:22:28','2012-06-05 07:22:28','221.219.125.86','BookRecord',304,'outside','室外C5','2012-06-05 07:22:12','14:00 - 15:00','室外C5申请代卖(14:00-15:00)'),(262,'admin',1,'14:00-15:00  原预订人: outside','sell','2012-06-05 07:25:37','2012-06-05 07:25:37','221.219.125.86','BookRecord',305,'王老吉','室外C5','2012-06-05 07:25:37','14:00 - 15:00','室外C5代卖(14:00-15:00  原预订人: outside)'),(263,'admin',1,'14:00-15:00','cancel','2012-06-05 07:26:34','2012-06-05 07:26:34','221.219.125.86','BookRecord',305,'王老吉','室外C5','2012-06-05 07:25:37','14:00 - 15:00','室外C5取消预定(14:00-15:00)'),(264,'admin',1,'14:00-15:00','cancel','2012-06-05 07:26:41','2012-06-05 07:26:41','221.219.125.86','BookRecord',305,'王老吉','室外C5','2012-06-05 07:25:37','14:00 - 15:00','室外C5取消预定(14:00-15:00)'),(265,'admin',1,'14:00-15:00','book','2012-06-05 07:27:56','2012-06-05 07:27:56','221.219.125.86','BookRecord',306,'outside','室外C5','2012-06-05 07:27:55','14:00 - 15:00','室外C5预定(14:00-15:00)'),(266,'admin',1,'14:00-15:00 原预订人: outside','change','2012-06-05 07:28:14','2012-06-05 07:28:14','221.219.125.86','BookRecord',306,'王老吉','室外C5','2012-06-05 07:27:55','14:00 - 15:00','室外C5变更(14:00-15:00 原预订人: outside)'),(267,'ljy',4,'14:00-15:00','activate','2012-06-05 07:50:51','2012-06-05 07:50:51','221.219.125.86','BookRecord',306,'王老吉','室外C5','2012-06-05 07:27:55','14:00 - 15:00','室外C5开场(14:00-15:00)'),(268,'admin',1,'10:00-12:00','book','2012-06-06 02:09:25','2012-06-06 02:09:25','221.219.125.86','BookRecord',307,'王老吉','室外p2','2012-06-06 02:09:25','10:00 - 12:00','室外p2预定(10:00-12:00)'),(269,'admin',1,'10:00-12:00 ','change','2012-06-06 02:09:42','2012-06-06 02:09:42','221.219.125.86','BookRecord',307,'王老吉','室外p2','2012-06-06 02:09:25','10:00 - 12:00','室外p2变更(10:00-12:00 )'),(270,'admin',1,'10:00-12:00','activate','2012-06-06 02:10:15','2012-06-06 02:10:15','221.219.125.86','BookRecord',307,'王老吉','室外p2','2012-06-06 02:09:25','10:00 - 12:00','室外p2开场(10:00-12:00)'),(271,'admin',1,'12:00-14:00','book','2012-06-06 02:20:51','2012-06-06 02:20:51','221.219.125.86','BookRecord',308,'刘德华','室内B1','2012-06-06 02:20:51','12:00 - 14:00','室内B1预定(12:00-14:00)'),(272,'admin',1,'12:00-14:00','activate','2012-06-06 02:21:02','2012-06-06 02:21:02','221.219.125.86','BookRecord',308,'刘德华','室内B1','2012-06-06 02:20:51','12:00 - 14:00','室内B1开场(12:00-14:00)'),(273,'admin',1,'19:00-22:00','book','2012-06-06 02:33:53','2012-06-06 02:33:53','221.219.125.86','BookRecord',310,'洋际','室外C2','2012-06-06 02:33:53','19:00 - 22:00','室外C2预定(19:00-22:00)'),(274,'admin',1,'19:00-22:00','activate','2012-06-06 02:34:28','2012-06-06 02:34:28','221.219.125.86','BookRecord',310,'洋际','室外C2','2012-06-06 02:33:53','19:00 - 22:00','室外C2开场(19:00-22:00)'),(275,'admin',1,'19:00-22:00','cancel','2012-06-06 02:36:43','2012-06-06 02:36:43','221.219.125.86','BookRecord',310,'洋际','室外C2','2012-06-06 02:33:53','19:00 - 22:00','室外C2取消预定(19:00-22:00)'),(276,'admin',1,'7:00-23:00','book','2012-06-06 02:42:54','2012-06-06 02:42:54','221.219.125.86','BookRecord',311,'际洋','室外p3','2012-06-06 02:42:54','7:00 - 23:00','室外p3预定(7:00-23:00)'),(277,'admin',1,'7:00-23:00','want_sell','2012-06-06 02:43:05','2012-06-06 02:43:05','221.219.125.86','BookRecord',311,'际洋','室外p3','2012-06-06 02:42:54','7:00 - 23:00','室外p3申请代卖(7:00-23:00)'),(278,'admin',1,'7:00-23:00','want_sell','2012-06-06 02:43:19','2012-06-06 02:43:19','221.219.125.86','BookRecord',311,'际洋','室外p3','2012-06-06 02:42:54','7:00 - 23:00','室外p3申请代卖(7:00-23:00)'),(279,'admin',1,'7:00-23:00','cancel_want_sell','2012-06-06 02:43:29','2012-06-06 02:43:29','221.219.125.86','BookRecord',311,'际洋','室外p3','2012-06-06 02:42:54','7:00 - 23:00','室外p3(7:00-23:00)'),(280,'admin',1,'7:00-23:00 ','change','2012-06-06 02:43:37','2012-06-06 02:43:37','221.219.125.86','BookRecord',311,'际洋','室外p3','2012-06-06 02:42:54','7:00 - 23:00','室外p3变更(7:00-23:00 )'),(281,'admin',1,'7:00-21:00 ','change','2012-06-06 02:43:47','2012-06-06 02:43:47','221.219.125.86','BookRecord',311,'际洋','室外p3','2012-06-06 02:42:54','7:00 - 21:00','室外p3变更(7:00-21:00 )'),(282,'admin',1,'7:00-21:00','activate','2012-06-06 02:44:06','2012-06-06 02:44:06','221.219.125.86','BookRecord',311,'际洋','室外p3','2012-06-06 02:42:54','7:00 - 21:00','室外p3开场(7:00-21:00)'),(283,'admin',1,'7:00-21:00 ','change','2012-06-06 02:45:53','2012-06-06 02:45:53','221.219.125.86','BookRecord',311,'际洋','室外p3','2012-06-06 02:42:54','7:00 - 21:00','室外p3变更(7:00-21:00 )'),(284,'admin',1,'7:00-21:00 ','change','2012-06-06 02:46:23','2012-06-06 02:46:23','221.219.125.86','BookRecord',311,'际洋','室外p3','2012-06-06 02:42:54','7:00 - 21:00','室外p3变更(7:00-21:00 )'),(285,'admin',1,'7:00-17:00 ','change','2012-06-06 02:51:22','2012-06-06 02:51:22','221.219.125.86','BookRecord',311,'际洋','室外p3','2012-06-06 02:42:54','7:00 - 17:00','室外p3变更(7:00-17:00 )'),(286,'admin',1,'10:00-11:00','book','2012-06-06 04:44:59','2012-06-06 04:44:59','221.219.125.86','BookRecord',313,'刘德华','室外p4','2012-06-06 04:44:59','10:00 - 11:00','室外p4预定(10:00-11:00)'),(287,'admin',1,'10:00-11:00','activate','2012-06-06 04:45:44','2012-06-06 04:45:44','221.219.125.86','BookRecord',313,'刘德华','室外p4','2012-06-06 04:44:59','10:00 - 11:00','室外p4开场(10:00-11:00)'),(288,'admin',1,'10:00-11:00 ','change','2012-06-06 04:46:35','2012-06-06 04:46:35','221.219.125.86','BookRecord',313,'刘德华','室外p4','2012-06-06 04:44:59','10:00 - 11:00','室外p4变更(10:00-11:00 )'),(289,'admin',1,'7:00-17:00','book','2012-06-06 04:51:01','2012-06-06 04:51:01','221.219.125.86','BookRecord',315,'际洋','室外p5','2012-06-06 04:51:01','7:00 - 17:00','室外p5预定(7:00-17:00)'),(290,'admin',1,'7:00-17:00','activate','2012-06-06 04:51:06','2012-06-06 04:51:06','221.219.125.86','BookRecord',315,'际洋','室外p5','2012-06-06 04:51:01','7:00 - 17:00','室外p5开场(7:00-17:00)'),(291,'admin',1,'9:00-12:00 ','change','2012-06-06 04:51:56','2012-06-06 04:51:56','221.219.125.86','BookRecord',315,'际洋','室外p5','2012-06-06 04:51:01','9:00 - 12:00','室外p5变更(9:00-12:00 )'),(292,'admin',1,'18:00-20:00','book','2012-06-06 04:57:54','2012-06-06 04:57:54','221.219.125.86','BookRecord',316,'际洋','室外p2','2012-06-06 04:57:51','18:00 - 20:00','室外p2预定(18:00-20:00)'),(293,'admin',1,'18:00-20:00','all_cancel','2012-06-06 04:58:41','2012-06-06 04:58:41','221.219.125.86','BookRecord',316,'际洋','室外p2','2012-06-06 04:57:51','18:00 - 20:00','室外p2(18:00-20:00)'),(294,'admin',1,'14:00-15:00','book','2012-06-06 04:59:13','2012-06-06 04:59:13','221.219.125.86','BookRecord',368,'际洋','室内B2','2012-06-06 04:59:13','14:00 - 15:00','室内B2预定(14:00-15:00)'),(295,'admin',1,'14:00-15:00','cancel','2012-06-06 04:59:36','2012-06-06 04:59:36','221.219.125.86','BookRecord',368,'际洋','室内B2','2012-06-06 04:59:13','14:00 - 15:00','室内B2取消预定(14:00-15:00)'),(296,'admin',1,'12:00-13:00','book','2012-06-06 05:00:01','2012-06-06 05:00:01','221.219.125.86','BookRecord',369,'际洋','室内B2','2012-06-06 05:00:01','12:00 - 13:00','室内B2预定(12:00-13:00)'),(297,'admin',1,'12:00-13:00','cancel','2012-06-06 05:04:54','2012-06-06 05:04:54','221.219.125.86','BookRecord',369,'际洋','室内B2','2012-06-06 05:00:01','12:00 - 13:00','室内B2取消预定(12:00-13:00)'),(298,'admin',1,'12:00-13:00','all_cancel','2012-06-06 05:16:00','2012-06-06 05:16:00','221.219.125.86','BookRecord',265,'测试 ','室外p3','2012-05-26 07:40:33','12:00 - 13:00','室外p3(12:00-13:00)'),(299,'admin',1,'13:00-15:00','book','2012-06-06 05:19:26','2012-06-06 05:19:26','221.219.125.86','BookRecord',370,'王老吉','室内红土场A5','2012-06-06 05:19:26','13:00 - 15:00','室内红土场A5预定(13:00-15:00)'),(300,'admin',1,'13:00-15:00','want_sell','2012-06-06 05:20:16','2012-06-06 05:20:16','221.219.125.86','BookRecord',370,'王老吉','室内红土场A5','2012-06-06 05:19:26','13:00 - 15:00','室内红土场A5申请代卖(13:00-15:00)'),(301,'admin',1,'13:00-15:00 ','change','2012-06-06 05:26:12','2012-06-06 05:26:12','221.219.125.86','BookRecord',370,'王老吉','室内红土场A5','2012-06-06 05:19:26','13:00 - 15:00','室内红土场A5变更(13:00-15:00 )'),(302,'admin',1,'13:00-15:00','cancel','2012-06-06 05:27:11','2012-06-06 05:27:11','221.219.125.86','BookRecord',370,'王老吉','室内红土场A5','2012-06-06 05:19:26','13:00 - 15:00','室内红土场A5取消预定(13:00-15:00)'),(303,'admin',1,'13:00-15:00','cancel','2012-06-06 05:27:25','2012-06-06 05:27:25','221.219.125.86','BookRecord',370,'王老吉','室内红土场A5','2012-06-06 05:19:26','13:00 - 15:00','室内红土场A5取消预定(13:00-15:00)'),(304,'admin',1,'7:00-8:00','book','2012-06-06 05:29:48','2012-06-06 05:29:48','221.219.125.86','BookRecord',372,'serena','室内A1','2012-06-06 05:29:48','7:00 - 8:00','室内A1预定(7:00-8:00)'),(305,'admin',1,'7:00-8:00 ','change','2012-06-06 05:30:25','2012-06-06 05:30:25','221.219.125.86','BookRecord',372,'serena','室外p2','2012-06-06 05:29:48','7:00 - 8:00','室外p2变更(7:00-8:00 )'),(306,'admin',1,'7:00-8:00','activate','2012-06-06 05:35:19','2012-06-06 05:35:19','221.219.125.86','BookRecord',372,'serena','室外p2','2012-06-06 05:29:48','7:00 - 8:00','室外p2开场(7:00-8:00)'),(307,'admin',1,'16:00-17:00','book','2012-06-06 05:40:18','2012-06-06 05:40:18','221.219.125.86','BookRecord',373,'刘德华','室内B2','2012-06-06 05:40:18','16:00 - 17:00','室内B2预定(16:00-17:00)'),(308,'admin',1,'16:00-17:00','activate','2012-06-06 05:40:26','2012-06-06 05:40:26','221.219.125.86','BookRecord',373,'刘德华','室内B2','2012-06-06 05:40:18','16:00 - 17:00','室内B2开场(16:00-17:00)'),(309,'admin',1,'16:00-17:00','cancel','2012-06-06 05:42:50','2012-06-06 05:42:50','221.219.125.86','BookRecord',373,'刘德华','室内B2','2012-06-06 05:40:18','16:00 - 17:00','室内B2取消预定(16:00-17:00)'),(310,'admin',1,'7:00-8:00 ','change','2012-06-06 05:46:03','2012-06-06 05:46:03','221.219.125.86','BookRecord',372,'serena','室外p2','2012-06-06 05:29:48','7:00 - 8:00','室外p2变更(7:00-8:00 )'),(311,'admin',1,NULL,'kaika','2012-06-06 06:54:40','2012-06-06 06:54:40','221.219.125.86','MembersCard',15,'','ZC00016','0000-00-00 00:00:00','','ZC00016开卡()'),(312,'nie',6,'14:00-16:00','book','2012-06-06 07:02:43','2012-06-06 07:02:43','221.219.125.86','BookRecord',1,'李默','室外p2','2012-06-06 07:02:43','14:00 - 16:00','室外p2预定(14:00-16:00)'),(313,'admin',1,'11:00-14:00','book','2012-06-06 09:05:37','2012-06-06 09:05:37','221.219.125.86','BookRecord',2,'李默','室外p3','2012-06-06 09:05:37','11:00 - 14:00','室外p3预定(11:00-14:00)'),(314,'admin',1,'11:00-14:00 ','change','2012-06-06 09:05:44','2012-06-06 09:05:44','221.219.125.86','BookRecord',2,'李默','室外p3','2012-06-06 09:05:37','11:00 - 14:00','室外p3变更(11:00-14:00 )'),(315,'admin',1,'11:00-14:00 ','change','2012-06-06 09:05:53','2012-06-06 09:05:53','221.219.125.86','BookRecord',2,'李默','室外p2','2012-06-06 09:05:37','11:00 - 14:00','室外p2变更(11:00-14:00 )'),(316,'admin',1,'11:00-14:00','cancel','2012-06-06 09:06:13','2012-06-06 09:06:13','221.219.125.86','BookRecord',2,'李默','室外p2','2012-06-06 09:05:37','11:00 - 14:00','室外p2取消预定(11:00-14:00)'),(317,'admin',1,'11:00-14:00','cancel','2012-06-06 09:06:20','2012-06-06 09:06:20','221.219.125.86','BookRecord',2,'李默','室外p2','2012-06-06 09:05:37','11:00 - 14:00','室外p2取消预定(11:00-14:00)'),(318,'admin',1,'12:00-16:00','book','2012-06-06 09:11:20','2012-06-06 09:11:20','221.219.125.86','BookRecord',3,'李默','室外C3','2012-06-06 09:11:20','12:00 - 16:00','室外C3预定(12:00-16:00)'),(319,'admin',1,'12:00-13:00','book','2012-06-06 09:13:43','2012-06-06 09:13:43','221.219.125.86','BookRecord',5,'outside','室外C5','2012-06-06 09:13:43','12:00 - 13:00','室外C5预定(12:00-13:00)'),(320,'admin',1,'14:00-16:00','activate','2012-06-06 09:19:35','2012-06-06 09:19:35','221.219.125.86','BookRecord',1,'李默','室外p2','2012-06-06 07:02:43','14:00 - 16:00','室外p2开场(14:00-16:00)'),(321,'admin',1,'12:00-16:00','cancel','2012-06-06 09:20:14','2012-06-06 09:20:14','221.219.125.86','BookRecord',3,'李默','室外C3','2012-06-06 09:11:20','12:00 - 16:00','室外C3取消预定(12:00-16:00)'),(322,'admin',1,'12:00-13:00','cancel','2012-06-06 09:20:53','2012-06-06 09:20:53','221.219.125.86','BookRecord',5,'outside','室外C5','2012-06-06 09:13:43','12:00 - 13:00','室外C5取消预定(12:00-13:00)'),(323,'admin',1,'12:00-13:00','cancel','2012-06-06 09:20:59','2012-06-06 09:20:59','221.219.125.86','BookRecord',5,'outside','室外C5','2012-06-06 09:13:43','12:00 - 13:00','室外C5取消预定(12:00-13:00)'),(324,'admin',1,'19:00-23:00','book','2012-06-06 09:21:37','2012-06-06 09:21:37','221.219.125.86','BookRecord',6,'王老吉','室外C3','2012-06-06 09:21:37','19:00 - 23:00','室外C3预定(19:00-23:00)'),(325,'admin',1,'19:00-23:00','want_sell','2012-06-06 09:21:46','2012-06-06 09:21:46','221.219.125.86','BookRecord',6,'王老吉','室外C3','2012-06-06 09:21:37','19:00 - 23:00','室外C3申请代卖(19:00-23:00)'),(326,'admin',1,'19:00-23:00','want_sell','2012-06-06 09:21:55','2012-06-06 09:21:55','221.219.125.86','BookRecord',6,'王老吉','室外C3','2012-06-06 09:21:37','19:00 - 23:00','室外C3申请代卖(19:00-23:00)'),(327,'admin',1,'19:00-23:00','cancel_want_sell','2012-06-06 09:22:20','2012-06-06 09:22:20','221.219.125.86','BookRecord',6,'王老吉','室外C3','2012-06-06 09:21:37','19:00 - 23:00','室外C3(19:00-23:00)'),(328,'admin',1,'19:00-23:00 ','change','2012-06-06 09:22:32','2012-06-06 09:22:32','221.219.125.86','BookRecord',6,'王老吉','室外C3','2012-06-06 09:21:37','19:00 - 23:00','室外C3变更(19:00-23:00 )'),(329,'admin',1,'19:00-23:00 ','change','2012-06-06 09:22:52','2012-06-06 09:22:52','221.219.125.86','BookRecord',6,'王老吉','室内红土场A5','2012-06-06 09:21:37','19:00 - 23:00','室内红土场A5变更(19:00-23:00 )'),(330,'admin',1,'19:00-23:00','cancel','2012-06-06 09:23:15','2012-06-06 09:23:15','221.219.125.86','BookRecord',6,'王老吉','室内红土场A5','2012-06-06 09:21:37','19:00 - 23:00','室内红土场A5取消预定(19:00-23:00)'),(331,'admin',1,'14:00-16:00','book','2012-06-07 02:24:20','2012-06-07 02:24:20','221.219.125.86','BookRecord',7,'outside','室外p2','2012-06-07 02:24:20','14:00 - 16:00','室外p2预定(14:00-16:00)'),(332,'admin',1,'14:00-16:00','activate','2012-06-07 02:24:50','2012-06-07 02:24:50','221.219.125.86','BookRecord',7,'outside','室外p2','2012-06-07 02:24:20','14:00 - 16:00','室外p2开场(14:00-16:00)'),(333,'admin',1,'14:00-15:00','book','2012-06-07 02:36:18','2012-06-07 02:36:18','221.219.125.86','BookRecord',9,'outside','室外p3','2012-06-07 02:36:18','14:00 - 15:00','室外p3预定(14:00-15:00)'),(334,'admin',1,'14:00-15:00 ','change','2012-06-07 02:37:56','2012-06-07 02:37:56','221.219.125.86','BookRecord',9,'outside','室外p3','2012-06-07 02:36:18','14:00 - 15:00','室外p3变更(14:00-15:00 )'),(335,'admin',1,'14:00-16:00 ','change','2012-06-07 02:38:09','2012-06-07 02:38:09','221.219.125.86','BookRecord',9,'outside','室外p3','2012-06-07 02:36:18','14:00 - 16:00','室外p3变更(14:00-16:00 )'),(336,'admin',1,'14:00-16:00','want_sell','2012-06-07 02:38:15','2012-06-07 02:38:15','221.219.125.86','BookRecord',9,'outside','室外p3','2012-06-07 02:36:18','14:00 - 16:00','室外p3申请代卖(14:00-16:00)'),(337,'admin',1,'14:00-16:00','want_sell','2012-06-07 02:38:20','2012-06-07 02:38:20','221.219.125.86','BookRecord',9,'outside','室外p3','2012-06-07 02:36:18','14:00 - 16:00','室外p3申请代卖(14:00-16:00)'),(338,'admin',1,'14:00-16:00 ','change','2012-06-07 02:38:48','2012-06-07 02:38:48','221.219.125.86','BookRecord',9,'outside','室外p3','2012-06-07 02:36:18','14:00 - 16:00','室外p3变更(14:00-16:00 )'),(339,'nie',6,'13:00-14:00','book','2012-06-07 05:58:12','2012-06-07 05:58:12','221.219.125.86','BookRecord',10,'outside','室外p4','2012-06-07 05:58:12','13:00 - 14:00','室外p4预定(13:00-14:00)'),(340,'nie',6,'13:00-16:00 ','change','2012-06-07 05:58:23','2012-06-07 05:58:23','221.219.125.86','BookRecord',10,'outside','室外p4','2012-06-07 05:58:12','13:00 - 16:00','室外p4变更(13:00-16:00 )'),(341,'admin',1,'11:00-13:00','book','2012-06-09 01:30:31','2012-06-09 01:30:31','221.219.125.86','BookRecord',11,'李默','室外p2','2012-06-09 01:30:28','11:00 - 13:00','室外p2预定(11:00-13:00)'),(342,'admin',1,'11:00-13:00','all_cancel','2012-06-09 01:31:59','2012-06-09 01:31:59','221.219.125.86','BookRecord',11,'李默','室外p2','2012-06-09 01:30:28','11:00 - 13:00','室外p2(11:00-13:00)'),(343,'admin',1,'11:00-13:00','all_cancel','2012-06-09 01:34:03','2012-06-09 01:34:03','221.219.125.86','BookRecord',25,'李默','室外p2','2012-06-09 01:30:28','11:00 - 13:00','室外p2(11:00-13:00)'),(344,'admin',1,'11:00-13:00','all_cancel','2012-06-09 01:35:27','2012-06-09 01:35:27','221.219.125.86','BookRecord',41,'李默','室外p2','2012-06-09 01:30:28','11:00 - 13:00','室外p2(11:00-13:00)'),(345,'admin',1,'11:00-13:00','all_cancel','2012-06-09 01:35:38','2012-06-09 01:35:38','221.219.125.86','BookRecord',58,'李默','室外p2','2012-06-09 01:30:28','11:00 - 13:00','室外p2(11:00-13:00)'),(346,'admin',1,'16:00-19:00','book','2012-06-09 01:45:52','2012-06-09 01:45:52','221.219.125.86','BookRecord',64,'李默','室内B3','2012-06-09 01:45:52','16:00 - 19:00','室内B3预定(16:00-19:00)'),(347,'admin',1,'17:00-20:00 ','change','2012-06-09 01:46:13','2012-06-09 01:46:13','221.219.125.86','BookRecord',64,'李默','室内红土场A5','2012-06-09 01:45:52','17:00 - 20:00','室内红土场A5变更(17:00-20:00 )'),(348,'admin',1,'12:00-15:00 ','change','2012-06-09 01:47:06','2012-06-09 01:47:06','221.219.125.86','BookRecord',64,'李默','室内红土场A6','2012-06-09 01:45:52','12:00 - 15:00','室内红土场A6变更(12:00-15:00 )'),(349,'admin',1,'12:00-15:00','cancel','2012-06-09 01:48:24','2012-06-09 01:48:24','221.219.125.86','BookRecord',64,'李默','室内红土场A6','2012-06-09 01:45:52','12:00 - 15:00','室内红土场A6取消预定(12:00-15:00)'),(350,'admin',1,'12:00-15:00','activate','2012-06-09 01:48:32','2012-06-09 01:48:32','221.219.125.86','BookRecord',64,'李默','室内红土场A6','2012-06-09 01:45:52','12:00 - 15:00','室内红土场A6开场(12:00-15:00)'),(351,'admin',1,'15:00-17:00 ','change','2012-06-09 01:48:45','2012-06-09 01:48:45','221.219.125.86','BookRecord',64,'李默','室内红土场A6','2012-06-09 01:45:52','15:00 - 17:00','室内红土场A6变更(15:00-17:00 )'),(352,'admin',1,'15:00-17:00','cancel','2012-06-09 01:50:01','2012-06-09 01:50:01','221.219.125.86','BookRecord',64,'李默','室内红土场A6','2012-06-09 01:45:52','15:00 - 17:00','室内红土场A6取消预定(15:00-17:00)'),(353,'admin',1,'14:00-15:00','book','2012-06-09 01:57:28','2012-06-09 01:57:28','221.219.125.86','BookRecord',65,'张学友','室外p2','2012-06-09 01:57:28','14:00 - 15:00','室外p2预定(14:00-15:00)'),(354,'admin',1,'14:00-15:00','activate','2012-06-09 01:57:35','2012-06-09 01:57:35','221.219.125.86','BookRecord',65,'张学友','室外p2','2012-06-09 01:57:28','14:00 - 15:00','室外p2开场(14:00-15:00)'),(355,'admin',1,'14:00-17:00','book','2012-06-09 02:00:11','2012-06-09 02:00:11','221.219.125.86','BookRecord',66,'刘德华','室外p3','2012-06-09 02:00:11','14:00 - 17:00','室外p3预定(14:00-17:00)'),(356,'admin',1,'14:00-17:00','activate','2012-06-09 02:00:17','2012-06-09 02:00:17','221.219.125.86','BookRecord',66,'刘德华','室外p3','2012-06-09 02:00:11','14:00 - 17:00','室外p3开场(14:00-17:00)'),(357,'admin',1,'16:00-18:00','book','2012-06-09 02:03:29','2012-06-09 02:03:29','221.219.125.86','BookRecord',67,'李默','室外p2','2012-06-09 02:03:29','16:00 - 18:00','室外p2预定(16:00-18:00)'),(358,'admin',1,'16:00-18:00','activate','2012-06-09 02:03:42','2012-06-09 02:03:42','221.219.125.86','BookRecord',67,'李默','室外p2','2012-06-09 02:03:29','16:00 - 18:00','室外p2开场(16:00-18:00)'),(359,'admin',1,'16:00-18:00 ','change','2012-06-09 02:05:38','2012-06-09 02:05:38','221.219.125.86','BookRecord',67,'李默','室外p2','2012-06-09 02:03:29','16:00 - 18:00','室外p2变更(16:00-18:00 )'),(360,'admin',1,'15:00-16:00','book','2012-06-09 02:33:38','2012-06-09 02:33:38','221.219.125.86','BookRecord',70,'outside','室外p4','2012-06-09 02:33:38','15:00 - 16:00','室外p4预定(15:00-16:00)'),(361,'admin',1,'15:00-16:00','activate','2012-06-09 02:33:46','2012-06-09 02:33:46','221.219.125.86','BookRecord',70,'outside','室外p4','2012-06-09 02:33:38','15:00 - 16:00','室外p4开场(15:00-16:00)'),(362,'admin',1,'15:00-16:00','book','2012-06-09 02:36:22','2012-06-09 02:36:22','221.219.125.86','BookRecord',71,'outside','室外p5','2012-06-09 02:36:22','15:00 - 16:00','室外p5预定(15:00-16:00)'),(363,'admin',1,'15:00-16:00','activate','2012-06-09 02:36:36','2012-06-09 02:36:36','221.219.125.86','BookRecord',71,'outside','室外p5','2012-06-09 02:36:22','15:00 - 16:00','室外p5开场(15:00-16:00)'),(364,'admin',1,'19:00-20:00','book','2012-06-09 02:41:02','2012-06-09 02:41:02','221.219.125.86','BookRecord',72,'outside','室外p4','2012-06-09 02:41:02','19:00 - 20:00','室外p4预定(19:00-20:00)'),(365,'admin',1,'19:00-20:00','activate','2012-06-09 02:41:35','2012-06-09 02:41:35','221.219.125.86','BookRecord',72,'outside','室外p4','2012-06-09 02:41:02','19:00 - 20:00','室外p4开场(19:00-20:00)'),(366,'admin',1,'10:00-11:00','book','2012-06-09 03:12:23','2012-06-09 03:12:23','221.219.125.86','BookRecord',73,'王老吉','室外p3','2012-06-09 03:12:23','10:00 - 11:00','室外p3预定(10:00-11:00)'),(367,'lin',7,'10:00-12:00','book','2012-06-09 03:12:34','2012-06-09 03:12:34','221.219.125.86','BookRecord',75,'刘德华','室内B1','2012-06-09 03:12:34','10:00 - 12:00','室内B1预定(10:00-12:00)'),(368,'lin',7,'10:00-11:00','book','2012-06-09 03:13:55','2012-06-09 03:13:55','221.219.125.86','BookRecord',77,'刘德华','室外p2','2012-06-09 03:13:55','10:00 - 11:00','室外p2预定(10:00-11:00)'),(369,'lin',7,'10:00-11:00 ','change','2012-06-09 03:15:01','2012-06-09 03:15:01','221.219.125.86','BookRecord',77,'刘德华','室外p2','2012-06-09 03:13:55','10:00 - 11:00','室外p2变更(10:00-11:00 )'),(370,'lin',7,'10:00-11:00','activate','2012-06-09 03:15:22','2012-06-09 03:15:22','221.219.125.86','BookRecord',77,'刘德华','室外p2','2012-06-09 03:13:55','10:00 - 11:00','室外p2开场(10:00-11:00)'),(371,'lin',7,'11:00-12:00','book','2012-06-09 03:15:44','2012-06-09 03:15:44','221.219.125.86','BookRecord',80,'李默','室外p2','2012-06-09 03:15:44','11:00 - 12:00','室外p2预定(11:00-12:00)'),(372,'lin',7,'11:00-12:00 ','change','2012-06-09 03:15:58','2012-06-09 03:15:58','221.219.125.86','BookRecord',80,'李默','室外p2','2012-06-09 03:15:44','11:00 - 12:00','室外p2变更(11:00-12:00 )'),(373,'lin',7,'11:00-12:00 ','change','2012-06-09 03:16:08','2012-06-09 03:16:08','221.219.125.86','BookRecord',80,'李默','室外p2','2012-06-09 03:15:44','11:00 - 12:00','室外p2变更(11:00-12:00 )'),(374,'lin',7,'11:00-12:00','want_sell','2012-06-09 03:17:00','2012-06-09 03:17:00','221.219.125.86','BookRecord',80,'李默','室外p2','2012-06-09 03:15:44','11:00 - 12:00','室外p2申请代卖(11:00-12:00)'),(375,'lin',7,'11:00-12:00 ','change','2012-06-09 03:17:08','2012-06-09 03:17:08','221.219.125.86','BookRecord',80,'李默','室外p2','2012-06-09 03:15:44','11:00 - 12:00','室外p2变更(11:00-12:00 )'),(376,'lin',7,'11:00-12:00','want_sell','2012-06-09 03:17:21','2012-06-09 03:17:21','221.219.125.86','BookRecord',80,'李默','室外p2','2012-06-09 03:15:44','11:00 - 12:00','室外p2申请代卖(11:00-12:00)'),(377,'lin',7,'10:00-12:00','book','2012-06-09 03:20:21','2012-06-09 03:20:21','221.219.125.86','BookRecord',81,'李默','室内A1','2012-06-09 03:20:21','10:00 - 12:00','室内A1预定(10:00-12:00)'),(378,'lin',7,'10:00-12:00','activate','2012-06-09 03:20:31','2012-06-09 03:20:31','221.219.125.86','BookRecord',81,'李默','室内A1','2012-06-09 03:20:21','10:00 - 12:00','室内A1开场(10:00-12:00)'),(379,'lin',7,'10:00-12:00 ','change','2012-06-09 03:20:46','2012-06-09 03:20:46','221.219.125.86','BookRecord',81,'李默','室内A1','2012-06-09 03:20:21','10:00 - 12:00','室内A1变更(10:00-12:00 )'),(380,'lin',7,'10:00-11:00','book','2012-06-09 03:25:30','2012-06-09 03:25:30','221.219.125.86','BookRecord',83,'刘德华','室内A2','2012-06-09 03:25:28','10:00 - 11:00','室内A2预定(10:00-11:00)'),(381,'admin',1,'10:00-11:00','activate','2012-06-09 03:28:20','2012-06-09 03:28:20','221.219.125.86','BookRecord',83,'刘德华','室内A2','2012-06-09 03:25:28','10:00 - 11:00','室内A2开场(10:00-11:00)'),(382,'admin',1,'11:00-12:00','book','2012-06-09 03:56:37','2012-06-09 03:56:37','221.219.125.86','BookRecord',113,'王老吉','室内A2','2012-06-09 03:56:37','11:00 - 12:00','室内A2预定(11:00-12:00)'),(383,'admin',1,'13:00-14:00','book','2012-06-09 03:57:50','2012-06-09 03:57:50','221.219.125.86','BookRecord',116,'测试 ','室内A2','2012-06-09 03:57:50','13:00 - 14:00','室内A2预定(13:00-14:00)'),(384,'admin',1,'11:00-12:00','activate','2012-06-09 03:58:25','2012-06-09 03:58:25','221.219.125.86','BookRecord',113,'王老吉','室内A2','2012-06-09 03:56:37','11:00 - 12:00','室内A2开场(11:00-12:00)'),(385,'admin',1,'11:00-12:00','cancel','2012-06-09 03:58:42','2012-06-09 03:58:42','221.219.125.86','BookRecord',113,'王老吉','室内A2','2012-06-09 03:56:37','11:00 - 12:00','室内A2取消预定(11:00-12:00)'),(386,'admin',1,'12:00-13:00 ','change','2012-06-09 03:59:02','2012-06-09 03:59:02','221.219.125.86','BookRecord',113,'王老吉','室内A2','2012-06-09 03:56:37','12:00 - 13:00','室内A2变更(12:00-13:00 )'),(387,'admin',1,'10:00-12:00','book','2012-06-09 04:06:32','2012-06-09 04:06:32','221.219.125.86','BookRecord',120,'刘德华','室内A1','2012-06-09 04:06:28','10:00 - 12:00','室内A1预定(10:00-12:00)'),(388,'admin',1,'10:00-12:00','activate','2012-06-09 04:07:00','2012-06-09 04:07:00','221.219.125.86','BookRecord',120,'刘德华','室内A1','2012-06-09 04:06:28','10:00 - 12:00','室内A1开场(10:00-12:00)'),(389,'admin',1,'10:00-11:00','activate','2012-06-09 04:08:59','2012-06-09 04:08:59','221.219.125.86','BookRecord',73,'王老吉','室外p3','2012-06-09 03:12:23','10:00 - 11:00','室外p3开场(10:00-11:00)'),(390,'lin',7,'13:00-15:00 ','change','2012-06-09 04:24:19','2012-06-09 04:24:19','221.219.125.86','BookRecord',116,'测试 ','室内A2','2012-06-09 03:57:50','13:00 - 15:00','室内A2变更(13:00-15:00 )'),(391,'lin',7,'13:00-14:00','book','2012-06-09 04:25:08','2012-06-09 04:25:08','221.219.125.86','BookRecord',216,'刘德华','室内A2','2012-06-09 04:25:08','13:00 - 14:00','室内A2预定(13:00-14:00)'),(392,'lin',7,'13:00-14:00','book','2012-06-09 04:26:57','2012-06-09 04:26:57','221.219.125.86','BookRecord',217,'李默','室内A1','2012-06-09 04:26:57','13:00 - 14:00','室内A1预定(13:00-14:00)'),(393,'admin',1,'13:00-14:00','cancel','2012-06-09 04:29:35','2012-06-09 04:29:35','221.219.125.86','BookRecord',217,'李默','室内A1','2012-06-09 04:26:57','13:00 - 14:00','室内A1取消预定(13:00-14:00)'),(394,'lin',7,'13:00-14:00','want_sell','2012-06-09 04:35:41','2012-06-09 04:35:41','221.219.125.86','BookRecord',217,'李默','室内A1','2012-06-09 04:26:57','13:00 - 14:00','室内A1申请代卖(13:00-14:00)'),(395,'lin',7,'13:00-14:00','activate','2012-06-09 04:35:49','2012-06-09 04:35:49','221.219.125.86','BookRecord',217,'李默','室内A1','2012-06-09 04:26:57','13:00 - 14:00','室内A1开场(13:00-14:00)'),(396,'lin',7,'13:00-14:00 ','change','2012-06-09 04:40:01','2012-06-09 04:40:01','221.219.125.86','BookRecord',217,'李默','室内A2','2012-06-09 04:26:57','13:00 - 14:00','室内A2变更(13:00-14:00 )'),(397,'lin',7,'13:00-15:00','activate','2012-06-09 04:40:33','2012-06-09 04:40:33','221.219.125.86','BookRecord',116,'测试 ','室内A2','2012-06-09 03:57:50','13:00 - 15:00','室内A2开场(13:00-15:00)'),(398,'admin',1,'13:00-15:00 ','change','2012-06-09 04:41:26','2012-06-09 04:41:26','221.219.125.86','BookRecord',116,'测试 ','室内A2','2012-06-09 03:57:50','13:00 - 15:00','室内A2变更(13:00-15:00 )'),(399,'admin',1,'13:00-14:00','cancel','2012-06-09 04:43:48','2012-06-09 04:43:48','221.219.125.86','BookRecord',217,'李默','室内A2','2012-06-09 04:26:57','13:00 - 14:00','室内A2取消预定(13:00-14:00)'),(400,'lin',7,'14:00-15:00','book','2012-06-09 04:44:27','2012-06-09 04:44:27','221.219.125.86','BookRecord',219,'刘德华','室内A2','2012-06-09 04:44:27','14:00 - 15:00','室内A2预定(14:00-15:00)'),(401,'lin',7,'14:00-15:00','cancel','2012-06-09 04:44:48','2012-06-09 04:44:48','221.219.125.86','BookRecord',219,'刘德华','室内A2','2012-06-09 04:44:27','14:00 - 15:00','室内A2取消预定(14:00-15:00)'),(402,'lin',7,'13:00-14:00','cancel','2012-06-09 04:45:01','2012-06-09 04:45:01','221.219.125.86','BookRecord',217,'李默','室内A2','2012-06-09 04:26:57','13:00 - 14:00','室内A2取消预定(13:00-14:00)'),(403,'admin',1,'13:00-14:00','cancel','2012-06-09 04:45:24','2012-06-09 04:45:24','221.219.125.86','BookRecord',217,'李默','室内A2','2012-06-09 04:26:57','13:00 - 14:00','室内A2取消预定(13:00-14:00)'),(404,'admin',1,'13:00-15:00','book','2012-06-09 04:46:45','2012-06-09 04:46:45','221.219.125.86','BookRecord',220,'王老吉','室内A3','2012-06-09 04:46:45','13:00 - 15:00','室内A3预定(13:00-15:00)'),(405,'admin',1,'13:00-15:00','activate','2012-06-09 04:47:12','2012-06-09 04:47:12','221.219.125.86','BookRecord',220,'王老吉','室内A3','2012-06-09 04:46:45','13:00 - 15:00','室内A3开场(13:00-15:00)'),(406,'admin',1,'13:00-15:00','cancel','2012-06-09 04:47:33','2012-06-09 04:47:33','221.219.125.86','BookRecord',220,'王老吉','室内A3','2012-06-09 04:46:45','13:00 - 15:00','室内A3取消预定(13:00-15:00)'),(407,'lin',7,'13:00-14:00','cancel','2012-06-09 04:47:51','2012-06-09 04:47:51','221.219.125.86','BookRecord',216,'刘德华','室内A2','2012-06-09 04:25:08','13:00 - 14:00','室内A2取消预定(13:00-14:00)'),(408,'lin',7,'13:00-15:00','book','2012-06-09 04:50:34','2012-06-09 04:50:34','221.219.125.86','BookRecord',221,'测试 ','室内A1','2012-06-09 04:50:34','13:00 - 15:00','室内A1预定(13:00-15:00)'),(409,'admin',1,'100元，0次','chongzhi','2012-06-09 05:55:54','2012-06-09 05:55:54','221.219.125.86','MembersCard',1,'','CA00001','0000-00-00 00:00:00','','CA00001充值(100元，0次)'),(410,'admin',1,'9:00-10:00','book','2012-06-09 06:01:43','2012-06-09 06:01:43','221.219.125.86','BookRecord',222,'王老吉','室内A4','2012-06-09 06:01:43','9:00 - 10:00','室内A4预定(9:00-10:00)'),(411,'admin',1,'13:00-15:00 ','change','2012-06-09 06:27:47','2012-06-09 06:27:47','221.219.125.86','BookRecord',221,'测试 ','室内A1','2012-06-09 04:50:34','13:00 - 15:00','室内A1变更(13:00-15:00 )'),(412,'admin',1,'9:00-10:00 ','change','2012-06-09 06:31:59','2012-06-09 06:31:59','221.219.125.86','BookRecord',222,'王老吉','室内A4','2012-06-09 06:01:43','9:00 - 10:00','室内A4变更(9:00-10:00 )'),(413,'admin',1,'17:00-18:00','book','2012-06-09 06:34:23','2012-06-09 06:34:23','221.219.125.86','BookRecord',223,'outside','室外p2','2012-06-09 06:34:23','17:00 - 18:00','室外p2预定(17:00-18:00)'),(414,'admin',1,'19:00-20:00','book','2012-06-09 06:36:10','2012-06-09 06:36:10','221.219.125.86','BookRecord',224,'李际洋','室内A2','2012-06-09 06:36:10','19:00 - 20:00','室内A2预定(19:00-20:00)'),(415,'admin',1,'19:00-20:00','want_sell','2012-06-09 06:38:06','2012-06-09 06:38:06','221.219.125.86','BookRecord',224,'李际洋','室内A2','2012-06-09 06:36:10','19:00 - 20:00','室内A2申请代卖(19:00-20:00)'),(416,'admin',1,'19:00-20:00','want_sell','2012-06-09 06:38:08','2012-06-09 06:38:08','221.219.125.86','BookRecord',224,'李际洋','室内A2','2012-06-09 06:36:10','19:00 - 20:00','室内A2申请代卖(19:00-20:00)'),(417,'admin',1,'19:00-20:00','want_sell','2012-06-09 06:38:27','2012-06-09 06:38:27','221.219.125.86','BookRecord',224,'李际洋','室内A2','2012-06-09 06:36:10','19:00 - 20:00','室内A2申请代卖(19:00-20:00)'),(418,'admin',1,'19:00-20:00','want_sell','2012-06-09 06:38:43','2012-06-09 06:38:43','221.219.125.86','BookRecord',224,'李际洋','室内A2','2012-06-09 06:36:10','19:00 - 20:00','室内A2申请代卖(19:00-20:00)'),(419,'admin',1,'19:00-20:00','want_sell','2012-06-09 06:44:50','2012-06-09 06:44:50','221.219.125.86','BookRecord',224,'李际洋','室内A2','2012-06-09 06:36:10','19:00 - 20:00','室内A2申请代卖(19:00-20:00)'),(420,'admin',1,'19:00-20:00','want_sell','2012-06-09 06:45:15','2012-06-09 06:45:15','221.219.125.86','BookRecord',224,'李际洋','室内A2','2012-06-09 06:36:10','19:00 - 20:00','室内A2申请代卖(19:00-20:00)'),(421,'admin',1,'19:00-20:00','want_sell','2012-06-09 06:45:29','2012-06-09 06:45:29','221.219.125.86','BookRecord',224,'李际洋','室内A2','2012-06-09 06:36:10','19:00 - 20:00','室内A2申请代卖(19:00-20:00)'),(422,'admin',1,'19:00-20:00','want_sell','2012-06-09 06:46:19','2012-06-09 06:46:19','221.219.125.86','BookRecord',224,'李际洋','室内A2','2012-06-09 06:36:10','19:00 - 20:00','室内A2申请代卖(19:00-20:00)'),(423,'admin',1,'19:00-20:00','want_sell','2012-06-09 06:47:02','2012-06-09 06:47:02','221.219.125.86','BookRecord',224,'李际洋','室内A2','2012-06-09 06:36:10','19:00 - 20:00','室内A2申请代卖(19:00-20:00)'),(424,'admin',1,'19:00-20:00','want_sell','2012-06-09 06:47:13','2012-06-09 06:47:13','221.219.125.86','BookRecord',224,'李际洋','室内A2','2012-06-09 06:36:10','19:00 - 20:00','室内A2申请代卖(19:00-20:00)'),(425,'lin',7,'13:00-14:00','book','2012-06-09 06:56:00','2012-06-09 06:56:00','221.219.125.86','BookRecord',225,'刘德华','室内A4','2012-06-09 06:56:00','13:00 - 14:00','室内A4预定(13:00-14:00)'),(426,'lin',7,'13:00-14:00','cancel','2012-06-09 06:56:16','2012-06-09 06:56:16','221.219.125.86','BookRecord',225,'刘德华','室内A4','2012-06-09 06:56:00','13:00 - 14:00','室内A4取消预定(13:00-14:00)'),(427,'lin',7,'19:00-20:00','cancel','2012-06-09 06:56:48','2012-06-09 06:56:48','221.219.125.86','BookRecord',224,'李际洋','室内A2','2012-06-09 06:36:10','19:00 - 20:00','室内A2取消预定(19:00-20:00)'),(428,'admin',1,'20:00-21:00','book','2012-06-09 06:58:48','2012-06-09 06:58:48','221.219.125.86','BookRecord',226,'3443','室外p3','2012-06-09 06:58:47','20:00 - 21:00','室外p3预定(20:00-21:00)'),(429,'admin',1,'20:00-21:00','want_sell','2012-06-09 06:58:56','2012-06-09 06:58:56','221.219.125.86','BookRecord',226,'3443','室外p3','2012-06-09 06:58:47','20:00 - 21:00','室外p3申请代卖(20:00-21:00)'),(430,'lin',7,'18:00-19:00','book','2012-06-09 06:59:03','2012-06-09 06:59:03','221.219.125.86','BookRecord',227,'小胖','室内A2','2012-06-09 06:59:03','18:00 - 19:00','室内A2预定(18:00-19:00)'),(431,'lin',7,'17:00-18:00','book','2012-06-09 07:00:00','2012-06-09 07:00:00','221.219.125.86','BookRecord',229,'刘德华','室内A3','2012-06-09 06:59:59','17:00 - 18:00','室内A3预定(17:00-18:00)'),(432,'lin',7,'17:00-18:00','want_sell','2012-06-09 07:00:08','2012-06-09 07:00:08','221.219.125.86','BookRecord',229,'刘德华','室内A3','2012-06-09 06:59:59','17:00 - 18:00','室内A3申请代卖(17:00-18:00)'),(433,'lin',7,'17:00-18:00','want_sell','2012-06-09 07:00:15','2012-06-09 07:00:15','221.219.125.86','BookRecord',229,'刘德华','室内A3','2012-06-09 06:59:59','17:00 - 18:00','室内A3申请代卖(17:00-18:00)'),(434,'lin',7,'17:00-18:00  ','sell','2012-06-09 07:00:31','2012-06-09 07:00:31','221.219.125.86','BookRecord',230,'刘德华','室内A3','2012-06-09 07:00:31','17:00 - 18:00','室内A3代卖(17:00-18:00  )'),(435,'lin',7,'17:00-18:00','want_sell','2012-06-09 07:00:50','2012-06-09 07:00:50','221.219.125.86','BookRecord',230,'刘德华','室内A3','2012-06-09 07:00:31','17:00 - 18:00','室内A3申请代卖(17:00-18:00)'),(436,'lin',7,'17:00-18:00','want_sell','2012-06-09 07:00:54','2012-06-09 07:00:54','221.219.125.86','BookRecord',230,'刘德华','室内A3','2012-06-09 07:00:31','17:00 - 18:00','室内A3申请代卖(17:00-18:00)'),(437,'lin',7,'17:00-18:00  原预订人: 刘德华','sell','2012-06-09 07:01:20','2012-06-09 07:01:20','221.219.125.86','BookRecord',231,'李默','室内A3','2012-06-09 07:01:20','17:00 - 18:00','室内A3代卖(17:00-18:00  原预订人: 刘德华)'),(438,'lin',7,'18:00-19:00','want_sell','2012-06-09 07:01:49','2012-06-09 07:01:49','221.219.125.86','BookRecord',227,'小胖','室内A2','2012-06-09 06:59:03','18:00 - 19:00','室内A2申请代卖(18:00-19:00)'),(439,'admin',1,'20:00-21:00','want_sell','2012-06-09 07:04:42','2012-06-09 07:04:42','221.219.125.86','BookRecord',226,'3443','室外p3','2012-06-09 06:58:47','20:00 - 21:00','室外p3申请代卖(20:00-21:00)'),(440,'admin',1,'20:00-21:00','want_sell','2012-06-09 07:05:11','2012-06-09 07:05:11','221.219.125.86','BookRecord',226,'3443','室外p3','2012-06-09 06:58:47','20:00 - 21:00','室外p3申请代卖(20:00-21:00)'),(441,'admin',1,'20:00-21:00','want_sell','2012-06-09 07:05:17','2012-06-09 07:05:17','221.219.125.86','BookRecord',226,'3443','室外p3','2012-06-09 06:58:47','20:00 - 21:00','室外p3申请代卖(20:00-21:00)'),(442,'lin',7,'18:00-19:00','want_sell','2012-06-09 07:05:37','2012-06-09 07:05:37','221.219.125.86','BookRecord',227,'小胖','室内A2','2012-06-09 06:59:03','18:00 - 19:00','室内A2申请代卖(18:00-19:00)'),(443,'lin',7,'18:00-19:00','want_sell','2012-06-09 07:05:46','2012-06-09 07:05:46','221.219.125.86','BookRecord',227,'小胖','室内A2','2012-06-09 06:59:03','18:00 - 19:00','室内A2申请代卖(18:00-19:00)'),(444,'lin',7,'18:00-19:00  ','sell','2012-06-09 07:05:57','2012-06-09 07:05:57','221.219.125.86','BookRecord',232,'小胖','室内A2','2012-06-09 07:05:57','18:00 - 19:00','室内A2代卖(18:00-19:00  )'),(445,'admin',1,'20:00-21:00  原预订人: 3443','sell','2012-06-09 07:06:10','2012-06-09 07:06:10','221.219.125.86','BookRecord',234,'outside','室外p3','2012-06-09 07:06:10','20:00 - 21:00','室外p3代卖(20:00-21:00  原预订人: 3443)'),(446,'admin',1,'18:00-19:00','book','2012-06-09 07:06:39','2012-06-09 07:06:39','221.219.125.86','BookRecord',235,'李默','室外p5','2012-06-09 07:06:39','18:00 - 19:00','室外p5预定(18:00-19:00)'),(447,'lin',7,'18:00-19:00','want_sell','2012-06-09 07:12:14','2012-06-09 07:12:14','221.219.125.86','BookRecord',232,'小胖','室内A2','2012-06-09 07:05:57','18:00 - 19:00','室内A2申请代卖(18:00-19:00)'),(448,'lin',7,'18:00-19:00','want_sell','2012-06-09 07:12:22','2012-06-09 07:12:22','221.219.125.86','BookRecord',232,'小胖','室内A2','2012-06-09 07:05:57','18:00 - 19:00','室内A2申请代卖(18:00-19:00)'),(449,'lin',7,'21:00-22:00','book','2012-06-09 07:15:14','2012-06-09 07:15:14','221.219.125.86','BookRecord',236,'刘德华','室外p5','2012-06-09 07:15:14','21:00 - 22:00','室外p5预定(21:00-22:00)'),(450,'lin',7,'21:00-22:00','activate','2012-06-09 07:15:50','2012-06-09 07:15:50','221.219.125.86','BookRecord',236,'刘德华','室外p5','2012-06-09 07:15:14','21:00 - 22:00','室外p5开场(21:00-22:00)'),(451,'admin',1,'20:00-21:00','activate','2012-06-09 08:01:22','2012-06-09 08:01:22','221.219.125.86','BookRecord',234,'outside','室外p3','2012-06-09 07:06:10','20:00 - 21:00','室外p3开场(20:00-21:00)'),(452,'admin',1,'18:00-19:00','activate','2012-06-09 08:01:43','2012-06-09 08:01:43','221.219.125.86','BookRecord',235,'李默','室外p5','2012-06-09 07:06:39','18:00 - 19:00','室外p5开场(18:00-19:00)'),(453,'nie',6,'15:00-16:00','book','2012-06-09 08:05:07','2012-06-09 08:05:07','221.219.125.86','BookRecord',237,'outside','室外C3','2012-06-09 08:05:07','15:00 - 16:00','室外C3预定(15:00-16:00)'),(454,'nie',6,'8:00-22:00','book','2012-06-09 08:06:24','2012-06-09 08:06:24','221.219.125.86','BookRecord',238,'outside','室外C6','2012-06-09 08:06:24','8:00 - 22:00','室外C6预定(8:00-22:00)'),(455,'admin',1,'8:00-22:00','activate','2012-06-09 08:06:32','2012-06-09 08:06:32','221.219.125.86','BookRecord',238,'outside','室外C6','2012-06-09 08:06:24','8:00 - 22:00','室外C6开场(8:00-22:00)'),(456,'admin',1,'7:00-23:00','book','2012-06-09 08:07:13','2012-06-09 08:07:13','221.219.125.86','BookRecord',239,'刘德华','室内红土场A5','2012-06-09 08:07:13','7:00 - 23:00','室内红土场A5预定(7:00-23:00)'),(457,'admin',1,'7:00-23:00','activate','2012-06-09 08:07:21','2012-06-09 08:07:21','221.219.125.86','BookRecord',239,'刘德华','室内红土场A5','2012-06-09 08:07:13','7:00 - 23:00','室内红土场A5开场(7:00-23:00)'),(458,'admin',1,'7:00-17:00','book','2012-06-09 08:08:17','2012-06-09 08:08:17','221.219.125.86','BookRecord',240,'王老吉','室内A1','2012-06-09 08:08:17','7:00 - 17:00','室内A1预定(7:00-17:00)'),(459,'admin',1,'7:00-17:00','book','2012-06-09 08:11:43','2012-06-09 08:11:43','221.219.125.86','BookRecord',242,'王老吉','室内B1','2012-06-09 08:11:43','7:00 - 17:00','室内B1预定(7:00-17:00)'),(460,'admin',1,'7:00-17:00','activate','2012-06-09 08:11:53','2012-06-09 08:11:53','221.219.125.86','BookRecord',242,'王老吉','室内B1','2012-06-09 08:11:43','7:00 - 17:00','室内B1开场(7:00-17:00)'),(461,'admin',1,'20:00-21:00','book','2012-06-09 08:13:02','2012-06-09 08:13:02','221.219.125.86','BookRecord',243,'23423234','室外p2','2012-06-09 08:13:02','20:00 - 21:00','室外p2预定(20:00-21:00)'),(462,'admin',1,'20:00-21:00','activate','2012-06-09 08:13:08','2012-06-09 08:13:08','221.219.125.86','BookRecord',243,'23423234','室外p2','2012-06-09 08:13:02','20:00 - 21:00','室外p2开场(20:00-21:00)'),(463,'admin',1,'20:00-21:00 ','change','2012-06-09 08:13:39','2012-06-09 08:13:39','221.219.125.86','BookRecord',243,'23423234','室外p2','2012-06-09 08:13:02','20:00 - 21:00','室外p2变更(20:00-21:00 )'),(464,'admin',1,'19:00-20:00','book','2012-06-09 08:21:23','2012-06-09 08:21:23','221.219.125.86','BookRecord',244,'王老吉','室外p3','2012-06-09 08:21:23','19:00 - 20:00','室外p3预定(19:00-20:00)'),(465,'admin',1,'100元，0次','chongzhi','2012-06-09 08:57:23','2012-06-09 08:57:23','221.219.125.86','MembersCard',15,'','ZC00016',NULL,'','ZC00016充值(100元，0次)'),(466,'超级管理员',1,'100元，0次','chongzhi','2012-06-09 09:29:13','2012-06-09 09:29:13','221.219.125.86','MembersCard',15,'','ZC00016',NULL,'','ZC00016充值(100元，0次)'),(467,'聂宝超',6,'11:00-13:00','book','2012-06-12 01:40:48','2012-06-12 01:40:48','114.245.188.36','BookRecord',245,'王老吉','室外p2','2012-06-12 01:40:48','11:00 - 13:00','室外p2预定(11:00-13:00)'),(468,'聂宝超',6,'11:00-13:00','activate','2012-06-12 01:41:25','2012-06-12 01:41:25','114.245.188.36','BookRecord',245,'王老吉','室外p2','2012-06-12 01:40:48','11:00 - 13:00','室外p2开场(11:00-13:00)'),(469,'聂宝超',6,'11:00-13:00 ','balance','2012-06-12 01:44:27','2012-06-12 01:44:27','114.245.188.36','BookRecord',245,'王老吉','室外p2','2012-06-12 01:40:48','11:00 - 13:00','室外p2结算(11:00-13:00 )'),(470,'李际洋',4,'11:00-13:00 ','balance','2012-06-12 01:46:16','2012-06-12 01:46:16','114.245.188.36','BookRecord',245,'王老吉','室外p2','2012-06-12 01:40:48','11:00 - 13:00','室外p2结算(11:00-13:00 )'),(471,'聂宝超',6,'11:00-12:00','book','2012-06-12 01:47:28','2012-06-12 01:47:28','114.245.188.36','BookRecord',246,'李默','室外p3','2012-06-12 01:47:28','11:00 - 12:00','室外p3预定(11:00-12:00)'),(472,'聂宝超',6,'11:00-12:00 ','change','2012-06-12 01:47:39','2012-06-12 01:47:39','114.245.188.36','BookRecord',246,'李默','室外p3','2012-06-12 01:47:28','11:00 - 12:00','室外p3变更(11:00-12:00 )'),(473,'聂宝超',6,'11:00-13:00 ','change','2012-06-12 01:47:47','2012-06-12 01:47:47','114.245.188.36','BookRecord',246,'李默','室外p3','2012-06-12 01:47:28','11:00 - 13:00','室外p3变更(11:00-13:00 )'),(474,'聂宝超',6,'11:00-13:00','activate','2012-06-12 01:47:52','2012-06-12 01:47:52','114.245.188.36','BookRecord',246,'李默','室外p3','2012-06-12 01:47:28','11:00 - 13:00','室外p3开场(11:00-13:00)'),(475,'李际洋',4,'6000元，0次','chongzhi','2012-06-12 01:54:58','2012-06-12 01:54:58','114.245.188.36','MembersCard',4,'','S00002',NULL,'','S00002充值(6000元，0次)'),(476,'李际洋',4,'12:00-13:00','book','2012-06-13 02:03:18','2012-06-13 02:03:18','114.245.188.36','BookRecord',247,'outside','室外p3','2012-06-13 02:03:18','12:00 - 13:00','室外p3预定(12:00-13:00)'),(477,'李际洋',4,'12:00-13:00','activate','2012-06-13 02:03:24','2012-06-13 02:03:24','114.245.188.36','BookRecord',247,'outside','室外p3','2012-06-13 02:03:18','12:00 - 13:00','室外p3开场(12:00-13:00)'),(478,'李际洋',4,'12:00-13:00 ','balance','2012-06-13 02:03:50','2012-06-13 02:03:50','114.245.188.36','BookRecord',247,'outside','室外p3','2012-06-13 02:03:18','12:00 - 13:00','室外p3结算(12:00-13:00 )'),(479,'聂宝超',6,'13:00-14:00','book','2012-06-13 02:05:22','2012-06-13 02:05:22','114.245.188.36','BookRecord',248,'李默','室外p2','2012-06-13 02:05:20','13:00 - 14:00','室外p2预定(13:00-14:00)'),(480,'聂宝超',6,'13:00-14:00','all_cancel','2012-06-13 02:05:55','2012-06-13 02:05:55','114.245.188.36','BookRecord',249,'李默','室外p2','2012-06-13 02:05:20','13:00 - 14:00','室外p2(13:00-14:00)'),(481,'聂宝超',6,'13:00-14:00','all_cancel','2012-06-13 02:07:21','2012-06-13 02:07:21','114.245.188.36','BookRecord',259,'李默','室外p2','2012-06-13 02:05:20','13:00 - 14:00','室外p2(13:00-14:00)'),(482,'聂宝超',6,'13:00-14:00','all_cancel','2012-06-13 02:08:38','2012-06-13 02:08:38','114.245.188.36','BookRecord',274,'李默','室外p2','2012-06-13 02:05:20','13:00 - 14:00','室外p2(13:00-14:00)'),(483,'李际洋',4,'19:00-21:00','book','2012-06-13 02:09:20','2012-06-13 02:09:20','114.245.188.36','BookRecord',277,'outside','室外p3','2012-06-13 02:09:20','19:00 - 21:00','室外p3预定(19:00-21:00)'),(484,'聂宝超',6,'13:00-14:00 ','all_change','2012-06-13 02:09:39','2012-06-13 02:09:39','114.245.188.36','BookRecord',248,'李默','室外p2','2012-06-13 02:05:20','13:00 - 14:00','室外p2(13:00-14:00 )'),(485,'李际洋',4,'19:00-21:00','book','2012-06-13 02:11:04','2012-06-13 02:11:04','114.245.188.36','BookRecord',278,'outside','室外p4','2012-06-13 02:11:01','19:00 - 21:00','室外p4预定(19:00-21:00)'),(486,'李际洋',4,'19:00-20:00 ','all_change','2012-06-13 02:11:32','2012-06-13 02:11:32','114.245.188.36','BookRecord',279,'outside','室外p4','2012-06-13 02:11:01','19:00 - 20:00','室外p4(19:00-20:00 )'),(487,'李际洋',4,'19:00-20:00','all_cancel','2012-06-13 02:11:58','2012-06-13 02:11:58','114.245.188.36','BookRecord',280,'outside','室外p4','2012-06-13 02:11:01','19:00 - 20:00','室外p4(19:00-20:00)'),(488,'李际洋',4,'22:00-23:00','book','2012-06-13 02:13:31','2012-06-13 02:13:31','114.245.188.36','BookRecord',333,'王老吉','室外p2','2012-06-13 02:13:28','22:00 - 23:00','室外p2预定(22:00-23:00)'),(489,'超级管理员',1,'','balance','2012-06-13 02:14:05','2012-06-13 02:14:05','124.127.46.161',NULL,NULL,'','',NULL,'','结算()'),(490,'李际洋',4,'22:00-23:00','all_cancel','2012-06-13 02:14:18','2012-06-13 02:14:18','114.245.188.36','BookRecord',334,'王老吉','室外p2','2012-06-13 02:13:28','22:00 - 23:00','室外p2(22:00-23:00)'),(491,'聂宝超',6,'13:00-14:00','activate','2012-06-13 02:15:52','2012-06-13 02:15:52','114.245.188.36','BookRecord',248,'李默','室外p2','2012-06-13 02:05:20','13:00 - 14:00','室外p2开场(13:00-14:00)'),(492,'聂宝超',6,'','balance','2012-06-13 02:16:49','2012-06-13 02:16:49','114.245.188.36','BookRecord',248,'李默','室外p2','2012-06-13 02:05:20','13:00 - 14:00','室外p2结算()'),(493,'聂宝超',6,'19:00-21:00 ','change','2012-06-13 02:18:49','2012-06-13 02:18:49','114.245.188.36','BookRecord',277,'outside','室外p3','2012-06-13 02:09:20','19:00 - 21:00','室外p3变更(19:00-21:00 )'),(494,'聂宝超',6,'19:00-20:00 ','change','2012-06-13 02:19:08','2012-06-13 02:19:08','114.245.188.36','BookRecord',277,'outside','室外p3','2012-06-13 02:09:20','19:00 - 20:00','室外p3变更(19:00-20:00 )'),(495,'李际洋',4,'','balance','2012-06-13 02:20:48','2012-06-13 02:20:48','114.245.188.36',NULL,NULL,'','',NULL,'','结算()'),(496,'聂宝超',6,'19:00-20:00','activate','2012-06-13 02:22:20','2012-06-13 02:22:20','114.245.188.36','BookRecord',277,'outside','室外p3','2012-06-13 02:09:20','19:00 - 20:00','室外p3开场(19:00-20:00)'),(497,'聂宝超',6,'19:00-21:00 ','change','2012-06-13 02:22:29','2012-06-13 02:22:29','114.245.188.36','BookRecord',277,'outside','室外p3','2012-06-13 02:09:20','19:00 - 21:00','室外p3变更(19:00-21:00 )'),(498,'聂宝超',6,'','balance','2012-06-13 02:25:38','2012-06-13 02:25:38','114.245.188.36','BookRecord',277,'outside','室外p3','2012-06-13 02:09:20','19:00 - 21:00','室外p3结算()'),(499,'李际洋',4,'19:00-21:00','activate','2012-06-13 02:29:30','2012-06-13 02:29:30','114.245.188.36','BookRecord',278,'outside','室外p4','2012-06-13 02:11:01','19:00 - 21:00','室外p4开场(19:00-21:00)'),(500,'李际洋',4,'19:00-23:00 ','change','2012-06-13 02:30:45','2012-06-13 02:30:45','114.245.188.36','BookRecord',278,'outside','室外p4','2012-06-13 02:11:01','19:00 - 23:00','室外p4变更(19:00-23:00 )'),(501,'李际洋',4,'19:00-23:00 原预订人: outside','change','2012-06-13 02:32:13','2012-06-13 02:32:13','114.245.188.36','BookRecord',278,'王老吉','室外p4','2012-06-13 02:11:01','19:00 - 23:00','室外p4变更(19:00-23:00 原预订人: outside)'),(502,'聂宝超',6,'19:00-21:00 ','change','2012-06-13 02:33:00','2012-06-13 02:33:00','114.245.188.36','BookRecord',278,'王老吉','室外p4','2012-06-13 02:11:01','19:00 - 21:00','室外p4变更(19:00-21:00 )'),(503,'李际洋',4,'19:00-23:00 ','change','2012-06-13 02:33:32','2012-06-13 02:33:32','114.245.188.36','BookRecord',278,'王老吉','室外p4','2012-06-13 02:11:01','19:00 - 23:00','室外p4变更(19:00-23:00 )'),(504,'李际洋',4,'19:00-23:00 ','change','2012-06-13 02:33:44','2012-06-13 02:33:44','114.245.188.36','BookRecord',278,'王老吉','室外p4','2012-06-13 02:11:01','19:00 - 23:00','室外p4变更(19:00-23:00 )'),(505,'聂宝超',6,'19:00-23:00 ','change','2012-06-13 02:44:54','2012-06-13 02:44:54','114.245.188.36','BookRecord',278,'王老吉','室外p4','2012-06-13 02:11:01','19:00 - 23:00','室外p4变更(19:00-23:00 )'),(506,'聂宝超',6,'19:00-21:00 ','change','2012-06-13 02:45:13','2012-06-13 02:45:13','114.245.188.36','BookRecord',278,'王老吉','室外p4','2012-06-13 02:11:01','19:00 - 21:00','室外p4变更(19:00-21:00 )'),(507,'聂宝超',6,'13:00-14:00','book','2012-06-13 02:45:44','2012-06-13 02:45:44','114.245.188.36','BookRecord',392,'李默','室外p2','2012-06-13 02:45:44','13:00 - 14:00','室外p2预定(13:00-14:00)'),(508,'聂宝超',6,'13:00-14:00','activate','2012-06-13 02:46:02','2012-06-13 02:46:02','114.245.188.36','BookRecord',392,'李默','室外p2','2012-06-13 02:45:44','13:00 - 14:00','室外p2开场(13:00-14:00)'),(509,'聂宝超',6,'','balance','2012-06-13 02:47:49','2012-06-13 02:47:49','114.245.188.36','BookRecord',392,'李默','室外p2','2012-06-13 02:45:44','13:00 - 14:00','室外p2结算()'),(510,'聂宝超',6,'','balance','2012-06-13 02:48:02','2012-06-13 02:48:02','114.245.188.36','BookRecord',392,'李默','室外p2','2012-06-13 02:45:44','13:00 - 14:00','室外p2结算()'),(511,'聂宝超',6,'19:00-21:00 ','change','2012-06-13 02:51:04','2012-06-13 02:51:04','114.245.188.36','BookRecord',278,'王老吉','室外p4','2012-06-13 02:11:01','19:00 - 21:00','室外p4变更(19:00-21:00 )'),(512,'聂宝超',6,'','balance','2012-06-13 02:51:24','2012-06-13 02:51:24','114.245.188.36','BookRecord',278,'王老吉','室外p4','2012-06-13 02:11:01','19:00 - 21:00','室外p4结算()'),(513,'聂宝超',6,'12:00-15:00','book','2012-06-13 02:55:52','2012-06-13 02:55:52','114.245.188.36','BookRecord',393,'李默','室内B3','2012-06-13 02:55:52','12:00 - 15:00','室内B3预定(12:00-15:00)'),(514,'聂宝超',6,'12:00-15:00 ','change','2012-06-13 02:56:19','2012-06-13 02:56:19','114.245.188.36','BookRecord',393,'李默','室内B3','2012-06-13 02:55:52','12:00 - 15:00','室内B3变更(12:00-15:00 )'),(515,'超级管理员',1,'15:00-16:00','book','2012-06-13 02:56:23','2012-06-13 02:56:23','114.245.188.36','BookRecord',395,'李默','室内A3','2012-06-13 02:56:23','15:00 - 16:00','室内A3预定(15:00-16:00)'),(516,'聂宝超',6,'12:00-15:00','activate','2012-06-13 02:56:42','2012-06-13 02:56:42','114.245.188.36','BookRecord',393,'李默','室内B3','2012-06-13 02:55:52','12:00 - 15:00','室内B3开场(12:00-15:00)'),(517,'聂宝超',6,'','balance','2012-06-13 02:57:54','2012-06-13 02:57:54','114.245.188.36','BookRecord',393,'李默','室内B3','2012-06-13 02:55:52','12:00 - 15:00','室内B3结算()'),(518,'超级管理员',1,'16:00-18:00','book','2012-06-13 03:11:29','2012-06-13 03:11:29','114.245.188.36','BookRecord',396,'测试 ','室外p2','2012-06-13 03:11:29','16:00 - 18:00','室外p2预定(16:00-18:00)'),(519,'超级管理员',1,'16:00-18:00','cancel','2012-06-13 03:15:36','2012-06-13 03:15:36','114.245.188.36','BookRecord',396,'测试 ','室外p2','2012-06-13 03:11:29','16:00 - 18:00','室外p2取消预定(16:00-18:00)'),(520,'超级管理员',1,'16:00-18:00','cancel','2012-06-13 03:15:57','2012-06-13 03:15:57','114.245.188.36','BookRecord',396,'测试 ','室外p2','2012-06-13 03:11:29','16:00 - 18:00','室外p2取消预定(16:00-18:00)'),(521,'聂宝超',6,'16:00-18:00','want_sell','2012-06-13 03:21:57','2012-06-13 03:21:57','114.245.188.36','BookRecord',396,'测试 ','室外p2','2012-06-13 03:11:29','16:00 - 18:00','室外p2申请代卖(16:00-18:00)'),(522,'聂宝超',6,'16:00-18:00','want_sell','2012-06-13 03:22:07','2012-06-13 03:22:07','114.245.188.36','BookRecord',396,'测试 ','室外p2','2012-06-13 03:11:29','16:00 - 18:00','室外p2申请代卖(16:00-18:00)'),(523,'聂宝超',6,'16:00-18:00  ','sell','2012-06-13 03:22:46','2012-06-13 03:22:46','114.245.188.36','BookRecord',397,'测试 ','室外p2','2012-06-13 03:22:46','16:00 - 18:00','室外p2代卖(16:00-18:00  )'),(524,'聂宝超',6,'16:00-18:00','want_sell','2012-06-13 03:23:04','2012-06-13 03:23:04','114.245.188.36','BookRecord',397,'测试 ','室外p2','2012-06-13 03:22:46','16:00 - 18:00','室外p2申请代卖(16:00-18:00)'),(525,'聂宝超',6,'16:00-18:00  原预订人: 测试 ','sell','2012-06-13 03:23:25','2012-06-13 03:23:25','114.245.188.36','BookRecord',398,'李默','室外p2','2012-06-13 03:23:25','16:00 - 18:00','室外p2代卖(16:00-18:00  原预订人: 测试 )'),(526,'超级管理员',1,'16:00-18:00','cancel','2012-06-13 03:25:05','2012-06-13 03:25:05','114.245.188.36','BookRecord',398,'李默','室外p2','2012-06-13 03:23:25','16:00 - 18:00','室外p2取消预定(16:00-18:00)'),(527,'聂宝超',6,'15:00-19:00 ','change','2012-06-13 05:30:24','2012-06-13 05:30:24','114.245.188.36','BookRecord',395,'李默','室内A3','2012-06-13 02:56:23','15:00 - 19:00','室内A3变更(15:00-19:00 )'),(528,'聂宝超',6,'15:00-19:00','activate','2012-06-13 05:30:37','2012-06-13 05:30:37','114.245.188.36','BookRecord',395,'李默','室内A3','2012-06-13 02:56:23','15:00 - 19:00','室内A3开场(15:00-19:00)'),(529,'聂宝超',6,'15:00-19:00 ','change','2012-06-13 05:31:45','2012-06-13 05:31:45','114.245.188.36','BookRecord',395,'李默','室内A3','2012-06-13 02:56:23','15:00 - 19:00','室内A3变更(15:00-19:00 )'),(530,'聂宝超',6,'15:00-19:00 ','change','2012-06-13 05:32:04','2012-06-13 05:32:04','114.245.188.36','BookRecord',395,'李默','室内A3','2012-06-13 02:56:23','15:00 - 19:00','室内A3变更(15:00-19:00 )'),(531,'聂宝超',6,'','balance','2012-06-13 05:35:11','2012-06-13 05:35:11','114.245.188.36','BookRecord',395,'李默','室内A3','2012-06-13 02:56:23','15:00 - 19:00','室内A3结算()'),(532,'超级管理员',1,'15:00-19:00','cancel','2012-06-13 05:36:04','2012-06-13 05:36:04','114.245.188.36','BookRecord',395,'李默','室内A3','2012-06-13 02:56:23','15:00 - 19:00','室内A3取消预定(15:00-19:00)'),(533,'超级管理员',1,'10:00-11:00','book','2012-06-13 05:53:44','2012-06-13 05:53:44','114.245.188.36','BookRecord',400,'周梦雅','室外p2','2012-06-13 05:53:44','10:00 - 11:00','室外p2预定(10:00-11:00)'),(534,'超级管理员',1,'10:00-11:00','cancel','2012-06-13 05:54:00','2012-06-13 05:54:00','114.245.188.36','BookRecord',400,'周梦雅','室外p2','2012-06-13 05:53:44','10:00 - 11:00','室外p2取消预定(10:00-11:00)'),(535,'超级管理员',1,'10:00-11:00','cancel','2012-06-13 05:54:29','2012-06-13 05:54:29','114.245.188.36','BookRecord',400,'周梦雅','室外p2','2012-06-13 05:53:44','10:00 - 11:00','室外p2取消预定(10:00-11:00)'),(536,'超级管理员',1,'10:00-11:00','cancel','2012-06-13 05:54:29','2012-06-13 05:54:29','114.245.188.36','BookRecord',400,'周梦雅','室外p2','2012-06-13 05:53:44','10:00 - 11:00','室外p2取消预定(10:00-11:00)'),(537,'超级管理员',1,'10:00-11:00','cancel','2012-06-13 05:55:04','2012-06-13 05:55:04','114.245.188.36','BookRecord',400,'周梦雅','室外p2','2012-06-13 05:53:44','10:00 - 11:00','室外p2取消预定(10:00-11:00)'),(538,'超级管理员',1,'','balance','2012-06-13 05:55:53','2012-06-13 05:55:53','114.245.188.36','BookRecord',400,'周梦雅','室外p2','2012-06-13 05:53:44','10:00 - 11:00','室外p2结算()'),(539,'超级管理员',1,NULL,'kaika','2012-06-16 02:11:45','2012-06-16 02:11:45','114.245.188.36','MembersCard',16,'','ZC00017',NULL,'','ZC00017开卡()'),(540,'超级管理员',1,'10:00-11:00','book','2012-06-16 02:12:56','2012-06-16 02:12:56','114.245.188.36','BookRecord',401,'软件测试','室内B1','2012-06-16 02:12:56','10:00 - 11:00','室内B1预定(10:00-11:00)'),(541,'超级管理员',1,'10:00-11:00','activate','2012-06-16 02:13:20','2012-06-16 02:13:20','114.245.188.36','BookRecord',401,'软件测试','室内B1','2012-06-16 02:12:56','10:00 - 11:00','室内B1开场(10:00-11:00)'),(542,'超级管理员',1,'','balance','2012-06-16 02:20:12','2012-06-16 02:20:12','114.245.188.36','BookRecord',401,'软件测试','室内B1','2012-06-16 02:12:56','10:00 - 11:00','室内B1结算()'),(543,'超级管理员',1,'','balance','2012-06-16 02:20:36','2012-06-16 02:20:36','114.245.188.36','BookRecord',401,'软件测试','室内B1','2012-06-16 02:12:56','10:00 - 11:00','室内B1结算()'),(544,'超级管理员',1,'10:00-11:00','book','2012-06-16 02:23:22','2012-06-16 02:23:22','114.245.188.36','BookRecord',402,'软件测试','室外p2','2012-06-16 02:23:22','10:00 - 11:00','室外p2预定(10:00-11:00)'),(545,'李际洋',4,'14:00-17:00','book','2012-06-16 02:29:47','2012-06-16 02:29:47','114.245.188.36','BookRecord',403,'outside','室外C4','2012-06-16 02:29:47','14:00 - 17:00','室外C4预定(14:00-17:00)'),(546,'超级管理员',1,'14:00-17:00','activate','2012-06-16 02:29:59','2012-06-16 02:29:59','114.245.188.36','BookRecord',403,'outside','室外C4','2012-06-16 02:29:47','14:00 - 17:00','室外C4开场(14:00-17:00)'),(547,'李际洋',4,'','balance','2012-06-16 02:30:18','2012-06-16 02:30:18','114.245.188.36','BookRecord',403,'outside','室外C4','2012-06-16 02:29:47','14:00 - 17:00','室外C4结算()'),(548,'超级管理员',1,'10:00-11:00','activate','2012-06-16 02:32:45','2012-06-16 02:32:45','114.245.188.36','BookRecord',402,'软件测试','室外p2','2012-06-16 02:23:22','10:00 - 11:00','室外p2开场(10:00-11:00)'),(549,'超级管理员',1,'10:00-11:00','cancel','2012-06-16 02:42:30','2012-06-16 02:42:30','114.245.188.36','BookRecord',402,'软件测试','室外p2','2012-06-16 02:23:22','10:00 - 11:00','室外p2取消预定(10:00-11:00)'),(550,'超级管理员',1,'10:00-11:00','cancel','2012-06-16 02:42:47','2012-06-16 02:42:47','114.245.188.36','BookRecord',402,'软件测试','室外p2','2012-06-16 02:23:22','10:00 - 11:00','室外p2取消预定(10:00-11:00)'),(551,'超级管理员',1,'12:00-13:00','book','2012-06-16 02:44:35','2012-06-16 02:44:35','114.245.188.36','BookRecord',404,'软件测试','室外p2','2012-06-16 02:44:35','12:00 - 13:00','室外p2预定(12:00-13:00)'),(552,'超级管理员',1,'12:00-13:00','cancel','2012-06-16 02:44:51','2012-06-16 02:44:51','114.245.188.36','BookRecord',404,'软件测试','室外p2','2012-06-16 02:44:35','12:00 - 13:00','室外p2取消预定(12:00-13:00)'),(553,'超级管理员',1,'10:00-11:00','cancel','2012-06-16 02:47:21','2012-06-16 02:47:21','114.245.188.36','BookRecord',402,'软件测试','室外p2','2012-06-16 02:23:22','10:00 - 11:00','室外p2取消预定(10:00-11:00)'),(554,'超级管理员',1,'10:00-12:00 ','change','2012-06-16 02:50:53','2012-06-16 02:50:53','114.245.188.36','BookRecord',402,'软件测试','室外p2','2012-06-16 02:23:22','10:00 - 12:00','室外p2变更(10:00-12:00 )'),(555,'超级管理员',1,'10:00-12:00','cancel','2012-06-16 02:50:54','2012-06-16 02:50:54','114.245.188.36','BookRecord',402,'软件测试','室外p2','2012-06-16 02:23:22','10:00 - 12:00','室外p2取消预定(10:00-12:00)'),(556,'超级管理员',1,'10:00-12:00','cancel','2012-06-16 02:51:08','2012-06-16 02:51:08','114.245.188.36','BookRecord',402,'软件测试','室外p2','2012-06-16 02:23:22','10:00 - 12:00','室外p2取消预定(10:00-12:00)'),(557,'超级管理员',1,'10:00-12:00','cancel','2012-06-16 02:51:50','2012-06-16 02:51:50','114.245.188.36','BookRecord',402,'软件测试','室外p2','2012-06-16 02:23:22','10:00 - 12:00','室外p2取消预定(10:00-12:00)'),(558,'李际洋',4,'10:00-11:00','book','2012-06-16 02:54:14','2012-06-16 02:54:14','114.245.188.36','BookRecord',405,'outside','室外p3','2012-06-16 02:54:13','10:00 - 11:00','室外p3预定(10:00-11:00)'),(559,'李际洋',4,'10:00-12:00 ','change','2012-06-16 02:54:36','2012-06-16 02:54:36','114.245.188.36','BookRecord',405,'outside','室外p3','2012-06-16 02:54:13','10:00 - 12:00','室外p3变更(10:00-12:00 )'),(560,'李际洋',4,'10:00-12:00','want_sell','2012-06-16 02:56:55','2012-06-16 02:56:55','114.245.188.36','BookRecord',405,'outside','室外p3','2012-06-16 02:54:13','10:00 - 12:00','室外p3申请代卖(10:00-12:00)'),(561,'李际洋',4,'10:00-12:00','want_sell','2012-06-16 02:57:03','2012-06-16 02:57:03','114.245.188.36','BookRecord',405,'outside','室外p3','2012-06-16 02:54:13','10:00 - 12:00','室外p3申请代卖(10:00-12:00)'),(562,'李际洋',4,'10:00-12:00  原预订人: outside','sell','2012-06-16 02:57:17','2012-06-16 02:57:17','114.245.188.36','BookRecord',406,'王老吉','室外p3','2012-06-16 02:57:17','10:00 - 12:00','室外p3代卖(10:00-12:00  原预订人: outside)'),(563,'李际洋',4,'10:00-12:00 原预订人: 王老吉','change','2012-06-16 02:58:53','2012-06-16 02:58:53','114.245.188.36','BookRecord',406,'刘德华','室外p3','2012-06-16 02:57:17','10:00 - 12:00','室外p3变更(10:00-12:00 原预订人: 王老吉)'),(564,'李际洋',4,'10:00-12:00','cancel','2012-06-16 02:59:50','2012-06-16 02:59:50','114.245.188.36','BookRecord',406,'刘德华','室外p3','2012-06-16 02:57:17','10:00 - 12:00','室外p3取消预定(10:00-12:00)'),(565,'李际洋',4,'10:00-12:00','cancel','2012-06-16 03:00:04','2012-06-16 03:00:04','114.245.188.36','BookRecord',402,'软件测试','室外p2','2012-06-16 02:23:22','10:00 - 12:00','室外p2取消预定(10:00-12:00)'),(566,'超级管理员',1,'8:00-9:00','book','2012-06-16 03:12:36','2012-06-16 03:12:36','114.245.188.36','BookRecord',409,'王老吉','室外p3','2012-06-16 03:12:36','8:00 - 9:00','室外p3预定(8:00-9:00)'),(567,'超级管理员',1,'','balance','2012-06-16 03:14:03','2012-06-16 03:14:03','114.245.188.36','BookRecord',409,'王老吉','室外p3','2012-06-16 03:12:36','8:00 - 9:00','室外p3结算()'),(568,'超级管理员',1,'10:00-11:00','book','2012-06-16 03:15:53','2012-06-16 03:15:53','114.245.188.36','BookRecord',410,'王老吉','室外p3','2012-06-16 03:15:53','10:00 - 11:00','室外p3预定(10:00-11:00)'),(569,'超级管理员',1,'10:00-11:00','cancel','2012-06-16 03:17:46','2012-06-16 03:17:46','114.245.188.36','BookRecord',410,'王老吉','室外p3','2012-06-16 03:15:53','10:00 - 11:00','室外p3取消预定(10:00-11:00)'),(570,'超级管理员',1,'10:00-11:00','book','2012-06-16 03:20:27','2012-06-16 03:20:27','114.245.188.36','BookRecord',411,'刘德华','室外p4','2012-06-16 03:20:27','10:00 - 11:00','室外p4预定(10:00-11:00)'),(571,'超级管理员',1,'','balance','2012-06-16 03:20:45','2012-06-16 03:20:45','114.245.188.36','BookRecord',411,'刘德华','室外p4','2012-06-16 03:20:27','10:00 - 11:00','室外p4结算()'),(572,'超级管理员',1,'13:00-14:00','book','2012-06-16 03:30:25','2012-06-16 03:30:25','114.245.188.36','BookRecord',412,'软件测试','室外p2','2012-06-16 03:30:25','13:00 - 14:00','室外p2预定(13:00-14:00)'),(573,'超级管理员',1,'13:00-14:00','activate','2012-06-16 03:30:34','2012-06-16 03:30:34','114.245.188.36','BookRecord',412,'软件测试','室外p2','2012-06-16 03:30:25','13:00 - 14:00','室外p2开场(13:00-14:00)'),(574,'超级管理员',1,'','balance','2012-06-16 03:32:11','2012-06-16 03:32:11','114.245.188.36','BookRecord',412,'软件测试','室外p2','2012-06-16 03:30:25','13:00 - 14:00','室外p2结算()'),(575,'超级管理员',1,'13:00-14:00','book','2012-06-16 03:34:02','2012-06-16 03:34:02','114.245.188.36','BookRecord',413,'李默','室外p3','2012-06-16 03:34:02','13:00 - 14:00','室外p3预定(13:00-14:00)'),(576,'超级管理员',1,'13:00-14:00','activate','2012-06-16 03:34:09','2012-06-16 03:34:09','114.245.188.36','BookRecord',413,'李默','室外p3','2012-06-16 03:34:02','13:00 - 14:00','室外p3开场(13:00-14:00)'),(577,'超级管理员',1,'','balance','2012-06-16 03:36:34','2012-06-16 03:36:34','114.245.188.36','BookRecord',413,'李默','室外p3','2012-06-16 03:34:02','13:00 - 14:00','室外p3结算()'),(578,'超级管理员',1,'14:00-15:00','book','2012-06-16 05:16:46','2012-06-16 05:16:46','114.245.188.36','BookRecord',414,'王老吉','室外p2','2012-06-16 05:16:46','14:00 - 15:00','室外p2预定(14:00-15:00)'),(579,'超级管理员',1,'14:00-15:00','activate','2012-06-16 05:16:54','2012-06-16 05:16:54','114.245.188.36','BookRecord',414,'王老吉','室外p2','2012-06-16 05:16:46','14:00 - 15:00','室外p2开场(14:00-15:00)'),(580,'超级管理员',1,'','balance','2012-06-16 05:19:15','2012-06-16 05:19:15','114.245.188.36','BookRecord',414,'王老吉','室外p2','2012-06-16 05:16:46','14:00 - 15:00','室外p2结算()'),(581,'超级管理员',1,NULL,'destroy','2012-06-16 05:19:49','2012-06-16 05:19:49','114.245.188.36','BookRecord',414,'王老吉','室外p2','2012-06-16 05:16:46','14:00 - 15:00','室外p2场地删除()'),(582,'超级管理员',1,'14:00-15:00','book','2012-06-16 05:50:00','2012-06-16 05:50:00','114.245.188.36','BookRecord',415,'王老吉','室外p2','2012-06-16 05:50:00','14:00 - 15:00','室外p2预定(14:00-15:00)'),(583,'超级管理员',1,'14:00-15:00','activate','2012-06-16 05:50:07','2012-06-16 05:50:07','114.245.188.36','BookRecord',415,'王老吉','室外p2','2012-06-16 05:50:00','14:00 - 15:00','室外p2开场(14:00-15:00)'),(584,'超级管理员',1,'','balance','2012-06-16 05:50:25','2012-06-16 05:50:25','114.245.188.36','BookRecord',415,'王老吉','室外p2','2012-06-16 05:50:00','14:00 - 15:00','室外p2结算()'),(585,'超级管理员',1,NULL,'destroy','2012-06-16 05:52:14','2012-06-16 05:52:14','114.245.188.36','BookRecord',415,'王老吉','室外p2','2012-06-16 05:50:00','14:00 - 15:00','室外p2场地删除()'),(586,'超级管理员',1,'','balance','2012-06-16 05:53:18','2012-06-16 05:53:18','114.245.188.36',NULL,NULL,'','',NULL,'','结算()'),(587,'超级管理员',1,'','balance','2012-06-16 05:55:47','2012-06-16 05:55:47','114.245.188.36',NULL,NULL,'','',NULL,'','结算()'),(588,'超级管理员',1,'','balance','2012-06-16 05:59:41','2012-06-16 05:59:41','114.245.188.36',NULL,NULL,'','',NULL,'','结算()'),(589,'超级管理员',1,NULL,'destroy','2012-06-16 06:00:24','2012-06-16 06:00:24','114.245.188.36',NULL,NULL,'','',NULL,'','场地删除()'),(590,'超级管理员',1,'5000元，0次','chongzhi','2012-06-16 06:11:28','2012-06-16 06:11:28','114.245.188.36','MembersCard',1,'','CA00001',NULL,'','CA00001充值(5000元，0次)'),(591,'超级管理员',1,'14:00-15:00','book','2012-06-16 06:12:18','2012-06-16 06:12:18','114.245.188.36','BookRecord',417,'昆琨','室外p4','2012-06-16 06:12:18','14:00 - 15:00','室外p4预定(14:00-15:00)'),(592,'超级管理员',1,'','balance','2012-06-16 09:24:29','2012-06-16 09:24:29','114.245.188.36','BookRecord',410,'王老吉','室外p3','2012-06-16 03:15:53','10:00 - 11:00','室外p3结算()'),(593,'超级管理员',1,'','balance','2012-06-16 09:25:05','2012-06-16 09:25:05','114.245.188.36','BookRecord',402,'软件测试','室外p2','2012-06-16 02:23:22','10:00 - 12:00','室外p2结算()'),(594,'超级管理员',1,'','balance','2012-06-16 09:26:48','2012-06-16 09:26:48','114.245.188.36','BookRecord',417,'昆琨','室外p4','2012-06-16 06:12:18','14:00 - 15:00','室外p4结算()'),(595,'超级管理员',1,NULL,'kaika','2012-06-25 06:42:28','2012-06-25 06:42:28','114.245.213.107','MembersCard',17,'','ZA00001',NULL,'','ZA00001开卡()'),(596,'超级管理员',1,'2000元，0次','chongzhi','2012-06-25 07:28:40','2012-06-25 07:28:40','114.245.213.107','MembersCard',17,'','ZA00001',NULL,'','ZA00001充值(2000元，0次)'),(597,'林美超',7,'16:00-17:00','book','2012-06-25 07:46:43','2012-06-25 07:46:43','114.245.213.107','BookRecord',418,'张超','室内A2','2012-06-25 07:46:43','16:00 - 17:00','室内A2预定(16:00-17:00)'),(598,'林美超',7,'16:00-17:00 ','change','2012-06-25 07:47:18','2012-06-25 07:47:18','114.245.213.107','BookRecord',418,'张超','室内A2','2012-06-25 07:46:43','16:00 - 17:00','室内A2变更(16:00-17:00 )'),(599,'超级管理员',1,'16:00-17:00','activate','2012-06-25 07:47:30','2012-06-25 07:47:30','114.245.213.107','BookRecord',418,'张超','室内A2','2012-06-25 07:46:43','16:00 - 17:00','室内A2开场(16:00-17:00)'),(600,'超级管理员',1,'16:00-17:00','book','2012-06-26 03:16:12','2012-06-26 03:16:12','114.245.213.229','BookRecord',422,'李默','室外p2','2012-06-26 03:16:12','16:00 - 17:00','室外p2预定(16:00-17:00)'),(601,'超级管理员',1,NULL,'kaika','2012-06-26 06:35:30','2012-06-26 06:35:30','114.245.213.229','MembersCard',18,'','CB00010',NULL,'','CB00010开卡()'),(602,'超级管理员',1,NULL,'kaika','2012-06-26 06:35:55','2012-06-26 06:35:55','114.245.213.229','MembersCard',19,'','CB00021',NULL,'','CB00021开卡()'),(603,'超级管理员',1,'14:00-15:00','book','2012-06-26 06:39:45','2012-06-26 06:39:45','114.245.213.229','BookRecord',424,'刘德华','室外C3','2012-06-26 06:39:45','14:00 - 15:00','室外C3预定(14:00-15:00)'),(604,'超级管理员',1,'14:00-15:00','activate','2012-06-26 06:39:54','2012-06-26 06:39:54','114.245.213.229','BookRecord',424,'刘德华','室外C3','2012-06-26 06:39:45','14:00 - 15:00','室外C3开场(14:00-15:00)'),(605,'超级管理员',1,'','balance','2012-06-26 08:58:58','2012-06-26 08:58:58','202.130.113.141','BookRecord',424,'刘德华','室外C3','2012-06-26 06:39:45','14:00 - 15:00','室外C3结算()'),(606,'超级管理员',1,'21:00-22:00','book','2012-06-27 02:12:24','2012-06-27 02:12:24','114.245.213.229','BookRecord',425,'王老吉','室内A1','2012-06-27 02:12:24','21:00 - 22:00','室内A1预定(21:00-22:00)'),(607,'超级管理员',1,'21:00-22:00','activate','2012-06-27 02:19:51','2012-06-27 02:19:51','114.245.213.229','BookRecord',425,'王老吉','室内A1','2012-06-27 02:12:24','21:00 - 22:00','室内A1开场(21:00-22:00)'),(608,'超级管理员',1,'','balance','2012-06-27 02:20:16','2012-06-27 02:20:16','114.245.213.229','BookRecord',425,'王老吉','室内A1','2012-06-27 02:12:24','21:00 - 22:00','室内A1结算()'),(609,'超级管理员',1,'17:00-18:00','book','2012-06-27 02:21:34','2012-06-27 02:21:34','114.245.213.229','BookRecord',426,'王老吉','室内A1','2012-06-27 02:21:33','17:00 - 18:00','室内A1预定(17:00-18:00)'),(610,'超级管理员',1,'17:00-18:00','activate','2012-06-27 02:21:48','2012-06-27 02:21:48','114.245.213.229','BookRecord',426,'王老吉','室内A1','2012-06-27 02:21:33','17:00 - 18:00','室内A1开场(17:00-18:00)'),(611,'超级管理员',1,'','balance','2012-06-27 02:22:03','2012-06-27 02:22:03','114.245.213.229','BookRecord',426,'王老吉','室内A1','2012-06-27 02:21:33','17:00 - 18:00','室内A1结算()'),(612,'超级管理员',1,'15:00-16:00','book','2012-06-27 02:25:05','2012-06-27 02:25:05','114.245.213.229','BookRecord',427,'王老吉','室内A1','2012-06-27 02:25:05','15:00 - 16:00','室内A1预定(15:00-16:00)'),(613,'超级管理员',1,'15:00-16:00','activate','2012-06-27 02:26:50','2012-06-27 02:26:50','114.245.213.229','BookRecord',427,'王老吉','室内A1','2012-06-27 02:25:05','15:00 - 16:00','室内A1开场(15:00-16:00)'),(614,'超级管理员',1,'17:00-18:00','book','2012-06-27 02:27:36','2012-06-27 02:27:36','114.245.213.229','BookRecord',428,'王老吉','室内A2','2012-06-27 02:27:36','17:00 - 18:00','室内A2预定(17:00-18:00)'),(615,'超级管理员',1,'17:00-18:00','activate','2012-06-27 02:27:44','2012-06-27 02:27:44','114.245.213.229','BookRecord',428,'王老吉','室内A2','2012-06-27 02:27:36','17:00 - 18:00','室内A2开场(17:00-18:00)'),(616,'超级管理员',1,'16:00-17:00','book','2012-06-27 13:29:33','2012-06-27 13:29:33','125.33.177.200','BookRecord',429,'王老吉','室内A1','2012-06-27 13:29:33','16:00 - 17:00','室内A1预定(16:00-17:00)'),(617,'超级管理员',1,'14:00-15:00','book','2012-06-27 13:30:06','2012-06-27 13:30:06','125.33.177.200','BookRecord',430,'王老吉','室内A1','2012-06-27 13:30:06','14:00 - 15:00','室内A1预定(14:00-15:00)'),(618,'超级管理员',1,'','balance','2012-07-01 02:43:47','2012-07-01 02:43:47','192.168.1.222','BookRecord',428,'王老吉','室内A2','2012-06-27 02:27:36','17:00 - 18:00','室内A2结算()'),(619,'admin',8,'12:00-13:00','book','2012-07-01 03:04:38','2012-07-01 03:04:38','192.168.1.222','BookRecord',431,'王老吉','室外p2','2012-07-01 03:04:38','12:00 - 13:00','室外p2预定(12:00-13:00)'),(620,'超级管理员',1,'12:00-13:00','activate','2012-07-01 03:16:18','2012-07-01 03:16:18','192.168.1.222','BookRecord',431,'王老吉','室外p2','2012-07-01 03:04:38','12:00 - 13:00','室外p2开场(12:00-13:00)');
/*!40000 ALTER TABLE `logs` ENABLE KEYS */;
UNLOCK TABLES;

--
-- Table structure for table `member_card_granters`
--

DROP TABLE IF EXISTS `member_card_granters`;
SET @saved_cs_client     = @@character_set_client;
SET character_set_client = utf8;
CREATE TABLE `member_card_granters` (
  `id` int(11) NOT NULL auto_increment,
  `member_card_id` int(11) default NULL,
  `granter_id` int(11) default NULL,
  `member_id` int(11) default NULL,
  `created_at` datetime default NULL,
  `updated_at` datetime default NULL,
  `state` varchar(255) collate utf8_unicode_ci default NULL,
  PRIMARY KEY  (`id`)
) ENGINE=InnoDB AUTO_INCREMENT=2 DEFAULT CHARSET=utf8 COLLATE=utf8_unicode_ci;
SET character_set_client = @saved_cs_client;

--
-- Dumping data for table `member_card_granters`
--

LOCK TABLES `member_card_granters` WRITE;
/*!40000 ALTER TABLE `member_card_granters` DISABLE KEYS */;
INSERT INTO `member_card_granters` VALUES (1,1,2,NULL,'2012-05-26 05:12:35','2012-05-26 05:12:35',NULL);
/*!40000 ALTER TABLE `member_card_granters` ENABLE KEYS */;
UNLOCK TABLES;

--
-- Table structure for table `member_cards`
--

DROP TABLE IF EXISTS `member_cards`;
SET @saved_cs_client     = @@character_set_client;
SET character_set_client = utf8;
CREATE TABLE `member_cards` (
  `id` int(11) NOT NULL auto_increment,
  `member_id` int(11) default NULL,
  `card_id` int(11) default NULL,
  `card_serial_num` varchar(255) collate utf8_unicode_ci default NULL,
  `left_fee` decimal(10,2) default '0.00',
  `left_times` int(11) default '0',
  `expire_date` datetime default NULL,
  `description` text collate utf8_unicode_ci,
  `user_id` int(11) default NULL,
  `password` varchar(255) collate utf8_unicode_ci default NULL,
  `state` varchar(255) collate utf8_unicode_ci default NULL,
  `created_at` datetime default NULL,
  `updated_at` datetime default NULL,
  PRIMARY KEY  (`id`)
) ENGINE=InnoDB AUTO_INCREMENT=20 DEFAULT CHARSET=utf8 COLLATE=utf8_unicode_ci;
SET character_set_client = @saved_cs_client;

--
-- Dumping data for table `member_cards`
--

LOCK TABLES `member_cards` WRITE;
/*!40000 ALTER TABLE `member_cards` DISABLE KEYS */;
INSERT INTO `member_cards` VALUES (1,1,1,'CA00001','4551.50',0,'2012-11-26 00:00:00','',NULL,NULL,'enabled','2012-05-26 05:09:13','2012-07-01 03:35:11'),(2,3,6,'S00001','1906.00',0,'2012-11-26 00:00:00','',NULL,NULL,'enabled','2012-05-26 05:27:35','2012-06-09 01:58:08'),(3,4,7,'ZC00001','9035.00',97,'2012-11-26 00:00:00','',NULL,NULL,'enabled','2012-05-26 07:19:32','2012-06-09 06:08:45'),(4,5,6,'S00002','223.00',0,'2012-11-30 00:00:00','',NULL,NULL,'enabled','2012-05-30 05:40:27','2012-06-16 02:30:18'),(5,6,7,'ZC00015','10959.00',8,'2012-12-03 00:00:00','',NULL,NULL,'enabled','2012-06-03 01:53:17','2012-06-26 08:58:58'),(15,11,7,'ZC00016','28771.00',95,'2013-06-05 00:00:00','',NULL,NULL,'enabled','2012-06-06 06:54:40','2012-06-16 03:36:34'),(16,12,7,'ZC00017','9716.00',150,'2012-12-15 16:00:00','',NULL,NULL,'enabled','2012-06-16 02:11:45','2012-06-16 09:25:05'),(17,13,4,'ZA00001','12000.00',2,'2012-12-24 16:00:00','',NULL,NULL,'enabled','2012-06-25 06:42:28','2012-06-25 07:28:40'),(18,6,2,'CB00010','0.00',0,'2012-12-25 16:00:00','',NULL,NULL,'enabled','2012-06-26 06:35:30','2012-06-26 06:35:30'),(19,5,2,'CB00021','0.00',0,'2012-12-25 16:00:00','',NULL,NULL,'disabled','2012-06-26 06:35:55','2012-06-26 06:36:56');
/*!40000 ALTER TABLE `member_cards` ENABLE KEYS */;
UNLOCK TABLES;

--
-- Table structure for table `members`
--

DROP TABLE IF EXISTS `members`;
SET @saved_cs_client     = @@character_set_client;
SET character_set_client = utf8;
CREATE TABLE `members` (
  `id` int(11) NOT NULL auto_increment,
  `name` varchar(255) collate utf8_unicode_ci default NULL,
  `name_pinyin` varchar(255) collate utf8_unicode_ci default NULL,
  `pinyin_abbr` varchar(255) collate utf8_unicode_ci default NULL,
  `nickname` varchar(255) collate utf8_unicode_ci default NULL,
  `gender` varchar(255) collate utf8_unicode_ci default NULL,
  `birthday` date default NULL,
  `telephone` varchar(255) collate utf8_unicode_ci default NULL,
  `mobile` varchar(255) collate utf8_unicode_ci default NULL,
  `email` varchar(255) collate utf8_unicode_ci default NULL,
  `address` varchar(255) collate utf8_unicode_ci default NULL,
  `job` varchar(255) collate utf8_unicode_ci default NULL,
  `cert_type` int(11) default NULL,
  `cert_num` varchar(255) collate utf8_unicode_ci default NULL,
  `memo` varchar(255) collate utf8_unicode_ci default NULL,
  `mentor` varchar(255) collate utf8_unicode_ci default NULL,
  `fax` int(11) default NULL,
  `description` text collate utf8_unicode_ci,
  `state` varchar(255) collate utf8_unicode_ci default NULL,
  `granter` tinyint(1) default NULL,
  `created_at` datetime default NULL,
  `updated_at` datetime default NULL,
  `standby_phone` varchar(16) collate utf8_unicode_ci NOT NULL default '',
  `consume_amount` decimal(10,0) NOT NULL default '0',
  `consume_counter` int(11) NOT NULL default '0',
  PRIMARY KEY  (`id`)
) ENGINE=InnoDB AUTO_INCREMENT=14 DEFAULT CHARSET=utf8 COLLATE=utf8_unicode_ci;
SET character_set_client = @saved_cs_client;

--
-- Dumping data for table `members`
--

LOCK TABLES `members` WRITE;
/*!40000 ALTER TABLE `members` DISABLE KEYS */;
INSERT INTO `members` VALUES (1,'王老吉','wanglaoji','wlj','','1',NULL,'','13834057997','','',NULL,9,'',NULL,'',NULL,'','enabled',NULL,'2012-05-26 05:08:55','2012-05-26 05:08:55','','0',0),(2,'昆琨','kunkun','kk','','2',NULL,'','13834057999','','',NULL,9,'',NULL,'',NULL,'','enabled',1,'2012-05-26 05:12:35','2012-05-26 05:12:35','','0',0),(3,'张学友','zhangxueyou','zxy','','1',NULL,'','13834053992','','',NULL,9,'',NULL,'',NULL,'','enabled',NULL,'2012-05-26 05:27:21','2012-05-26 05:27:21','','0',0),(4,'测试 ','ceshi ','cs ','111','1',NULL,'','15811138560','','',NULL,9,'',NULL,'',NULL,'','enabled',NULL,'2012-05-26 07:17:42','2012-05-26 07:17:42','','0',0),(5,'outside','outside','outside','室外测试','1',NULL,'','13832157997','','',NULL,9,'',NULL,'',NULL,'','enabled',NULL,'2012-05-30 05:40:08','2012-05-30 05:40:08','','0',0),(6,'刘德华','liudehua','ldh','11','1',NULL,'','13910795555','','',NULL,9,'',NULL,'',NULL,'','enabled',NULL,'2012-06-03 01:48:37','2012-06-03 01:48:37','','0',0),(11,'李默','limo','lm','','1',NULL,'  ','13888888888','','',NULL,9,'',NULL,'',NULL,'','enabled',NULL,'2012-06-06 06:53:49','2012-06-06 06:53:49','','0',0),(12,'软件测试','ruanjianceshi','rjcs','1221','1',NULL,'','13811111111','','',NULL,9,'',NULL,'',NULL,'','enabled',NULL,'2012-06-16 02:00:45','2012-06-16 02:00:45','','0',0),(13,'张超','zhangchao','zc','','1','1984-05-03','','18920948543','ljy@12.33','',NULL,9,'11111111111',NULL,'',NULL,'','enabled',NULL,'2012-06-25 06:36:19','2012-06-25 06:36:19','','0',0);
/*!40000 ALTER TABLE `members` ENABLE KEYS */;
UNLOCK TABLES;

--
-- Table structure for table `non_members`
--

DROP TABLE IF EXISTS `non_members`;
SET @saved_cs_client     = @@character_set_client;
SET character_set_client = utf8;
CREATE TABLE `non_members` (
  `id` int(11) NOT NULL auto_increment,
  `name` varchar(255) collate utf8_unicode_ci default NULL,
  `name_pinyin` varchar(255) collate utf8_unicode_ci default NULL,
  `telephone` varchar(255) collate utf8_unicode_ci default NULL,
  `earnest` float default NULL,
  `order_id` int(11) default NULL,
  PRIMARY KEY  (`id`)
) ENGINE=InnoDB AUTO_INCREMENT=17 DEFAULT CHARSET=utf8 COLLATE=utf8_unicode_ci;
SET character_set_client = @saved_cs_client;

--
-- Dumping data for table `non_members`
--

LOCK TABLES `non_members` WRITE;
/*!40000 ALTER TABLE `non_members` DISABLE KEYS */;
INSERT INTO `non_members` VALUES (1,'hewi',NULL,NULL,NULL,104),(2,'sjkgdj',NULL,NULL,NULL,105),(3,'李际洋','lijiyang','13810041531',300,162),(4,'3443','3443','15098843354',100,164),(5,'小胖','xiaopang','13522226666',300,165),(6,'小胖','xiaopang','13522226666',300,169),(7,'23423234','23423234','15098811354',100,178),(8,'sdfgdfsg',NULL,NULL,NULL,183),(9,'w',NULL,NULL,NULL,184),(10,'21',NULL,NULL,NULL,185),(11,'高先生',NULL,NULL,NULL,330),(12,'周梦雅','zhoumengya','13777777777',0,337),(13,'122112',NULL,NULL,NULL,355),(14,'122112',NULL,NULL,NULL,356),(15,'问问',NULL,NULL,NULL,369),(16,'问问4',NULL,NULL,NULL,370);
/*!40000 ALTER TABLE `non_members` ENABLE KEYS */;
UNLOCK TABLES;

--
-- Table structure for table `order_items`
--

DROP TABLE IF EXISTS `order_items`;
SET @saved_cs_client     = @@character_set_client;
SET character_set_client = utf8;
CREATE TABLE `order_items` (
  `id` int(11) NOT NULL auto_increment,
  `order_id` int(11) default NULL,
  `item_id` int(11) default NULL,
  `item_type` varchar(255) collate utf8_unicode_ci default NULL,
  `quantity` int(11) default NULL,
  `user_id` int(11) default NULL,
  `unit_money_price` decimal(10,2) default NULL,
  `total_money_price` decimal(10,2) default NULL,
  `total_count` int(11) default NULL,
  `discount` decimal(8,1) default NULL,
  `price_after_discount` decimal(8,2) default NULL,
  `balance_id` int(11) default NULL,
  `balanced` tinyint(1) default NULL,
  PRIMARY KEY  (`id`)
) ENGINE=InnoDB AUTO_INCREMENT=633 DEFAULT CHARSET=utf8 COLLATE=utf8_unicode_ci;
SET character_set_client = @saved_cs_client;

--
-- Dumping data for table `order_items`
--

LOCK TABLES `order_items` WRITE;
/*!40000 ALTER TABLE `order_items` DISABLE KEYS */;
INSERT INTO `order_items` VALUES (19,158,1,'Good',1,NULL,'5.00','5.00',NULL,'10.0','5.00',3,1),(137,1,1,'CourtBookRecord',2,NULL,NULL,'60.00',2,NULL,'2.00',41,1),(138,2,2,'CourtBookRecord',3,NULL,NULL,'90.00',3,'10.0','180.00',NULL,NULL),(139,3,3,'CourtBookRecord',4,NULL,NULL,'120.00',4,'10.0','240.00',NULL,NULL),(140,3,4,'CoachBookRecord',4,NULL,'200.00','800.00',NULL,'10.0','800.00',NULL,NULL),(141,4,5,'CourtBookRecord',1,NULL,NULL,'30.00',1,'10.0','60.00',NULL,NULL),(142,5,6,'CourtBookRecord',4,NULL,NULL,'2240.00',4,'10.0','3200.00',NULL,NULL),(143,6,7,'CourtBookRecord',2,NULL,NULL,'60.00',2,'10.0','60.00',42,1),(144,6,8,'CoachBookRecord',2,NULL,'200.00','400.00',NULL,'10.0','400.00',42,1),(145,7,9,'CourtBookRecord',2,NULL,NULL,'60.00',2,'10.0','120.00',NULL,NULL),(146,8,10,'CourtBookRecord',3,NULL,NULL,'90.00',3,'10.0','180.00',NULL,NULL),(147,10,12,'CourtBookRecord',2,NULL,NULL,'100.00',2,'10.0','100.00',NULL,NULL),(148,11,13,'CourtBookRecord',2,NULL,NULL,'100.00',2,'10.0','100.00',NULL,NULL),(149,12,14,'CourtBookRecord',2,NULL,NULL,'100.00',2,'10.0','100.00',NULL,NULL),(150,13,15,'CourtBookRecord',2,NULL,NULL,'100.00',2,'10.0','100.00',NULL,NULL),(151,14,16,'CourtBookRecord',2,NULL,NULL,'100.00',2,'10.0','100.00',NULL,NULL),(152,15,17,'CourtBookRecord',2,NULL,NULL,'100.00',2,'10.0','100.00',NULL,NULL),(153,16,18,'CourtBookRecord',2,NULL,NULL,'100.00',2,'10.0','100.00',NULL,NULL),(154,17,19,'CourtBookRecord',2,NULL,NULL,'100.00',2,'10.0','100.00',NULL,NULL),(155,18,20,'CourtBookRecord',2,NULL,NULL,'100.00',2,'10.0','100.00',NULL,NULL),(156,19,21,'CourtBookRecord',2,NULL,NULL,'100.00',2,'10.0','100.00',NULL,NULL),(157,20,22,'CourtBookRecord',2,NULL,NULL,'100.00',2,'10.0','100.00',NULL,NULL),(158,21,23,'CourtBookRecord',2,NULL,NULL,'100.00',2,'10.0','100.00',NULL,NULL),(159,22,24,'CourtBookRecord',2,NULL,NULL,'100.00',2,'10.0','100.00',NULL,NULL),(160,23,25,'CourtBookRecord',2,NULL,NULL,'100.00',2,'10.0','120.00',NULL,NULL),(161,24,26,'CourtBookRecord',2,NULL,NULL,'100.00',2,'10.0','100.00',NULL,NULL),(162,25,27,'CourtBookRecord',2,NULL,NULL,'100.00',2,'10.0','100.00',NULL,NULL),(163,26,28,'CourtBookRecord',2,NULL,NULL,'100.00',2,'10.0','100.00',NULL,NULL),(164,27,29,'CourtBookRecord',2,NULL,NULL,'100.00',2,'10.0','100.00',NULL,NULL),(165,28,30,'CourtBookRecord',2,NULL,NULL,'100.00',2,'10.0','100.00',NULL,NULL),(166,29,31,'CourtBookRecord',2,NULL,NULL,'100.00',2,'10.0','100.00',NULL,NULL),(167,30,32,'CourtBookRecord',2,NULL,NULL,'100.00',2,'10.0','100.00',NULL,NULL),(168,31,33,'CourtBookRecord',2,NULL,NULL,'100.00',2,'10.0','100.00',NULL,NULL),(169,32,34,'CourtBookRecord',2,NULL,NULL,'100.00',2,'10.0','100.00',NULL,NULL),(170,33,35,'CourtBookRecord',2,NULL,NULL,'100.00',2,'10.0','100.00',NULL,NULL),(171,34,36,'CourtBookRecord',2,NULL,NULL,'100.00',2,'10.0','100.00',NULL,NULL),(172,35,37,'CourtBookRecord',2,NULL,NULL,'100.00',2,'10.0','100.00',NULL,NULL),(173,36,38,'CourtBookRecord',2,NULL,NULL,'100.00',2,'10.0','100.00',NULL,NULL),(174,37,39,'CourtBookRecord',2,NULL,NULL,'100.00',2,'10.0','100.00',NULL,NULL),(175,38,40,'CourtBookRecord',2,NULL,NULL,'100.00',2,'10.0','100.00',NULL,NULL),(176,39,41,'CourtBookRecord',2,NULL,NULL,'100.00',2,'10.0','120.00',NULL,NULL),(177,40,42,'CourtBookRecord',2,NULL,NULL,'100.00',2,'10.0','100.00',NULL,NULL),(178,41,43,'CourtBookRecord',2,NULL,NULL,'100.00',2,'10.0','100.00',NULL,NULL),(179,42,44,'CourtBookRecord',2,NULL,NULL,'100.00',2,'10.0','100.00',NULL,NULL),(180,43,45,'CourtBookRecord',2,NULL,NULL,'100.00',2,'10.0','100.00',NULL,NULL),(181,44,46,'CourtBookRecord',2,NULL,NULL,'100.00',2,'10.0','100.00',NULL,NULL),(182,45,47,'CourtBookRecord',2,NULL,NULL,'100.00',2,'10.0','100.00',NULL,NULL),(183,46,48,'CourtBookRecord',2,NULL,NULL,'100.00',2,'10.0','100.00',NULL,NULL),(184,47,49,'CourtBookRecord',2,NULL,NULL,'100.00',2,'10.0','100.00',NULL,NULL),(185,48,50,'CourtBookRecord',2,NULL,NULL,'100.00',2,'10.0','100.00',NULL,NULL),(186,49,51,'CourtBookRecord',2,NULL,NULL,'100.00',2,'10.0','100.00',NULL,NULL),(187,50,52,'CourtBookRecord',2,NULL,NULL,'100.00',2,'10.0','100.00',NULL,NULL),(188,51,53,'CourtBookRecord',2,NULL,NULL,'100.00',2,'10.0','100.00',NULL,NULL),(189,52,54,'CourtBookRecord',2,NULL,NULL,'100.00',2,'10.0','100.00',NULL,NULL),(190,53,55,'CourtBookRecord',2,NULL,NULL,'100.00',2,'10.0','100.00',NULL,NULL),(191,54,56,'CourtBookRecord',2,NULL,NULL,'100.00',2,'10.0','100.00',NULL,NULL),(192,55,57,'CourtBookRecord',2,NULL,NULL,'100.00',2,'10.0','100.00',NULL,NULL),(193,56,58,'CourtBookRecord',2,NULL,NULL,'100.00',2,'10.0','120.00',NULL,NULL),(194,57,59,'CourtBookRecord',2,NULL,NULL,'100.00',2,'10.0','100.00',NULL,NULL),(195,58,60,'CourtBookRecord',2,NULL,NULL,'100.00',2,'10.0','100.00',NULL,NULL),(196,59,61,'CourtBookRecord',2,NULL,NULL,'100.00',2,'10.0','100.00',NULL,NULL),(197,60,62,'CourtBookRecord',2,NULL,NULL,'100.00',2,'10.0','100.00',NULL,NULL),(198,61,63,'CourtBookRecord',2,NULL,NULL,'100.00',2,'10.0','100.00',NULL,NULL),(199,9,11,'CourtBookRecord',2,NULL,NULL,'100.00',2,'10.0','120.00',NULL,NULL),(200,62,64,'CourtBookRecord',2,NULL,NULL,'600.00',2,NULL,'2.00',43,1),(201,63,65,'CourtBookRecord',1,NULL,NULL,'50.00',1,'10.0','50.00',44,1),(202,63,2,'Good',2,NULL,'7.00','14.00',NULL,'10.0','14.00',44,1),(203,64,66,'CourtBookRecord',3,NULL,NULL,'150.00',3,'10.0','150.00',45,1),(204,64,1,'Good',2,NULL,'5.00','10.00',NULL,'10.0','10.00',45,1),(205,64,2,'Good',2,NULL,'7.00','14.00',NULL,'10.0','14.00',45,1),(206,64,3,'Good',1,NULL,'700.00','700.00',NULL,'10.0','700.00',45,1),(207,65,67,'CourtBookRecord',2,NULL,NULL,'100.00',2,'10.0','100.00',46,1),(210,65,1,'Good',2,NULL,'5.00','10.00',NULL,'10.0','10.00',46,1),(211,66,70,'CourtBookRecord',1,NULL,NULL,'50.00',1,'10.0','50.00',47,1),(212,66,1,'Good',2,NULL,'5.00','10.00',NULL,'10.0','10.00',47,1),(213,67,71,'CourtBookRecord',1,NULL,NULL,'50.00',1,'10.0','50.00',48,1),(214,67,1,'Good',1,NULL,'5.00','5.00',NULL,'10.0','5.00',48,1),(215,68,72,'CourtBookRecord',1,NULL,NULL,'50.00',1,'10.0','50.00',49,1),(216,68,1,'Good',1,NULL,'5.00','5.00',NULL,'10.0','5.00',49,1),(217,68,2,'Good',1,NULL,'7.00','7.00',NULL,'10.0','7.00',49,1),(218,69,73,'CourtBookRecord',1,NULL,NULL,'70.00',1,'10.0','70.00',57,1),(219,69,74,'CoachBookRecord',1,NULL,'200.00','200.00',NULL,'10.0','200.00',57,1),(220,70,75,'CourtBookRecord',2,NULL,NULL,'200.00',2,'10.0','200.00',NULL,NULL),(221,70,76,'CoachBookRecord',2,NULL,'200.00','400.00',NULL,'10.0','400.00',NULL,NULL),(222,68,3,'Good',1,NULL,'700.00','700.00',NULL,'10.0','700.00',49,1),(223,68,4,'Good',1,NULL,'5000.00','5000.00',NULL,'10.0','5000.00',49,1),(224,71,77,'CourtBookRecord',1,NULL,NULL,'50.00',1,'10.0','100.00',NULL,NULL),(226,71,79,'CoachBookRecord',1,NULL,'200.00','200.00',NULL,'10.0','200.00',NULL,NULL),(227,72,80,'CourtBookRecord',1,NULL,NULL,'50.00',1,'10.0','100.00',NULL,NULL),(228,73,81,'CourtBookRecord',2,NULL,NULL,'200.00',2,'10.0','600.00',NULL,NULL),(229,73,82,'CoachBookRecord',2,NULL,'200.00','400.00',NULL,'10.0','400.00',NULL,NULL),(230,73,3,'Good',1,NULL,'700.00','700.00',NULL,'10.0','700.00',NULL,NULL),(231,75,84,'CourtBookRecord',1,NULL,NULL,'100.00',1,'10.0','100.00',NULL,NULL),(232,76,85,'CourtBookRecord',1,NULL,NULL,'100.00',1,'10.0','100.00',NULL,NULL),(233,77,86,'CourtBookRecord',1,NULL,NULL,'70.00',1,'10.0','200.00',NULL,NULL),(234,78,87,'CourtBookRecord',1,NULL,NULL,'100.00',1,'10.0','100.00',NULL,NULL),(235,79,88,'CourtBookRecord',1,NULL,NULL,'100.00',1,'10.0','100.00',NULL,NULL),(236,80,89,'CourtBookRecord',1,NULL,NULL,'100.00',1,'10.0','100.00',NULL,NULL),(237,81,90,'CourtBookRecord',1,NULL,NULL,'100.00',1,'10.0','100.00',NULL,NULL),(238,82,91,'CourtBookRecord',1,NULL,NULL,'100.00',1,'10.0','100.00',NULL,NULL),(239,83,92,'CourtBookRecord',1,NULL,NULL,'100.00',1,'10.0','100.00',NULL,NULL),(240,84,93,'CourtBookRecord',1,NULL,NULL,'100.00',1,'10.0','100.00',NULL,NULL),(241,85,94,'CourtBookRecord',1,NULL,NULL,'100.00',1,'10.0','100.00',NULL,NULL),(242,86,95,'CourtBookRecord',1,NULL,NULL,'100.00',1,'10.0','100.00',NULL,NULL),(243,87,96,'CourtBookRecord',1,NULL,NULL,'100.00',1,'10.0','100.00',NULL,NULL),(244,88,97,'CourtBookRecord',1,NULL,NULL,'100.00',1,'10.0','100.00',NULL,NULL),(245,89,98,'CourtBookRecord',1,NULL,NULL,'100.00',1,'10.0','100.00',NULL,NULL),(246,90,99,'CourtBookRecord',1,NULL,NULL,'100.00',1,'10.0','100.00',NULL,NULL),(247,91,100,'CourtBookRecord',1,NULL,NULL,'100.00',1,'10.0','100.00',NULL,NULL),(248,92,101,'CourtBookRecord',1,NULL,NULL,'100.00',1,'10.0','100.00',NULL,NULL),(249,93,102,'CourtBookRecord',1,NULL,NULL,'100.00',1,'10.0','100.00',NULL,NULL),(250,94,103,'CourtBookRecord',1,NULL,NULL,'100.00',1,'10.0','100.00',NULL,NULL),(251,95,104,'CourtBookRecord',1,NULL,NULL,'100.00',1,'10.0','100.00',NULL,NULL),(252,96,105,'CourtBookRecord',1,NULL,NULL,'100.00',1,'10.0','100.00',NULL,NULL),(253,97,106,'CourtBookRecord',1,NULL,NULL,'100.00',1,'10.0','100.00',NULL,NULL),(254,98,107,'CourtBookRecord',1,NULL,NULL,'100.00',1,'10.0','100.00',NULL,NULL),(255,99,108,'CourtBookRecord',1,NULL,NULL,'100.00',1,'10.0','100.00',NULL,NULL),(256,100,109,'CourtBookRecord',1,NULL,NULL,'100.00',1,'10.0','100.00',NULL,NULL),(257,101,110,'CourtBookRecord',1,NULL,NULL,'100.00',1,'10.0','100.00',NULL,NULL),(258,102,111,'CourtBookRecord',1,NULL,NULL,'100.00',1,'10.0','100.00',NULL,NULL),(259,103,112,'CourtBookRecord',1,NULL,NULL,'100.00',1,'10.0','100.00',NULL,NULL),(260,74,83,'CourtBookRecord',1,NULL,NULL,'100.00',1,'10.0','100.00',50,1),(261,74,3,'Good',1,NULL,'700.00','700.00',NULL,'10.0','700.00',50,1),(262,104,1,'Good',2,NULL,'5.00','10.00',NULL,'10.0','10.00',51,1),(263,105,2,'Good',3,NULL,'7.00','21.00',NULL,'10.0','21.00',52,1),(264,106,113,'CourtBookRecord',1,NULL,NULL,'240.00',1,'10.0','300.00',NULL,NULL),(267,107,116,'CourtBookRecord',2,NULL,NULL,'200.00',2,NULL,'2.00',55,1),(269,106,118,'CoachBookRecord',1,NULL,'200.00','200.00',NULL,'10.0','200.00',NULL,NULL),(270,106,119,'CoachBookRecord',1,NULL,'200.00','200.00',NULL,'10.0','200.00',NULL,NULL),(271,109,122,'CourtBookRecord',2,NULL,NULL,'140.00',2,'10.0','140.00',NULL,NULL),(272,109,123,'CoachBookRecord',2,NULL,'200.00','400.00',NULL,'10.0','400.00',NULL,NULL),(273,110,124,'CourtBookRecord',2,NULL,NULL,'140.00',2,'10.0','140.00',NULL,NULL),(274,110,125,'CoachBookRecord',2,NULL,'200.00','400.00',NULL,'10.0','400.00',NULL,NULL),(275,111,126,'CourtBookRecord',2,NULL,NULL,'140.00',2,'10.0','140.00',NULL,NULL),(276,111,127,'CoachBookRecord',2,NULL,'200.00','400.00',NULL,'10.0','400.00',NULL,NULL),(277,112,128,'CourtBookRecord',2,NULL,NULL,'140.00',2,'10.0','140.00',NULL,NULL),(278,112,129,'CoachBookRecord',2,NULL,'200.00','400.00',NULL,'10.0','400.00',NULL,NULL),(279,113,130,'CourtBookRecord',2,NULL,NULL,'140.00',2,'10.0','140.00',NULL,NULL),(280,113,131,'CoachBookRecord',2,NULL,'200.00','400.00',NULL,'10.0','400.00',NULL,NULL),(281,114,132,'CourtBookRecord',2,NULL,NULL,'140.00',2,'10.0','140.00',NULL,NULL),(282,114,133,'CoachBookRecord',2,NULL,'200.00','400.00',NULL,'10.0','400.00',NULL,NULL),(283,115,134,'CourtBookRecord',2,NULL,NULL,'140.00',2,'10.0','140.00',NULL,NULL),(284,115,135,'CoachBookRecord',2,NULL,'200.00','400.00',NULL,'10.0','400.00',NULL,NULL),(285,116,136,'CourtBookRecord',2,NULL,NULL,'140.00',2,'10.0','140.00',NULL,NULL),(286,116,137,'CoachBookRecord',2,NULL,'200.00','400.00',NULL,'10.0','400.00',NULL,NULL),(287,117,138,'CourtBookRecord',2,NULL,NULL,'140.00',2,'10.0','140.00',NULL,NULL),(288,117,139,'CoachBookRecord',2,NULL,'200.00','400.00',NULL,'10.0','400.00',NULL,NULL),(289,118,140,'CourtBookRecord',2,NULL,NULL,'140.00',2,'10.0','140.00',NULL,NULL),(290,118,141,'CoachBookRecord',2,NULL,'200.00','400.00',NULL,'10.0','400.00',NULL,NULL),(291,119,142,'CourtBookRecord',2,NULL,NULL,'140.00',2,'10.0','140.00',NULL,NULL),(292,119,143,'CoachBookRecord',2,NULL,'200.00','400.00',NULL,'10.0','400.00',NULL,NULL),(293,120,144,'CourtBookRecord',2,NULL,NULL,'140.00',2,'10.0','140.00',NULL,NULL),(294,120,145,'CoachBookRecord',2,NULL,'200.00','400.00',NULL,'10.0','400.00',NULL,NULL),(295,121,146,'CourtBookRecord',2,NULL,NULL,'140.00',2,'10.0','140.00',NULL,NULL),(296,121,147,'CoachBookRecord',2,NULL,'200.00','400.00',NULL,'10.0','400.00',NULL,NULL),(297,122,148,'CourtBookRecord',2,NULL,NULL,'140.00',2,'10.0','140.00',NULL,NULL),(298,122,149,'CoachBookRecord',2,NULL,'200.00','400.00',NULL,'10.0','400.00',NULL,NULL),(299,123,150,'CourtBookRecord',2,NULL,NULL,'140.00',2,'10.0','140.00',NULL,NULL),(300,123,151,'CoachBookRecord',2,NULL,'200.00','400.00',NULL,'10.0','400.00',NULL,NULL),(301,124,152,'CourtBookRecord',2,NULL,NULL,'140.00',2,'10.0','140.00',NULL,NULL),(302,124,153,'CoachBookRecord',2,NULL,'200.00','400.00',NULL,'10.0','400.00',NULL,NULL),(303,125,154,'CourtBookRecord',2,NULL,NULL,'140.00',2,'10.0','140.00',NULL,NULL),(304,125,155,'CoachBookRecord',2,NULL,'200.00','400.00',NULL,'10.0','400.00',NULL,NULL),(305,126,156,'CourtBookRecord',2,NULL,NULL,'140.00',2,'10.0','140.00',NULL,NULL),(306,126,157,'CoachBookRecord',2,NULL,'200.00','400.00',NULL,'10.0','400.00',NULL,NULL),(307,127,158,'CourtBookRecord',2,NULL,NULL,'140.00',2,'10.0','140.00',NULL,NULL),(308,127,159,'CoachBookRecord',2,NULL,'200.00','400.00',NULL,'10.0','400.00',NULL,NULL),(309,128,160,'CourtBookRecord',2,NULL,NULL,'140.00',2,'10.0','140.00',NULL,NULL),(310,128,161,'CoachBookRecord',2,NULL,'200.00','400.00',NULL,'10.0','400.00',NULL,NULL),(311,129,162,'CourtBookRecord',2,NULL,NULL,'140.00',2,'10.0','140.00',NULL,NULL),(312,129,163,'CoachBookRecord',2,NULL,'200.00','400.00',NULL,'10.0','400.00',NULL,NULL),(313,130,164,'CourtBookRecord',2,NULL,NULL,'140.00',2,'10.0','140.00',NULL,NULL),(314,130,165,'CoachBookRecord',2,NULL,'200.00','400.00',NULL,'10.0','400.00',NULL,NULL),(315,131,166,'CourtBookRecord',2,NULL,NULL,'140.00',2,'10.0','140.00',NULL,NULL),(316,131,167,'CoachBookRecord',2,NULL,'200.00','400.00',NULL,'10.0','400.00',NULL,NULL),(317,132,168,'CourtBookRecord',2,NULL,NULL,'140.00',2,'10.0','140.00',NULL,NULL),(318,132,169,'CoachBookRecord',2,NULL,'200.00','400.00',NULL,'10.0','400.00',NULL,NULL),(319,133,170,'CourtBookRecord',2,NULL,NULL,'140.00',2,'10.0','140.00',NULL,NULL),(320,133,171,'CoachBookRecord',2,NULL,'200.00','400.00',NULL,'10.0','400.00',NULL,NULL),(321,134,172,'CourtBookRecord',2,NULL,NULL,'140.00',2,'10.0','140.00',NULL,NULL),(322,134,173,'CoachBookRecord',2,NULL,'200.00','400.00',NULL,'10.0','400.00',NULL,NULL),(323,135,174,'CourtBookRecord',2,NULL,NULL,'140.00',2,'10.0','140.00',NULL,NULL),(324,135,175,'CoachBookRecord',2,NULL,'200.00','400.00',NULL,'10.0','400.00',NULL,NULL),(325,136,176,'CourtBookRecord',2,NULL,NULL,'140.00',2,'10.0','140.00',NULL,NULL),(326,136,177,'CoachBookRecord',2,NULL,'200.00','400.00',NULL,'10.0','400.00',NULL,NULL),(327,137,178,'CourtBookRecord',2,NULL,NULL,'140.00',2,'10.0','140.00',NULL,NULL),(328,137,179,'CoachBookRecord',2,NULL,'200.00','400.00',NULL,'10.0','400.00',NULL,NULL),(329,138,180,'CourtBookRecord',2,NULL,NULL,'140.00',2,'10.0','140.00',NULL,NULL),(330,138,181,'CoachBookRecord',2,NULL,'200.00','400.00',NULL,'10.0','400.00',NULL,NULL),(331,139,182,'CourtBookRecord',2,NULL,NULL,'140.00',2,'10.0','140.00',NULL,NULL),(332,139,183,'CoachBookRecord',2,NULL,'200.00','400.00',NULL,'10.0','400.00',NULL,NULL),(333,140,184,'CourtBookRecord',2,NULL,NULL,'140.00',2,'10.0','140.00',NULL,NULL),(334,140,185,'CoachBookRecord',2,NULL,'200.00','400.00',NULL,'10.0','400.00',NULL,NULL),(335,141,186,'CourtBookRecord',2,NULL,NULL,'140.00',2,'10.0','140.00',NULL,NULL),(336,141,187,'CoachBookRecord',2,NULL,'200.00','400.00',NULL,'10.0','400.00',NULL,NULL),(337,142,188,'CourtBookRecord',2,NULL,NULL,'140.00',2,'10.0','140.00',NULL,NULL),(338,142,189,'CoachBookRecord',2,NULL,'200.00','400.00',NULL,'10.0','400.00',NULL,NULL),(339,143,190,'CourtBookRecord',2,NULL,NULL,'140.00',2,'10.0','140.00',NULL,NULL),(340,143,191,'CoachBookRecord',2,NULL,'200.00','400.00',NULL,'10.0','400.00',NULL,NULL),(341,144,192,'CourtBookRecord',2,NULL,NULL,'140.00',2,'10.0','140.00',NULL,NULL),(342,144,193,'CoachBookRecord',2,NULL,'200.00','400.00',NULL,'10.0','400.00',NULL,NULL),(343,145,194,'CourtBookRecord',2,NULL,NULL,'140.00',2,'10.0','140.00',NULL,NULL),(344,145,195,'CoachBookRecord',2,NULL,'200.00','400.00',NULL,'10.0','400.00',NULL,NULL),(345,146,196,'CourtBookRecord',2,NULL,NULL,'140.00',2,'10.0','140.00',NULL,NULL),(346,146,197,'CoachBookRecord',2,NULL,'200.00','400.00',NULL,'10.0','400.00',NULL,NULL),(347,147,198,'CourtBookRecord',2,NULL,NULL,'140.00',2,'10.0','140.00',NULL,NULL),(348,147,199,'CoachBookRecord',2,NULL,'200.00','400.00',NULL,'10.0','400.00',NULL,NULL),(349,148,200,'CourtBookRecord',2,NULL,NULL,'140.00',2,'10.0','140.00',NULL,NULL),(350,148,201,'CoachBookRecord',2,NULL,'200.00','400.00',NULL,'10.0','400.00',NULL,NULL),(351,149,202,'CourtBookRecord',2,NULL,NULL,'140.00',2,'10.0','140.00',NULL,NULL),(352,149,203,'CoachBookRecord',2,NULL,'200.00','400.00',NULL,'10.0','400.00',NULL,NULL),(353,150,204,'CourtBookRecord',2,NULL,NULL,'140.00',2,'10.0','140.00',NULL,NULL),(354,150,205,'CoachBookRecord',2,NULL,'200.00','400.00',NULL,'10.0','400.00',NULL,NULL),(355,151,206,'CourtBookRecord',2,NULL,NULL,'140.00',2,'10.0','140.00',NULL,NULL),(356,151,207,'CoachBookRecord',2,NULL,'200.00','400.00',NULL,'10.0','400.00',NULL,NULL),(357,152,208,'CourtBookRecord',2,NULL,NULL,'140.00',2,'10.0','140.00',NULL,NULL),(358,152,209,'CoachBookRecord',2,NULL,'200.00','400.00',NULL,'10.0','400.00',NULL,NULL),(359,153,210,'CourtBookRecord',2,NULL,NULL,'140.00',2,'10.0','140.00',NULL,NULL),(360,153,211,'CoachBookRecord',2,NULL,'200.00','400.00',NULL,'10.0','400.00',NULL,NULL),(361,154,212,'CourtBookRecord',2,NULL,NULL,'140.00',2,'10.0','140.00',NULL,NULL),(362,154,213,'CoachBookRecord',2,NULL,'200.00','400.00',NULL,'10.0','400.00',NULL,NULL),(363,108,120,'CourtBookRecord',2,NULL,NULL,'140.00',2,'10.0','140.00',53,1),(364,108,121,'CoachBookRecord',2,NULL,'200.00','400.00',NULL,'10.0','400.00',53,1),(365,108,1,'Good',1,NULL,'5.00','5.00',NULL,'10.0','5.00',53,1),(366,108,2,'Good',1,NULL,'7.00','7.00',NULL,'10.0','7.00',53,1),(369,155,216,'CourtBookRecord',1,NULL,NULL,'100.00',1,'10.0','200.00',NULL,NULL),(370,156,217,'CourtBookRecord',1,NULL,NULL,'70.00',1,NULL,'1.00',54,1),(371,107,218,'CoachBookRecord',2,NULL,'200.00','400.00',NULL,'10.0','400.00',56,1),(372,157,219,'CourtBookRecord',1,NULL,NULL,'70.00',1,'10.0','300.00',NULL,NULL),(373,158,220,'CourtBookRecord',2,NULL,NULL,'320.00',2,'10.0','400.00',NULL,NULL),(374,159,221,'CourtBookRecord',2,NULL,NULL,'200.00',2,'10.0','600.00',NULL,NULL),(375,160,222,'CourtBookRecord',1,NULL,NULL,'240.00',1,'10.0','300.00',NULL,NULL),(376,107,3,'Good',1,NULL,'700.00','700.00',NULL,'8.0','560.00',56,1),(377,161,223,'CourtBookRecord',1,NULL,NULL,'50.00',1,'10.0','50.00',NULL,NULL),(378,162,224,'CourtBookRecord',1,NULL,NULL,'300.00',1,'10.0','300.00',NULL,NULL),(379,163,225,'CourtBookRecord',1,NULL,NULL,'70.00',1,'10.0','300.00',NULL,NULL),(380,164,226,'CourtBookRecord',1,NULL,NULL,'100.00',1,'10.0','100.00',NULL,NULL),(381,165,227,'CourtBookRecord',1,NULL,NULL,'300.00',1,'10.0','300.00',NULL,NULL),(382,165,228,'CoachBookRecord',1,NULL,'200.00','200.00',NULL,'10.0','200.00',NULL,NULL),(396,177,242,'CourtBookRecord',10,NULL,NULL,'2400.00',10,'10.0','2400.00',60,1),(397,178,243,'CourtBookRecord',1,NULL,NULL,'100.00',1,'10.0','100.00',61,1),(398,179,244,'CourtBookRecord',1,NULL,NULL,'70.00',1,'10.0','70.00',NULL,NULL),(399,180,245,'CourtBookRecord',2,NULL,NULL,'60.00',2,'10.0','60.00',62,1),(400,180,1,'Good',2,NULL,'5.00','10.00',NULL,'10.0','10.00',62,1),(401,180,2,'Good',2,NULL,'7.00','14.00',NULL,'10.0','14.00',63,1),(402,181,246,'CourtBookRecord',2,NULL,NULL,'60.00',2,'10.0','120.00',NULL,NULL),(403,181,1,'Good',2,NULL,'5.00','10.00',NULL,'10.0','10.00',NULL,NULL),(404,181,2,'Good',0,NULL,'7.00','0.00',NULL,'10.0','0.00',NULL,NULL),(405,182,1,'Good',1,NULL,'5.00','5.00',NULL,'10.0','5.00',NULL,NULL),(406,182,5,'Good',1,NULL,'5.00','5.00',NULL,'10.0','5.00',NULL,NULL),(407,183,3,'Good',1,NULL,'700.00','700.00',NULL,'10.0','700.00',NULL,NULL),(408,184,5,'Good',1,NULL,'5.00','5.00',NULL,'10.0','5.00',NULL,NULL),(409,185,5,'Good',1,NULL,'5.00','5.00',NULL,'10.0','5.00',NULL,NULL),(410,186,247,'CourtBookRecord',1,NULL,NULL,'30.00',1,'10.0','30.00',64,1),(440,216,4,'Good',1,NULL,'5000.00','5000.00',NULL,'10.0','5000.00',NULL,NULL),(441,217,1,'Good',2,NULL,'5.00','10.00',NULL,'9.0','9.00',66,1),(442,218,277,'CourtBookRecord',2,NULL,NULL,'100.00',2,'10.0','100.00',77,1),(443,219,2,'Good',1,NULL,'7.00','7.00',NULL,'10.0','7.00',74,1),(444,221,279,'CourtBookRecord',1,NULL,NULL,'50.00',1,'10.0','100.00',NULL,NULL),(453,230,288,'CourtBookRecord',2,NULL,NULL,'100.00',2,'10.0','100.00',NULL,NULL),(454,231,289,'CourtBookRecord',2,NULL,NULL,'100.00',2,'10.0','100.00',NULL,NULL),(455,232,290,'CourtBookRecord',2,NULL,NULL,'100.00',2,'10.0','100.00',NULL,NULL),(456,233,291,'CourtBookRecord',2,NULL,NULL,'100.00',2,'10.0','100.00',NULL,NULL),(457,234,292,'CourtBookRecord',2,NULL,NULL,'100.00',2,'10.0','100.00',NULL,NULL),(458,235,293,'CourtBookRecord',2,NULL,NULL,'100.00',2,'10.0','100.00',NULL,NULL),(459,236,294,'CourtBookRecord',2,NULL,NULL,'100.00',2,'10.0','100.00',NULL,NULL),(460,237,295,'CourtBookRecord',2,NULL,NULL,'100.00',2,'10.0','100.00',NULL,NULL),(461,238,296,'CourtBookRecord',2,NULL,NULL,'100.00',2,'10.0','100.00',NULL,NULL),(462,239,297,'CourtBookRecord',2,NULL,NULL,'100.00',2,'10.0','100.00',NULL,NULL),(463,240,298,'CourtBookRecord',2,NULL,NULL,'100.00',2,'10.0','100.00',NULL,NULL),(464,241,299,'CourtBookRecord',2,NULL,NULL,'100.00',2,'10.0','100.00',NULL,NULL),(465,242,300,'CourtBookRecord',2,NULL,NULL,'100.00',2,'10.0','100.00',NULL,NULL),(466,243,301,'CourtBookRecord',2,NULL,NULL,'100.00',2,'10.0','100.00',NULL,NULL),(467,244,302,'CourtBookRecord',2,NULL,NULL,'100.00',2,'10.0','100.00',NULL,NULL),(468,245,303,'CourtBookRecord',2,NULL,NULL,'100.00',2,'10.0','100.00',NULL,NULL),(469,246,304,'CourtBookRecord',2,NULL,NULL,'100.00',2,'10.0','100.00',NULL,NULL),(470,247,305,'CourtBookRecord',2,NULL,NULL,'100.00',2,'10.0','100.00',NULL,NULL),(471,248,306,'CourtBookRecord',2,NULL,NULL,'100.00',2,'10.0','100.00',NULL,NULL),(472,249,307,'CourtBookRecord',2,NULL,NULL,'100.00',2,'10.0','100.00',NULL,NULL),(473,250,308,'CourtBookRecord',2,NULL,NULL,'100.00',2,'10.0','100.00',NULL,NULL),(474,251,309,'CourtBookRecord',2,NULL,NULL,'100.00',2,'10.0','100.00',NULL,NULL),(475,252,310,'CourtBookRecord',2,NULL,NULL,'100.00',2,'10.0','100.00',NULL,NULL),(476,253,311,'CourtBookRecord',2,NULL,NULL,'100.00',2,'10.0','100.00',NULL,NULL),(477,254,312,'CourtBookRecord',2,NULL,NULL,'100.00',2,'10.0','100.00',NULL,NULL),(478,255,313,'CourtBookRecord',2,NULL,NULL,'100.00',2,'10.0','100.00',NULL,NULL),(479,256,314,'CourtBookRecord',2,NULL,NULL,'100.00',2,'10.0','100.00',NULL,NULL),(480,257,315,'CourtBookRecord',2,NULL,NULL,'100.00',2,'10.0','100.00',NULL,NULL),(481,258,316,'CourtBookRecord',2,NULL,NULL,'100.00',2,'10.0','100.00',NULL,NULL),(482,259,317,'CourtBookRecord',2,NULL,NULL,'100.00',2,'10.0','100.00',NULL,NULL),(483,260,318,'CourtBookRecord',2,NULL,NULL,'100.00',2,'10.0','100.00',NULL,NULL),(484,261,319,'CourtBookRecord',2,NULL,NULL,'100.00',2,'10.0','100.00',NULL,NULL),(485,262,320,'CourtBookRecord',2,NULL,NULL,'100.00',2,'10.0','100.00',NULL,NULL),(486,263,321,'CourtBookRecord',2,NULL,NULL,'100.00',2,'10.0','100.00',NULL,NULL),(487,264,322,'CourtBookRecord',2,NULL,NULL,'100.00',2,'10.0','100.00',NULL,NULL),(488,265,323,'CourtBookRecord',2,NULL,NULL,'100.00',2,'10.0','100.00',NULL,NULL),(489,266,324,'CourtBookRecord',2,NULL,NULL,'100.00',2,'10.0','100.00',NULL,NULL),(490,267,325,'CourtBookRecord',2,NULL,NULL,'100.00',2,'10.0','100.00',NULL,NULL),(491,268,326,'CourtBookRecord',2,NULL,NULL,'100.00',2,'10.0','100.00',NULL,NULL),(492,269,327,'CourtBookRecord',2,NULL,NULL,'100.00',2,'10.0','100.00',NULL,NULL),(493,270,328,'CourtBookRecord',2,NULL,NULL,'100.00',2,'10.0','100.00',NULL,NULL),(494,271,329,'CourtBookRecord',2,NULL,NULL,'100.00',2,'10.0','100.00',NULL,NULL),(495,272,330,'CourtBookRecord',2,NULL,NULL,'100.00',2,'10.0','100.00',NULL,NULL),(496,273,331,'CourtBookRecord',2,NULL,NULL,'100.00',2,'10.0','100.00',NULL,NULL),(497,274,332,'CourtBookRecord',2,NULL,NULL,'100.00',2,'10.0','100.00',NULL,NULL),(498,220,278,'CourtBookRecord',2,NULL,NULL,'140.00',2,'10.0','140.00',80,1),(509,286,344,'CourtBookRecord',1,NULL,NULL,'70.00',1,'10.0','70.00',NULL,NULL),(510,287,345,'CourtBookRecord',1,NULL,NULL,'70.00',1,'10.0','70.00',NULL,NULL),(511,288,346,'CourtBookRecord',1,NULL,NULL,'70.00',1,'10.0','70.00',NULL,NULL),(512,289,347,'CourtBookRecord',1,NULL,NULL,'70.00',1,'10.0','70.00',NULL,NULL),(513,290,348,'CourtBookRecord',1,NULL,NULL,'70.00',1,'10.0','70.00',NULL,NULL),(514,291,349,'CourtBookRecord',1,NULL,NULL,'70.00',1,'10.0','70.00',NULL,NULL),(515,292,350,'CourtBookRecord',1,NULL,NULL,'70.00',1,'10.0','70.00',NULL,NULL),(516,293,351,'CourtBookRecord',1,NULL,NULL,'70.00',1,'10.0','70.00',NULL,NULL),(517,294,352,'CourtBookRecord',1,NULL,NULL,'70.00',1,'10.0','70.00',NULL,NULL),(518,295,353,'CourtBookRecord',1,NULL,NULL,'70.00',1,'10.0','70.00',NULL,NULL),(519,296,354,'CourtBookRecord',1,NULL,NULL,'70.00',1,'10.0','70.00',NULL,NULL),(520,297,355,'CourtBookRecord',1,NULL,NULL,'70.00',1,'10.0','70.00',NULL,NULL),(521,298,356,'CourtBookRecord',1,NULL,NULL,'70.00',1,'10.0','70.00',NULL,NULL),(522,299,357,'CourtBookRecord',1,NULL,NULL,'70.00',1,'10.0','70.00',NULL,NULL),(523,300,358,'CourtBookRecord',1,NULL,NULL,'70.00',1,'10.0','70.00',NULL,NULL),(524,301,359,'CourtBookRecord',1,NULL,NULL,'70.00',1,'10.0','70.00',NULL,NULL),(525,302,360,'CourtBookRecord',1,NULL,NULL,'70.00',1,'10.0','70.00',NULL,NULL),(526,303,361,'CourtBookRecord',1,NULL,NULL,'70.00',1,'10.0','70.00',NULL,NULL),(527,304,362,'CourtBookRecord',1,NULL,NULL,'70.00',1,'10.0','70.00',NULL,NULL),(528,305,363,'CourtBookRecord',1,NULL,NULL,'70.00',1,'10.0','70.00',NULL,NULL),(529,306,364,'CourtBookRecord',1,NULL,NULL,'70.00',1,'10.0','70.00',NULL,NULL),(530,307,365,'CourtBookRecord',1,NULL,NULL,'70.00',1,'10.0','70.00',NULL,NULL),(531,308,366,'CourtBookRecord',1,NULL,NULL,'70.00',1,'10.0','70.00',NULL,NULL),(532,309,367,'CourtBookRecord',1,NULL,NULL,'70.00',1,'10.0','70.00',NULL,NULL),(533,310,368,'CourtBookRecord',1,NULL,NULL,'70.00',1,'10.0','70.00',NULL,NULL),(534,311,369,'CourtBookRecord',1,NULL,NULL,'70.00',1,'10.0','70.00',NULL,NULL),(535,312,370,'CourtBookRecord',1,NULL,NULL,'70.00',1,'10.0','70.00',NULL,NULL),(536,313,371,'CourtBookRecord',1,NULL,NULL,'70.00',1,'10.0','70.00',NULL,NULL),(537,314,372,'CourtBookRecord',1,NULL,NULL,'70.00',1,'10.0','70.00',NULL,NULL),(538,315,373,'CourtBookRecord',1,NULL,NULL,'70.00',1,'10.0','70.00',NULL,NULL),(539,316,374,'CourtBookRecord',1,NULL,NULL,'70.00',1,'10.0','70.00',NULL,NULL),(540,317,375,'CourtBookRecord',1,NULL,NULL,'70.00',1,'10.0','70.00',NULL,NULL),(541,318,376,'CourtBookRecord',1,NULL,NULL,'70.00',1,'10.0','70.00',NULL,NULL),(542,319,377,'CourtBookRecord',1,NULL,NULL,'70.00',1,'10.0','70.00',NULL,NULL),(543,320,378,'CourtBookRecord',1,NULL,NULL,'70.00',1,'10.0','70.00',NULL,NULL),(544,321,379,'CourtBookRecord',1,NULL,NULL,'70.00',1,'10.0','70.00',NULL,NULL),(545,322,380,'CourtBookRecord',1,NULL,NULL,'70.00',1,'10.0','70.00',NULL,NULL),(546,323,381,'CourtBookRecord',1,NULL,NULL,'70.00',1,'10.0','70.00',NULL,NULL),(547,324,382,'CourtBookRecord',1,NULL,NULL,'70.00',1,'10.0','70.00',NULL,NULL),(548,325,383,'CourtBookRecord',1,NULL,NULL,'70.00',1,'10.0','70.00',NULL,NULL),(549,326,384,'CourtBookRecord',1,NULL,NULL,'70.00',1,'10.0','70.00',NULL,NULL),(550,327,385,'CourtBookRecord',1,NULL,NULL,'70.00',1,'10.0','70.00',NULL,NULL),(551,328,386,'CourtBookRecord',1,NULL,NULL,'70.00',1,'10.0','70.00',NULL,NULL),(552,329,387,'CourtBookRecord',1,NULL,NULL,'70.00',1,'10.0','70.00',NULL,NULL),(553,275,333,'CourtBookRecord',1,NULL,NULL,'70.00',1,'10.0','70.00',NULL,NULL),(554,330,2,'Good',1,NULL,'7.00','7.00',NULL,'10.0','7.00',76,1),(555,330,3,'Good',1,NULL,'700.00','700.00',NULL,'10.0','700.00',76,1),(561,332,393,'CourtBookRecord',3,NULL,NULL,'210.00',3,'10.0','210.00',81,1),(562,332,394,'CoachBookRecord',3,NULL,'200.00','600.00',NULL,'10.0','600.00',81,1),(563,333,395,'CourtBookRecord',4,NULL,NULL,'370.00',4,'10.0','1100.00',82,1),(568,333,1,'Good',2,NULL,'5.00','10.00',NULL,'10.0','10.00',82,1),(569,333,2,'Good',2,NULL,'7.00','14.00',NULL,'10.0','14.00',82,1),(570,337,400,'CourtBookRecord',1,NULL,NULL,'60.00',1,'10.0','60.00',83,1),(574,339,402,'CourtBookRecord',2,NULL,NULL,'100.00',2,'10.0','100.00',97,1),(575,340,403,'CourtBookRecord',3,NULL,NULL,'150.00',3,'10.0','150.00',86,1),(576,339,1,'Good',7,NULL,'5.00','35.00',NULL,'10.0','35.00',97,1),(577,339,2,'Good',7,NULL,'7.00','49.00',NULL,'10.0','49.00',97,1),(585,345,410,'CourtBookRecord',1,NULL,NULL,'70.00',1,'10.0','70.00',96,1),(587,347,412,'CourtBookRecord',1,NULL,NULL,'50.00',1,'10.0','50.00',89,1),(588,347,5,'Good',10,NULL,'5.00','50.00',NULL,'10.0','50.00',89,1),(589,348,413,'CourtBookRecord',1,NULL,NULL,'50.00',1,'10.0','50.00',90,1),(590,348,5,'Good',3,NULL,'5.00','15.00',NULL,'10.0','15.00',90,1),(591,348,1,'Good',10,NULL,'5.00','50.00',NULL,'10.0','50.00',90,1),(596,351,1,'Good',2,NULL,'5.00','10.00',NULL,'10.0','10.00',93,1),(597,352,1,'Good',3,NULL,'5.00','15.00',NULL,'10.0','15.00',94,1),(598,352,3,'Good',1,NULL,'700.00','700.00',NULL,'10.0','700.00',94,1),(601,354,417,'CourtBookRecord',1,NULL,NULL,'70.00',1,'10.0','70.00',98,1),(602,355,5,'Good',1,NULL,'5.00','5.00',NULL,'10.0','5.00',NULL,NULL),(603,355,4,'Good',1,NULL,'5000.00','5000.00',NULL,'10.0','5000.00',NULL,NULL),(604,356,1,'Good',1,NULL,'5.00','5.00',NULL,'10.0','5.00',NULL,NULL),(605,357,2,'Good',1,NULL,'7.00','7.00',NULL,'10.0','7.00',NULL,NULL),(606,358,3,'Good',1,NULL,'700.00','700.00',NULL,'10.0','700.00',NULL,NULL),(607,359,418,'CourtBookRecord',1,NULL,NULL,'180.00',1,'10.0','300.00',NULL,NULL),(608,359,421,'CoachBookRecord',1,NULL,'200.00','200.00',NULL,'10.0','200.00',NULL,NULL),(609,360,422,'CourtBookRecord',1,NULL,NULL,'50.00',1,'10.0','50.00',NULL,NULL),(610,360,423,'CoachBookRecord',1,NULL,'200.00','200.00',NULL,'10.0','200.00',NULL,NULL),(611,361,424,'CourtBookRecord',1,NULL,NULL,'30.00',1,NULL,'1.00',101,1),(612,362,425,'CourtBookRecord',1,NULL,NULL,'240.00',1,'10.0','240.00',102,1),(613,363,426,'CourtBookRecord',1,NULL,NULL,'240.00',1,'10.0','240.00',103,1),(614,364,427,'CourtBookRecord',1,NULL,NULL,'160.00',1,'10.0','200.00',NULL,NULL),(615,365,428,'CourtBookRecord',1,NULL,NULL,'240.00',1,'10.0','240.00',109,1),(616,366,429,'CourtBookRecord',1,NULL,NULL,'240.00',1,'10.0','240.00',NULL,NULL),(617,367,430,'CourtBookRecord',1,NULL,NULL,'160.00',1,'10.0','160.00',NULL,NULL),(618,368,8,'Good',1,NULL,'50.00','50.00',NULL,'0.6','30.00',104,1),(619,369,6,'Good',1,NULL,'30.00','30.00',NULL,'1.0','30.00',105,1),(620,370,1,'Good',1,NULL,'5.00','5.00',NULL,'1.0','5.00',106,1),(621,370,4,'Good',1,NULL,'5000.00','5000.00',NULL,'1.0','5000.00',106,1),(622,371,1,'Good',1,NULL,'5.00','5.00',NULL,'1.0','5.00',107,1),(623,372,4,'Good',1,NULL,'5000.00','5000.00',NULL,'1.0','5000.00',108,1),(624,372,2,'Good',2,NULL,'7.00','14.00',NULL,'0.9','12.60',108,1),(625,373,431,'CourtBookRecord',1,NULL,NULL,'30.00',1,'10.0','60.00',NULL,NULL),(626,373,432,'CoachBookRecord',1,NULL,'200.00','200.00',NULL,'10.0','200.00',NULL,NULL),(627,373,2,'Good',3,NULL,'7.00','21.00',NULL,'10.0','21.00',NULL,NULL),(628,373,3,'Good',1,NULL,'700.00','700.00',NULL,'10.0','700.00',NULL,NULL),(629,373,4,'Good',1,NULL,'5000.00','5000.00',NULL,'10.0','5000.00',NULL,NULL),(630,373,1,'Good',5,NULL,'5.00','25.00',NULL,'10.0','25.00',NULL,NULL),(631,374,8,'Good',1,NULL,'50.00','50.00',NULL,'1.0','50.00',110,1),(632,374,1,'Good',5,NULL,'5.00','25.00',NULL,'1.0','25.00',110,1);
/*!40000 ALTER TABLE `order_items` ENABLE KEYS */;
UNLOCK TABLES;

--
-- Table structure for table `orders`
--

DROP TABLE IF EXISTS `orders`;
SET @saved_cs_client     = @@character_set_client;
SET character_set_client = utf8;
CREATE TABLE `orders` (
  `id` int(11) NOT NULL auto_increment,
  `members_card_id` int(11) default NULL,
  `member_id` int(11) default NULL,
  `memo` varchar(255) collate utf8_unicode_ci default NULL,
  `type` varchar(255) collate utf8_unicode_ci default NULL,
  `created_at` datetime default NULL,
  `updated_at` datetime default NULL,
  `user_id` int(11) default NULL,
  `telephone` varchar(255) collate utf8_unicode_ci default NULL,
  `state` varchar(255) collate utf8_unicode_ci default NULL,
  `order_date` date default NULL,
  `is_member` tinyint(1) default NULL,
  `wdate` int(11) default NULL,
  `batch_number` varchar(255) collate utf8_unicode_ci default NULL,
  `end_date` date default NULL,
  `is_advance_order` tinyint(1) default NULL,
  PRIMARY KEY  (`id`)
) ENGINE=InnoDB AUTO_INCREMENT=375 DEFAULT CHARSET=utf8 COLLATE=utf8_unicode_ci;
SET character_set_client = @saved_cs_client;

--
-- Dumping data for table `orders`
--

LOCK TABLES `orders` WRITE;
/*!40000 ALTER TABLE `orders` DISABLE KEYS */;
INSERT INTO `orders` VALUES (1,15,11,'',NULL,'2012-06-06 07:02:43','2012-06-06 09:19:35',NULL,'13888888888','balanced','2012-06-06',1,NULL,'59f3ec0a735c4e8eb6a3d3b363d472cf60a6f91e','2012-06-06',NULL),(6,4,5,'',NULL,'2012-06-07 02:24:20','2012-06-07 02:24:50',NULL,'13832157997','balanced','2012-06-07',1,NULL,'734b0039e124011b1587f1bae8f78377c6be2494','2012-06-07',NULL),(7,4,5,'',NULL,'2012-06-07 02:36:18','2012-06-07 02:36:18',NULL,'13832157997','booked','2012-06-07',1,NULL,'d00872924f12efae55ccf772e487bfce4af93d6a','2012-06-07',NULL),(8,4,5,'',NULL,'2012-06-07 05:58:12','2012-06-07 05:58:12',NULL,'13832157997','booked','2012-06-07',1,NULL,'23ba296dd25bb1316078be06f103deeb8bc4f748','2012-06-07',NULL),(62,15,11,'',NULL,'2012-06-09 01:45:52','2012-06-09 01:48:32',NULL,'13888888888','balanced','2012-06-09',1,NULL,'3d83c178aaa4cd67853ba0847c0ca238750a3236','2012-06-09',NULL),(63,2,3,'',NULL,'2012-06-09 01:57:28','2012-06-09 01:57:35',NULL,'13834053992','balanced','2012-06-09',1,NULL,'557bad13f58202288064bafbf26a592c3ef9349b','2012-06-09',NULL),(64,5,6,'',NULL,'2012-06-09 02:00:11','2012-06-09 02:00:17',NULL,'13910795555','balanced','2012-06-09',1,NULL,'e55e23e907d1e2df76f637700c950f6f9610e784','2012-06-09',NULL),(65,15,11,'',NULL,'2012-06-09 02:03:29','2012-06-09 02:03:42',NULL,'13888888888','balanced','2012-06-09',1,NULL,'58915bdcb8e05873cb77fe5eb00608122af883b7','2012-06-09',NULL),(66,4,5,'',NULL,'2012-06-09 02:33:38','2012-06-09 02:33:46',NULL,'13832157997','balanced','2012-06-09',1,NULL,'58476ed8bca5d40dd12781ef8c2112cb0ae58dca','2012-06-09',NULL),(67,4,5,'',NULL,'2012-06-09 02:36:22','2012-06-09 02:36:36',NULL,'13832157997','balanced','2012-06-09',1,NULL,'6b176f000cb53450b5db55ddc89f21fecea60ea2','2012-06-09',NULL),(68,4,5,'',NULL,'2012-06-09 02:41:02','2012-06-09 02:41:35',NULL,'13832157997','balanced','2012-06-09',1,NULL,'646a2c33f376b3e3392ce5e336c03f295649ffbc','2012-06-09',NULL),(69,1,1,'',NULL,'2012-06-09 03:12:23','2012-06-09 04:08:59',NULL,'13834057997','balanced','2012-06-09',1,NULL,'b97e33970cc76efcd38cd7f903047181e99e3e67','2012-06-09',NULL),(70,5,6,'',NULL,'2012-06-09 03:12:34','2012-06-09 03:12:34',NULL,'13910795555','booked','2012-06-10',1,NULL,'fc3c863ea8b8133c4e4acbd20269e935546809a1','2012-06-10',NULL),(71,5,6,'',NULL,'2012-06-09 03:13:55','2012-06-09 03:15:22',NULL,'13910795555','activated','2012-06-10',1,NULL,'969d2e47dcb9823684bf7878feab0ee927cbf773','2012-06-10',NULL),(72,15,11,'',NULL,'2012-06-09 03:15:44','2012-06-09 03:17:21',NULL,'13888888888','to_be_sold','2012-06-10',1,NULL,'02384facf749bfecd5e139f92e5499b1f6d510e0','2012-06-10',NULL),(73,15,11,'',NULL,'2012-06-09 03:20:21','2012-06-09 03:20:31',NULL,'13888888888','activated','2012-06-10',1,NULL,'bc5f57ce4def029445b497852101ef4a3167fe8c','2012-06-10',NULL),(74,5,6,'',NULL,'2012-06-09 03:25:28','2012-06-09 03:28:20',NULL,'13910795555','balanced','2012-06-10',1,NULL,'23e9ed981f2afa793eb20c93e7c6f256cf160939','2012-12-31',1),(75,5,6,'',NULL,'2012-06-09 03:25:28','2012-06-09 03:25:28',NULL,'13910795555','booked','2012-06-10',1,NULL,'23e9ed981f2afa793eb20c93e7c6f256cf160939','2012-12-31',1),(76,5,6,'',NULL,'2012-06-09 03:25:28','2012-06-09 03:25:28',NULL,'13910795555','booked','2012-06-10',1,NULL,'23e9ed981f2afa793eb20c93e7c6f256cf160939','2012-12-31',1),(77,5,6,'',NULL,'2012-06-09 03:25:28','2012-07-01 03:46:53',NULL,'13910795555','activated','2012-06-10',1,NULL,'23e9ed981f2afa793eb20c93e7c6f256cf160939','2012-12-31',1),(78,5,6,'',NULL,'2012-06-09 03:25:28','2012-06-09 03:25:28',NULL,'13910795555','booked','2012-06-10',1,NULL,'23e9ed981f2afa793eb20c93e7c6f256cf160939','2012-12-31',1),(79,5,6,'',NULL,'2012-06-09 03:25:28','2012-06-09 03:25:28',NULL,'13910795555','booked','2012-06-10',1,NULL,'23e9ed981f2afa793eb20c93e7c6f256cf160939','2012-12-31',1),(80,5,6,'',NULL,'2012-06-09 03:25:28','2012-06-09 03:25:28',NULL,'13910795555','booked','2012-06-10',1,NULL,'23e9ed981f2afa793eb20c93e7c6f256cf160939','2012-12-31',1),(81,5,6,'',NULL,'2012-06-09 03:25:28','2012-06-09 03:25:28',NULL,'13910795555','booked','2012-06-10',1,NULL,'65411b93e8e30ea9b0f81a0c830cedba31a21fe2','2012-12-31',1),(82,5,6,'',NULL,'2012-06-09 03:25:28','2012-06-09 03:25:28',NULL,'13910795555','booked','2012-06-10',1,NULL,'65411b93e8e30ea9b0f81a0c830cedba31a21fe2','2012-12-31',1),(83,5,6,'',NULL,'2012-06-09 03:25:28','2012-06-09 03:25:28',NULL,'13910795555','booked','2012-06-10',1,NULL,'65411b93e8e30ea9b0f81a0c830cedba31a21fe2','2012-12-31',1),(84,5,6,'',NULL,'2012-06-09 03:25:28','2012-06-09 03:25:28',NULL,'13910795555','booked','2012-06-10',1,NULL,'65411b93e8e30ea9b0f81a0c830cedba31a21fe2','2012-12-31',1),(85,5,6,'',NULL,'2012-06-09 03:25:28','2012-06-09 03:25:28',NULL,'13910795555','booked','2012-06-10',1,NULL,'65411b93e8e30ea9b0f81a0c830cedba31a21fe2','2012-12-31',1),(86,5,6,'',NULL,'2012-06-09 03:25:28','2012-06-09 03:25:28',NULL,'13910795555','booked','2012-06-10',1,NULL,'65411b93e8e30ea9b0f81a0c830cedba31a21fe2','2012-12-31',1),(87,5,6,'',NULL,'2012-06-09 03:25:28','2012-06-09 03:25:28',NULL,'13910795555','booked','2012-06-10',1,NULL,'65411b93e8e30ea9b0f81a0c830cedba31a21fe2','2012-12-31',1),(88,5,6,'',NULL,'2012-06-09 03:25:28','2012-06-09 03:25:28',NULL,'13910795555','booked','2012-06-10',1,NULL,'65411b93e8e30ea9b0f81a0c830cedba31a21fe2','2012-12-31',1),(89,5,6,'',NULL,'2012-06-09 03:25:28','2012-06-09 03:25:28',NULL,'13910795555','booked','2012-06-10',1,NULL,'65411b93e8e30ea9b0f81a0c830cedba31a21fe2','2012-12-31',1),(90,5,6,'',NULL,'2012-06-09 03:25:28','2012-06-09 03:25:28',NULL,'13910795555','booked','2012-06-10',1,NULL,'65411b93e8e30ea9b0f81a0c830cedba31a21fe2','2012-12-31',1),(91,5,6,'',NULL,'2012-06-09 03:25:28','2012-06-09 03:25:28',NULL,'13910795555','booked','2012-06-10',1,NULL,'65411b93e8e30ea9b0f81a0c830cedba31a21fe2','2012-12-31',1),(92,5,6,'',NULL,'2012-06-09 03:25:28','2012-06-09 03:25:28',NULL,'13910795555','booked','2012-06-10',1,NULL,'65411b93e8e30ea9b0f81a0c830cedba31a21fe2','2012-12-31',1),(93,5,6,'',NULL,'2012-06-09 03:25:28','2012-06-09 03:25:28',NULL,'13910795555','booked','2012-06-10',1,NULL,'65411b93e8e30ea9b0f81a0c830cedba31a21fe2','2012-12-31',1),(94,5,6,'',NULL,'2012-06-09 03:25:28','2012-06-09 03:25:28',NULL,'13910795555','booked','2012-06-10',1,NULL,'65411b93e8e30ea9b0f81a0c830cedba31a21fe2','2012-12-31',1),(95,5,6,'',NULL,'2012-06-09 03:25:28','2012-06-09 03:25:28',NULL,'13910795555','booked','2012-06-10',1,NULL,'65411b93e8e30ea9b0f81a0c830cedba31a21fe2','2012-12-31',1),(96,5,6,'',NULL,'2012-06-09 03:25:28','2012-06-09 03:25:28',NULL,'13910795555','booked','2012-06-10',1,NULL,'65411b93e8e30ea9b0f81a0c830cedba31a21fe2','2012-12-31',1),(97,5,6,'',NULL,'2012-06-09 03:25:28','2012-06-09 03:25:28',NULL,'13910795555','booked','2012-06-10',1,NULL,'65411b93e8e30ea9b0f81a0c830cedba31a21fe2','2012-12-31',1),(98,5,6,'',NULL,'2012-06-09 03:25:28','2012-06-09 03:25:28',NULL,'13910795555','booked','2012-06-10',1,NULL,'65411b93e8e30ea9b0f81a0c830cedba31a21fe2','2012-12-31',1),(99,5,6,'',NULL,'2012-06-09 03:25:28','2012-06-09 03:25:28',NULL,'13910795555','booked','2012-06-10',1,NULL,'d3edd27ff784b8fd6e0c9060baf900a4362a854c','2012-12-31',1),(100,5,6,'',NULL,'2012-06-09 03:25:28','2012-06-09 03:25:28',NULL,'13910795555','booked','2012-06-10',1,NULL,'d3edd27ff784b8fd6e0c9060baf900a4362a854c','2012-12-31',1),(101,5,6,'',NULL,'2012-06-09 03:25:28','2012-06-09 03:25:28',NULL,'13910795555','booked','2012-06-10',1,NULL,'d3edd27ff784b8fd6e0c9060baf900a4362a854c','2012-12-31',1),(102,5,6,'',NULL,'2012-06-09 03:25:28','2012-06-09 03:25:28',NULL,'13910795555','booked','2012-06-10',1,NULL,'d3edd27ff784b8fd6e0c9060baf900a4362a854c','2012-12-31',1),(103,5,6,'',NULL,'2012-06-09 03:25:28','2012-06-09 03:25:28',NULL,'13910795555','booked','2012-06-10',1,NULL,'d3edd27ff784b8fd6e0c9060baf900a4362a854c','2012-12-31',1),(104,NULL,NULL,NULL,NULL,'2012-06-09 03:38:19','2012-06-09 03:38:19',1,NULL,'balanced',NULL,0,NULL,'e70a32fb1ca3b1e24f7c9e6cbcbe0aabe9342205',NULL,NULL),(105,NULL,NULL,NULL,NULL,'2012-06-09 03:39:51','2012-06-09 03:39:51',1,NULL,'balanced',NULL,0,NULL,'1ce1df520d64f88fe1bf354c4673199603a0924a',NULL,NULL),(106,1,1,'',NULL,'2012-06-09 03:56:37','2012-06-09 03:58:25',NULL,'13834057997','activated','2012-06-09',1,NULL,'e376b42f804debf16889610c9aa7f60db14a6e88','2012-06-09',NULL),(107,3,4,'',NULL,'2012-06-09 03:57:50','2012-06-09 04:40:33',NULL,'15811138560','balanced','2012-06-09',1,NULL,'7dd969d157176a3d62f78f36a70819974af0b10e','2012-06-09',NULL),(108,5,6,'',NULL,'2012-06-09 04:06:28','2012-06-09 04:07:00',NULL,'13910795555','balanced','2012-06-11',1,NULL,'0d8567df49a37d2228d5b456459745e399c4f440','2013-04-30',1),(109,5,6,'',NULL,'2012-06-09 04:06:28','2012-06-09 04:06:28',NULL,'13910795555','booked','2012-06-11',1,NULL,'0d8567df49a37d2228d5b456459745e399c4f440','2013-04-30',1),(110,5,6,'',NULL,'2012-06-09 04:06:28','2012-06-09 04:06:28',NULL,'13910795555','booked','2012-06-11',1,NULL,'0d8567df49a37d2228d5b456459745e399c4f440','2013-04-30',1),(111,5,6,'',NULL,'2012-06-09 04:06:28','2012-06-09 04:06:28',NULL,'13910795555','booked','2012-06-11',1,NULL,'0d8567df49a37d2228d5b456459745e399c4f440','2013-04-30',1),(112,5,6,'',NULL,'2012-06-09 04:06:28','2012-06-09 04:06:28',NULL,'13910795555','booked','2012-06-11',1,NULL,'0d8567df49a37d2228d5b456459745e399c4f440','2013-04-30',1),(113,5,6,'',NULL,'2012-06-09 04:06:28','2012-06-09 04:06:28',NULL,'13910795555','booked','2012-06-11',1,NULL,'0d8567df49a37d2228d5b456459745e399c4f440','2013-04-30',1),(114,5,6,'',NULL,'2012-06-09 04:06:28','2012-06-09 04:06:28',NULL,'13910795555','booked','2012-06-11',1,NULL,'0d8567df49a37d2228d5b456459745e399c4f440','2013-04-30',1),(115,5,6,'',NULL,'2012-06-09 04:06:28','2012-06-09 04:06:28',NULL,'13910795555','booked','2012-06-11',1,NULL,'0d8567df49a37d2228d5b456459745e399c4f440','2013-04-30',1),(116,5,6,'',NULL,'2012-06-09 04:06:28','2012-06-09 04:06:28',NULL,'13910795555','booked','2012-06-11',1,NULL,'0d8567df49a37d2228d5b456459745e399c4f440','2013-04-30',1),(117,5,6,'',NULL,'2012-06-09 04:06:28','2012-06-09 04:06:28',NULL,'13910795555','booked','2012-06-11',1,NULL,'0d8567df49a37d2228d5b456459745e399c4f440','2013-04-30',1),(118,5,6,'',NULL,'2012-06-09 04:06:28','2012-06-09 04:06:28',NULL,'13910795555','booked','2012-06-11',1,NULL,'0d8567df49a37d2228d5b456459745e399c4f440','2013-04-30',1),(119,5,6,'',NULL,'2012-06-09 04:06:28','2012-06-09 04:06:28',NULL,'13910795555','booked','2012-06-11',1,NULL,'7dd519852bd299717e5356ee04b826e074cb3b0f','2013-04-30',1),(120,5,6,'',NULL,'2012-06-09 04:06:28','2012-06-09 04:06:28',NULL,'13910795555','booked','2012-06-11',1,NULL,'7dd519852bd299717e5356ee04b826e074cb3b0f','2013-04-30',1),(121,5,6,'',NULL,'2012-06-09 04:06:28','2012-06-09 04:06:28',NULL,'13910795555','booked','2012-06-11',1,NULL,'7dd519852bd299717e5356ee04b826e074cb3b0f','2013-04-30',1),(122,5,6,'',NULL,'2012-06-09 04:06:28','2012-06-09 04:06:28',NULL,'13910795555','booked','2012-06-11',1,NULL,'7dd519852bd299717e5356ee04b826e074cb3b0f','2013-04-30',1),(123,5,6,'',NULL,'2012-06-09 04:06:28','2012-06-09 04:06:28',NULL,'13910795555','booked','2012-06-11',1,NULL,'7dd519852bd299717e5356ee04b826e074cb3b0f','2013-04-30',1),(124,5,6,'',NULL,'2012-06-09 04:06:28','2012-06-09 04:06:28',NULL,'13910795555','booked','2012-06-11',1,NULL,'7dd519852bd299717e5356ee04b826e074cb3b0f','2013-04-30',1),(125,5,6,'',NULL,'2012-06-09 04:06:28','2012-06-09 04:06:28',NULL,'13910795555','booked','2012-06-11',1,NULL,'7dd519852bd299717e5356ee04b826e074cb3b0f','2013-04-30',1),(126,5,6,'',NULL,'2012-06-09 04:06:28','2012-06-09 04:06:28',NULL,'13910795555','booked','2012-06-11',1,NULL,'7dd519852bd299717e5356ee04b826e074cb3b0f','2013-04-30',1),(127,5,6,'',NULL,'2012-06-09 04:06:28','2012-06-09 04:06:28',NULL,'13910795555','booked','2012-06-11',1,NULL,'7dd519852bd299717e5356ee04b826e074cb3b0f','2013-04-30',1),(128,5,6,'',NULL,'2012-06-09 04:06:28','2012-06-09 04:06:28',NULL,'13910795555','booked','2012-06-11',1,NULL,'7dd519852bd299717e5356ee04b826e074cb3b0f','2013-04-30',1),(129,5,6,'',NULL,'2012-06-09 04:06:28','2012-06-09 04:06:28',NULL,'13910795555','booked','2012-06-11',1,NULL,'7dd519852bd299717e5356ee04b826e074cb3b0f','2013-04-30',1),(130,5,6,'',NULL,'2012-06-09 04:06:28','2012-06-09 04:06:28',NULL,'13910795555','booked','2012-06-11',1,NULL,'7dd519852bd299717e5356ee04b826e074cb3b0f','2013-04-30',1),(131,5,6,'',NULL,'2012-06-09 04:06:28','2012-06-09 04:06:28',NULL,'13910795555','booked','2012-06-11',1,NULL,'3bd5ab4c3403f0adb556876e5ec292d85b5175f3','2013-04-30',1),(132,5,6,'',NULL,'2012-06-09 04:06:28','2012-06-09 04:06:28',NULL,'13910795555','booked','2012-06-11',1,NULL,'3bd5ab4c3403f0adb556876e5ec292d85b5175f3','2013-04-30',1),(133,5,6,'',NULL,'2012-06-09 04:06:28','2012-06-09 04:06:28',NULL,'13910795555','booked','2012-06-11',1,NULL,'3bd5ab4c3403f0adb556876e5ec292d85b5175f3','2013-04-30',1),(134,5,6,'',NULL,'2012-06-09 04:06:28','2012-06-09 04:06:28',NULL,'13910795555','booked','2012-06-11',1,NULL,'3bd5ab4c3403f0adb556876e5ec292d85b5175f3','2013-04-30',1),(135,5,6,'',NULL,'2012-06-09 04:06:28','2012-06-09 04:06:28',NULL,'13910795555','booked','2012-06-11',1,NULL,'3bd5ab4c3403f0adb556876e5ec292d85b5175f3','2013-04-30',1),(136,5,6,'',NULL,'2012-06-09 04:06:28','2012-06-09 04:06:28',NULL,'13910795555','booked','2012-06-11',1,NULL,'3bd5ab4c3403f0adb556876e5ec292d85b5175f3','2013-04-30',1),(137,5,6,'',NULL,'2012-06-09 04:06:28','2012-06-09 04:06:28',NULL,'13910795555','booked','2012-06-11',1,NULL,'3bd5ab4c3403f0adb556876e5ec292d85b5175f3','2013-04-30',1),(138,5,6,'',NULL,'2012-06-09 04:06:28','2012-06-09 04:06:28',NULL,'13910795555','booked','2012-06-11',1,NULL,'3bd5ab4c3403f0adb556876e5ec292d85b5175f3','2013-04-30',1),(139,5,6,'',NULL,'2012-06-09 04:06:28','2012-06-09 04:06:28',NULL,'13910795555','booked','2012-06-11',1,NULL,'3bd5ab4c3403f0adb556876e5ec292d85b5175f3','2013-04-30',1),(140,5,6,'',NULL,'2012-06-09 04:06:28','2012-06-09 04:06:28',NULL,'13910795555','booked','2012-06-11',1,NULL,'3bd5ab4c3403f0adb556876e5ec292d85b5175f3','2013-04-30',1),(141,5,6,'',NULL,'2012-06-09 04:06:28','2012-06-09 04:06:28',NULL,'13910795555','booked','2012-06-11',1,NULL,'3bd5ab4c3403f0adb556876e5ec292d85b5175f3','2013-04-30',1),(142,5,6,'',NULL,'2012-06-09 04:06:28','2012-06-09 04:06:28',NULL,'13910795555','booked','2012-06-11',1,NULL,'c51f46eb82bce71a1177eadb35275f6625a69610','2013-04-30',1),(143,5,6,'',NULL,'2012-06-09 04:06:28','2012-06-09 04:06:28',NULL,'13910795555','booked','2012-06-11',1,NULL,'c51f46eb82bce71a1177eadb35275f6625a69610','2013-04-30',1),(144,5,6,'',NULL,'2012-06-09 04:06:28','2012-06-09 04:06:28',NULL,'13910795555','booked','2012-06-11',1,NULL,'c51f46eb82bce71a1177eadb35275f6625a69610','2013-04-30',1),(145,5,6,'',NULL,'2012-06-09 04:06:28','2012-06-09 04:06:28',NULL,'13910795555','booked','2012-06-11',1,NULL,'c51f46eb82bce71a1177eadb35275f6625a69610','2013-04-30',1),(146,5,6,'',NULL,'2012-06-09 04:06:28','2012-06-09 04:06:28',NULL,'13910795555','booked','2012-06-11',1,NULL,'c51f46eb82bce71a1177eadb35275f6625a69610','2013-04-30',1),(147,5,6,'',NULL,'2012-06-09 04:06:28','2012-06-09 04:06:28',NULL,'13910795555','booked','2012-06-11',1,NULL,'c51f46eb82bce71a1177eadb35275f6625a69610','2013-04-30',1),(148,5,6,'',NULL,'2012-06-09 04:06:28','2012-06-09 04:06:28',NULL,'13910795555','booked','2012-06-11',1,NULL,'c51f46eb82bce71a1177eadb35275f6625a69610','2013-04-30',1),(149,5,6,'',NULL,'2012-06-09 04:06:28','2012-06-09 04:06:28',NULL,'13910795555','booked','2012-06-11',1,NULL,'c51f46eb82bce71a1177eadb35275f6625a69610','2013-04-30',1),(150,5,6,'',NULL,'2012-06-09 04:06:28','2012-06-09 04:06:28',NULL,'13910795555','booked','2012-06-11',1,NULL,'c51f46eb82bce71a1177eadb35275f6625a69610','2013-04-30',1),(151,5,6,'',NULL,'2012-06-09 04:06:28','2012-06-09 04:06:28',NULL,'13910795555','booked','2012-06-11',1,NULL,'c51f46eb82bce71a1177eadb35275f6625a69610','2013-04-30',1),(152,5,6,'',NULL,'2012-06-09 04:06:28','2012-06-09 04:06:28',NULL,'13910795555','booked','2012-06-11',1,NULL,'c51f46eb82bce71a1177eadb35275f6625a69610','2013-04-30',1),(153,5,6,'',NULL,'2012-06-09 04:06:28','2012-06-09 04:06:28',NULL,'13910795555','booked','2012-06-11',1,NULL,'22171cf1a06d9f181adef5de364fa4ce90566750','2013-04-30',1),(154,5,6,'',NULL,'2012-06-09 04:06:28','2012-06-09 04:06:28',NULL,'13910795555','booked','2012-06-11',1,NULL,'22171cf1a06d9f181adef5de364fa4ce90566750','2013-04-30',1),(156,15,11,'',NULL,'2012-06-09 04:26:57','2012-06-09 04:35:49',NULL,'13888888888','balanced','2012-06-11',1,NULL,'7f38a2d5e578ea48aa6046dc69f40d4aa973c951','2012-06-11',NULL),(158,1,1,'',NULL,'2012-06-09 04:46:45','2012-06-09 04:47:13',NULL,'13834057997','activated','2012-06-11',1,NULL,'bf1f1d9b79b19e1710fb85c96145470200956dda','2012-06-11',NULL),(159,3,4,'',NULL,'2012-06-09 04:50:34','2012-06-09 04:50:34',NULL,'15811138560','booked','2012-06-10',1,NULL,'4bcc5de5ac0fd0ef1e0a3706123eaf49cb478a23','2012-06-10',NULL),(160,1,1,'',NULL,'2012-06-09 06:01:43','2012-06-09 06:30:18',NULL,'13834057997','activated','2012-06-09',1,NULL,'491e238daaf62a6da64a2b566f60be6c1fb0ecd9','2012-06-09',NULL),(177,1,1,'',NULL,'2012-06-09 08:11:43','2012-06-09 08:11:53',NULL,'13834057997','balanced','2012-06-09',1,NULL,'5b9ccb5079a2f07f48dc426b322b351a04e0d483','2012-06-09',NULL),(178,NULL,NULL,'',NULL,'2012-06-09 08:13:02','2012-06-09 08:13:09',NULL,'','balanced','2012-06-09',0,NULL,'9672bea619ee60479c6e8b692f242ae539b8bff9','2012-06-09',NULL),(179,1,1,'',NULL,'2012-06-09 08:21:23','2012-06-09 08:21:23',NULL,'13834057997','booked','2012-06-09',1,NULL,'24dde7acdb3ca701d3ad5f9fb7638bb6fdf20e43','2012-06-09',NULL),(180,1,1,'',NULL,'2012-06-12 01:40:48','2012-06-12 01:41:25',NULL,'13834057997','balanced','2012-06-12',1,NULL,'d698bbbbea689593ede96fa7f16526a6a476fba3','2012-06-12',NULL),(181,15,11,'',NULL,'2012-06-12 01:47:28','2012-06-12 01:47:52',NULL,'13888888888','activated','2012-06-12',1,NULL,'fef1cbea9e830b44a4c13c7f085fca0af43a14af','2012-06-12',NULL),(182,1,1,NULL,NULL,'2012-06-12 07:03:22','2012-06-12 07:03:22',4,NULL,'cart_loaded',NULL,1,NULL,'a2c517d0c092206d0316186cc229ba1dbefd7487',NULL,NULL),(183,NULL,NULL,NULL,NULL,'2012-06-12 07:20:46','2012-06-12 07:20:46',4,NULL,'cart_loaded',NULL,0,NULL,'e70ce5bf2fd0dcce4a69b66b4c78448c916ebbf6',NULL,NULL),(184,NULL,NULL,NULL,NULL,'2012-06-12 07:21:53','2012-06-12 07:21:53',4,NULL,'cart_loaded',NULL,0,NULL,'df5eb0c33e9394cf1c1e7b8ca4c192cafeab4c25',NULL,NULL),(185,NULL,NULL,NULL,NULL,'2012-06-12 07:58:42','2012-06-12 07:58:42',4,NULL,'cart_loaded',NULL,0,NULL,'c583cd98b2204e0b0b03f65170f356b7981fd419',NULL,NULL),(186,4,5,'',NULL,'2012-06-13 02:03:18','2012-06-13 02:03:24',NULL,'13832157997','balanced','2012-06-13',1,NULL,'34d92870c44bbc18a9589b53f4e89a30c9df1169','2012-06-13',NULL),(216,1,1,NULL,NULL,'2012-06-13 02:05:31','2012-06-13 02:05:31',4,NULL,'cart_loaded',NULL,1,NULL,'f98481fbd31f1db95cf33e956c4a3236b9ecfc97',NULL,NULL),(217,1,1,NULL,NULL,'2012-06-13 02:06:05','2012-06-13 02:06:05',4,NULL,'balanced',NULL,1,NULL,'5cb0d0c11a248a7c6fdc99acc251e8f8d8a2717a',NULL,NULL),(218,4,5,'',NULL,'2012-06-13 02:09:20','2012-06-13 02:22:20',NULL,'13832157997','balanced','2012-06-13',1,NULL,'866ff015262bb6762a623c7f3c4a20129c97d814','2012-06-13',NULL),(219,1,1,NULL,NULL,'2012-06-13 02:09:51','2012-06-13 02:09:51',1,NULL,'balanced',NULL,1,NULL,'2c048aa1ecf6d64135ad767f311007f9637f6f7a',NULL,NULL),(220,1,1,'',NULL,'2012-06-13 02:11:01','2012-06-13 02:32:13',NULL,'13834057997','balanced','2012-06-13',1,NULL,'0e1cc64d73d0ff9ed2dbcbc35ebfe22792c0f638','2013-06-27',1),(221,4,5,'',NULL,'2012-06-13 02:11:01','2012-06-13 02:11:01',NULL,'13832157997','booked','2012-06-13',1,NULL,'0e1cc64d73d0ff9ed2dbcbc35ebfe22792c0f638','2013-06-27',1),(230,4,5,'',NULL,'2012-06-13 02:11:01','2012-06-13 02:11:01',NULL,'13832157997','booked','2012-06-13',1,NULL,'81bc1a5559190f877710f6b46d4c962d6ed41ed0','2013-06-27',1),(231,4,5,'',NULL,'2012-06-13 02:11:01','2012-06-13 02:11:01',NULL,'13832157997','booked','2012-06-13',1,NULL,'81bc1a5559190f877710f6b46d4c962d6ed41ed0','2013-06-27',1),(232,4,5,'',NULL,'2012-06-13 02:11:01','2012-06-13 02:11:01',NULL,'13832157997','booked','2012-06-13',1,NULL,'81bc1a5559190f877710f6b46d4c962d6ed41ed0','2013-06-27',1),(233,4,5,'',NULL,'2012-06-13 02:11:01','2012-06-13 02:11:01',NULL,'13832157997','booked','2012-06-13',1,NULL,'81bc1a5559190f877710f6b46d4c962d6ed41ed0','2013-06-27',1),(234,4,5,'',NULL,'2012-06-13 02:11:01','2012-06-13 02:11:01',NULL,'13832157997','booked','2012-06-13',1,NULL,'81bc1a5559190f877710f6b46d4c962d6ed41ed0','2013-06-27',1),(235,4,5,'',NULL,'2012-06-13 02:11:01','2012-06-13 02:11:01',NULL,'13832157997','booked','2012-06-13',1,NULL,'81bc1a5559190f877710f6b46d4c962d6ed41ed0','2013-06-27',1),(236,4,5,'',NULL,'2012-06-13 02:11:01','2012-06-13 02:11:01',NULL,'13832157997','booked','2012-06-13',1,NULL,'81bc1a5559190f877710f6b46d4c962d6ed41ed0','2013-06-27',1),(237,4,5,'',NULL,'2012-06-13 02:11:01','2012-06-13 02:11:01',NULL,'13832157997','booked','2012-06-13',1,NULL,'81bc1a5559190f877710f6b46d4c962d6ed41ed0','2013-06-27',1),(238,4,5,'',NULL,'2012-06-13 02:11:01','2012-06-13 02:11:01',NULL,'13832157997','booked','2012-06-13',1,NULL,'81bc1a5559190f877710f6b46d4c962d6ed41ed0','2013-06-27',1),(239,4,5,'',NULL,'2012-06-13 02:11:01','2012-06-13 02:11:01',NULL,'13832157997','booked','2012-06-13',1,NULL,'81bc1a5559190f877710f6b46d4c962d6ed41ed0','2013-06-27',1),(240,4,5,'',NULL,'2012-06-13 02:11:01','2012-06-13 02:11:01',NULL,'13832157997','booked','2012-06-13',1,NULL,'81bc1a5559190f877710f6b46d4c962d6ed41ed0','2013-06-27',1),(241,4,5,'',NULL,'2012-06-13 02:11:01','2012-06-13 02:11:01',NULL,'13832157997','booked','2012-06-13',1,NULL,'81bc1a5559190f877710f6b46d4c962d6ed41ed0','2013-06-27',1),(242,4,5,'',NULL,'2012-06-13 02:11:01','2012-06-13 02:11:01',NULL,'13832157997','booked','2012-06-13',1,NULL,'81bc1a5559190f877710f6b46d4c962d6ed41ed0','2013-06-27',1),(243,4,5,'',NULL,'2012-06-13 02:11:01','2012-06-13 02:11:01',NULL,'13832157997','booked','2012-06-13',1,NULL,'81bc1a5559190f877710f6b46d4c962d6ed41ed0','2013-06-27',1),(244,4,5,'',NULL,'2012-06-13 02:11:01','2012-06-13 02:11:01',NULL,'13832157997','booked','2012-06-13',1,NULL,'81bc1a5559190f877710f6b46d4c962d6ed41ed0','2013-06-27',1),(245,4,5,'',NULL,'2012-06-13 02:11:01','2012-06-13 02:11:01',NULL,'13832157997','booked','2012-06-13',1,NULL,'5adf7842a64491cee936370bd62ddefaf6414bb7','2013-06-27',1),(246,4,5,'',NULL,'2012-06-13 02:11:01','2012-06-13 02:11:01',NULL,'13832157997','booked','2012-06-13',1,NULL,'5adf7842a64491cee936370bd62ddefaf6414bb7','2013-06-27',1),(247,4,5,'',NULL,'2012-06-13 02:11:01','2012-06-13 02:11:01',NULL,'13832157997','booked','2012-06-13',1,NULL,'5adf7842a64491cee936370bd62ddefaf6414bb7','2013-06-27',1),(248,4,5,'',NULL,'2012-06-13 02:11:01','2012-06-13 02:11:01',NULL,'13832157997','booked','2012-06-13',1,NULL,'5adf7842a64491cee936370bd62ddefaf6414bb7','2013-06-27',1),(249,4,5,'',NULL,'2012-06-13 02:11:01','2012-06-13 02:11:01',NULL,'13832157997','booked','2012-06-13',1,NULL,'5adf7842a64491cee936370bd62ddefaf6414bb7','2013-06-27',1),(250,4,5,'',NULL,'2012-06-13 02:11:01','2012-06-13 02:11:01',NULL,'13832157997','booked','2012-06-13',1,NULL,'5adf7842a64491cee936370bd62ddefaf6414bb7','2013-06-27',1),(251,4,5,'',NULL,'2012-06-13 02:11:01','2012-06-13 02:11:01',NULL,'13832157997','booked','2012-06-13',1,NULL,'5adf7842a64491cee936370bd62ddefaf6414bb7','2013-06-27',1),(252,4,5,'',NULL,'2012-06-13 02:11:01','2012-06-13 02:11:01',NULL,'13832157997','booked','2012-06-13',1,NULL,'5adf7842a64491cee936370bd62ddefaf6414bb7','2013-06-27',1),(253,4,5,'',NULL,'2012-06-13 02:11:01','2012-06-13 02:11:01',NULL,'13832157997','booked','2012-06-13',1,NULL,'5adf7842a64491cee936370bd62ddefaf6414bb7','2013-06-27',1),(254,4,5,'',NULL,'2012-06-13 02:11:01','2012-06-13 02:11:01',NULL,'13832157997','booked','2012-06-13',1,NULL,'5adf7842a64491cee936370bd62ddefaf6414bb7','2013-06-27',1),(255,4,5,'',NULL,'2012-06-13 02:11:01','2012-06-13 02:11:01',NULL,'13832157997','booked','2012-06-13',1,NULL,'5adf7842a64491cee936370bd62ddefaf6414bb7','2013-06-27',1),(256,4,5,'',NULL,'2012-06-13 02:11:01','2012-06-13 02:11:01',NULL,'13832157997','booked','2012-06-13',1,NULL,'5adf7842a64491cee936370bd62ddefaf6414bb7','2013-06-27',1),(257,4,5,'',NULL,'2012-06-13 02:11:01','2012-06-13 02:11:01',NULL,'13832157997','booked','2012-06-13',1,NULL,'5adf7842a64491cee936370bd62ddefaf6414bb7','2013-06-27',1),(258,4,5,'',NULL,'2012-06-13 02:11:01','2012-06-13 02:11:01',NULL,'13832157997','booked','2012-06-13',1,NULL,'5adf7842a64491cee936370bd62ddefaf6414bb7','2013-06-27',1),(259,4,5,'',NULL,'2012-06-13 02:11:01','2012-06-13 02:11:01',NULL,'13832157997','booked','2012-06-13',1,NULL,'5adf7842a64491cee936370bd62ddefaf6414bb7','2013-06-27',1),(260,4,5,'',NULL,'2012-06-13 02:11:01','2012-06-13 02:11:01',NULL,'13832157997','booked','2012-06-13',1,NULL,'5adf7842a64491cee936370bd62ddefaf6414bb7','2013-06-27',1),(261,4,5,'',NULL,'2012-06-13 02:11:01','2012-06-13 02:11:01',NULL,'13832157997','booked','2012-06-13',1,NULL,'84599c4688df313cf613ede6c101168d8092e131','2013-06-27',1),(262,4,5,'',NULL,'2012-06-13 02:11:01','2012-06-13 02:11:01',NULL,'13832157997','booked','2012-06-13',1,NULL,'84599c4688df313cf613ede6c101168d8092e131','2013-06-27',1),(263,4,5,'',NULL,'2012-06-13 02:11:01','2012-06-13 02:11:01',NULL,'13832157997','booked','2012-06-13',1,NULL,'84599c4688df313cf613ede6c101168d8092e131','2013-06-27',1),(264,4,5,'',NULL,'2012-06-13 02:11:01','2012-06-13 02:11:01',NULL,'13832157997','booked','2012-06-13',1,NULL,'84599c4688df313cf613ede6c101168d8092e131','2013-06-27',1),(265,4,5,'',NULL,'2012-06-13 02:11:01','2012-06-13 02:11:01',NULL,'13832157997','booked','2012-06-13',1,NULL,'84599c4688df313cf613ede6c101168d8092e131','2013-06-27',1),(266,4,5,'',NULL,'2012-06-13 02:11:01','2012-06-13 02:11:01',NULL,'13832157997','booked','2012-06-13',1,NULL,'84599c4688df313cf613ede6c101168d8092e131','2013-06-27',1),(267,4,5,'',NULL,'2012-06-13 02:11:01','2012-06-13 02:11:01',NULL,'13832157997','booked','2012-06-13',1,NULL,'84599c4688df313cf613ede6c101168d8092e131','2013-06-27',1),(268,4,5,'',NULL,'2012-06-13 02:11:01','2012-06-13 02:11:01',NULL,'13832157997','booked','2012-06-13',1,NULL,'84599c4688df313cf613ede6c101168d8092e131','2013-06-27',1),(269,4,5,'',NULL,'2012-06-13 02:11:01','2012-06-13 02:11:01',NULL,'13832157997','booked','2012-06-13',1,NULL,'84599c4688df313cf613ede6c101168d8092e131','2013-06-27',1),(270,4,5,'',NULL,'2012-06-13 02:11:01','2012-06-13 02:11:01',NULL,'13832157997','booked','2012-06-13',1,NULL,'84599c4688df313cf613ede6c101168d8092e131','2013-06-27',1),(271,4,5,'',NULL,'2012-06-13 02:11:01','2012-06-13 02:11:01',NULL,'13832157997','booked','2012-06-13',1,NULL,'84599c4688df313cf613ede6c101168d8092e131','2013-06-27',1),(272,4,5,'',NULL,'2012-06-13 02:11:01','2012-06-13 02:11:01',NULL,'13832157997','booked','2012-06-13',1,NULL,'84599c4688df313cf613ede6c101168d8092e131','2013-06-27',1),(273,4,5,'',NULL,'2012-06-13 02:11:01','2012-06-13 02:11:01',NULL,'13832157997','booked','2012-06-13',1,NULL,'84599c4688df313cf613ede6c101168d8092e131','2013-06-27',1),(274,4,5,'',NULL,'2012-06-13 02:11:01','2012-06-13 02:11:01',NULL,'13832157997','booked','2012-06-13',1,NULL,'84599c4688df313cf613ede6c101168d8092e131','2013-06-27',1),(275,1,1,'',NULL,'2012-06-13 02:13:28','2012-06-13 02:13:28',NULL,'13834057997','booked','2012-06-13',1,NULL,'4305110a9a8ce18686c85fdfc8e1db4c270f8bca','2013-06-27',1),(286,1,1,'',NULL,'2012-06-13 02:13:28','2012-06-13 02:13:28',NULL,'13834057997','booked','2012-06-13',1,NULL,'e69a301e95789c497d81ed72cc27afa299c7b983','2013-06-27',1),(287,1,1,'',NULL,'2012-06-13 02:13:28','2012-06-13 02:13:28',NULL,'13834057997','booked','2012-06-13',1,NULL,'e69a301e95789c497d81ed72cc27afa299c7b983','2013-06-27',1),(288,1,1,'',NULL,'2012-06-13 02:13:28','2012-06-13 02:13:28',NULL,'13834057997','booked','2012-06-13',1,NULL,'e69a301e95789c497d81ed72cc27afa299c7b983','2013-06-27',1),(289,1,1,'',NULL,'2012-06-13 02:13:28','2012-06-13 02:13:28',NULL,'13834057997','booked','2012-06-13',1,NULL,'e69a301e95789c497d81ed72cc27afa299c7b983','2013-06-27',1),(290,1,1,'',NULL,'2012-06-13 02:13:28','2012-06-13 02:13:28',NULL,'13834057997','booked','2012-06-13',1,NULL,'e69a301e95789c497d81ed72cc27afa299c7b983','2013-06-27',1),(291,1,1,'',NULL,'2012-06-13 02:13:28','2012-06-13 02:13:28',NULL,'13834057997','booked','2012-06-13',1,NULL,'e69a301e95789c497d81ed72cc27afa299c7b983','2013-06-27',1),(292,1,1,'',NULL,'2012-06-13 02:13:28','2012-06-13 02:13:28',NULL,'13834057997','booked','2012-06-13',1,NULL,'e69a301e95789c497d81ed72cc27afa299c7b983','2013-06-27',1),(293,1,1,'',NULL,'2012-06-13 02:13:28','2012-06-13 02:13:28',NULL,'13834057997','booked','2012-06-13',1,NULL,'e69a301e95789c497d81ed72cc27afa299c7b983','2013-06-27',1),(294,1,1,'',NULL,'2012-06-13 02:13:28','2012-06-13 02:13:28',NULL,'13834057997','booked','2012-06-13',1,NULL,'e69a301e95789c497d81ed72cc27afa299c7b983','2013-06-27',1),(295,1,1,'',NULL,'2012-06-13 02:13:28','2012-06-13 02:13:28',NULL,'13834057997','booked','2012-06-13',1,NULL,'e69a301e95789c497d81ed72cc27afa299c7b983','2013-06-27',1),(296,1,1,'',NULL,'2012-06-13 02:13:28','2012-06-13 02:13:28',NULL,'13834057997','booked','2012-06-13',1,NULL,'e69a301e95789c497d81ed72cc27afa299c7b983','2013-06-27',1),(297,1,1,'',NULL,'2012-06-13 02:13:28','2012-06-13 02:13:28',NULL,'13834057997','booked','2012-06-13',1,NULL,'e69a301e95789c497d81ed72cc27afa299c7b983','2013-06-27',1),(298,1,1,'',NULL,'2012-06-13 02:13:28','2012-06-13 02:13:28',NULL,'13834057997','booked','2012-06-13',1,NULL,'e69a301e95789c497d81ed72cc27afa299c7b983','2013-06-27',1),(299,1,1,'',NULL,'2012-06-13 02:13:28','2012-06-13 02:13:28',NULL,'13834057997','booked','2012-06-13',1,NULL,'e69a301e95789c497d81ed72cc27afa299c7b983','2013-06-27',1),(300,1,1,'',NULL,'2012-06-13 02:13:28','2012-06-13 02:13:28',NULL,'13834057997','booked','2012-06-13',1,NULL,'e69a301e95789c497d81ed72cc27afa299c7b983','2013-06-27',1),(301,1,1,'',NULL,'2012-06-13 02:13:28','2012-06-13 02:13:28',NULL,'13834057997','booked','2012-06-13',1,NULL,'df9aa94707b40c610ee60b996edb0b5c22b5b9ba','2013-06-27',1),(302,1,1,'',NULL,'2012-06-13 02:13:28','2012-06-13 02:13:28',NULL,'13834057997','booked','2012-06-13',1,NULL,'df9aa94707b40c610ee60b996edb0b5c22b5b9ba','2013-06-27',1),(303,1,1,'',NULL,'2012-06-13 02:13:28','2012-06-13 02:13:28',NULL,'13834057997','booked','2012-06-13',1,NULL,'df9aa94707b40c610ee60b996edb0b5c22b5b9ba','2013-06-27',1),(304,1,1,'',NULL,'2012-06-13 02:13:28','2012-06-13 02:13:28',NULL,'13834057997','booked','2012-06-13',1,NULL,'df9aa94707b40c610ee60b996edb0b5c22b5b9ba','2013-06-27',1),(305,1,1,'',NULL,'2012-06-13 02:13:28','2012-06-13 02:13:28',NULL,'13834057997','booked','2012-06-13',1,NULL,'df9aa94707b40c610ee60b996edb0b5c22b5b9ba','2013-06-27',1),(306,1,1,'',NULL,'2012-06-13 02:13:28','2012-06-13 02:13:28',NULL,'13834057997','booked','2012-06-13',1,NULL,'df9aa94707b40c610ee60b996edb0b5c22b5b9ba','2013-06-27',1),(307,1,1,'',NULL,'2012-06-13 02:13:28','2012-06-13 02:13:28',NULL,'13834057997','booked','2012-06-13',1,NULL,'df9aa94707b40c610ee60b996edb0b5c22b5b9ba','2013-06-27',1),(308,1,1,'',NULL,'2012-06-13 02:13:28','2012-06-13 02:13:28',NULL,'13834057997','booked','2012-06-13',1,NULL,'df9aa94707b40c610ee60b996edb0b5c22b5b9ba','2013-06-27',1),(309,1,1,'',NULL,'2012-06-13 02:13:28','2012-06-13 02:13:28',NULL,'13834057997','booked','2012-06-13',1,NULL,'df9aa94707b40c610ee60b996edb0b5c22b5b9ba','2013-06-27',1),(310,1,1,'',NULL,'2012-06-13 02:13:28','2012-06-13 02:13:28',NULL,'13834057997','booked','2012-06-13',1,NULL,'df9aa94707b40c610ee60b996edb0b5c22b5b9ba','2013-06-27',1),(311,1,1,'',NULL,'2012-06-13 02:13:28','2012-06-13 02:13:28',NULL,'13834057997','booked','2012-06-13',1,NULL,'df9aa94707b40c610ee60b996edb0b5c22b5b9ba','2013-06-27',1),(312,1,1,'',NULL,'2012-06-13 02:13:28','2012-06-13 02:13:28',NULL,'13834057997','booked','2012-06-13',1,NULL,'df9aa94707b40c610ee60b996edb0b5c22b5b9ba','2013-06-27',1),(313,1,1,'',NULL,'2012-06-13 02:13:28','2012-06-13 02:13:28',NULL,'13834057997','booked','2012-06-13',1,NULL,'df9aa94707b40c610ee60b996edb0b5c22b5b9ba','2013-06-27',1),(314,1,1,'',NULL,'2012-06-13 02:13:28','2012-06-13 02:13:28',NULL,'13834057997','booked','2012-06-13',1,NULL,'df9aa94707b40c610ee60b996edb0b5c22b5b9ba','2013-06-27',1),(315,1,1,'',NULL,'2012-06-13 02:13:28','2012-06-13 02:13:28',NULL,'13834057997','booked','2012-06-13',1,NULL,'df9aa94707b40c610ee60b996edb0b5c22b5b9ba','2013-06-27',1),(316,1,1,'',NULL,'2012-06-13 02:13:28','2012-06-13 02:13:28',NULL,'13834057997','booked','2012-06-13',1,NULL,'df9aa94707b40c610ee60b996edb0b5c22b5b9ba','2013-06-27',1),(317,1,1,'',NULL,'2012-06-13 02:13:28','2012-06-13 02:13:28',NULL,'13834057997','booked','2012-06-13',1,NULL,'df9aa94707b40c610ee60b996edb0b5c22b5b9ba','2013-06-27',1),(318,1,1,'',NULL,'2012-06-13 02:13:28','2012-06-13 02:13:28',NULL,'13834057997','booked','2012-06-13',1,NULL,'14cef49b190ec4d288e00543c64bc521501abf09','2013-06-27',1),(319,1,1,'',NULL,'2012-06-13 02:13:28','2012-06-13 02:13:28',NULL,'13834057997','booked','2012-06-13',1,NULL,'14cef49b190ec4d288e00543c64bc521501abf09','2013-06-27',1),(320,1,1,'',NULL,'2012-06-13 02:13:28','2012-06-13 02:13:28',NULL,'13834057997','booked','2012-06-13',1,NULL,'14cef49b190ec4d288e00543c64bc521501abf09','2013-06-27',1),(321,1,1,'',NULL,'2012-06-13 02:13:28','2012-06-13 02:13:28',NULL,'13834057997','booked','2012-06-13',1,NULL,'14cef49b190ec4d288e00543c64bc521501abf09','2013-06-27',1),(322,1,1,'',NULL,'2012-06-13 02:13:28','2012-06-13 02:13:28',NULL,'13834057997','booked','2012-06-13',1,NULL,'14cef49b190ec4d288e00543c64bc521501abf09','2013-06-27',1),(323,1,1,'',NULL,'2012-06-13 02:13:28','2012-06-13 02:13:28',NULL,'13834057997','booked','2012-06-13',1,NULL,'14cef49b190ec4d288e00543c64bc521501abf09','2013-06-27',1),(324,1,1,'',NULL,'2012-06-13 02:13:28','2012-06-13 02:13:28',NULL,'13834057997','booked','2012-06-13',1,NULL,'14cef49b190ec4d288e00543c64bc521501abf09','2013-06-27',1),(325,1,1,'',NULL,'2012-06-13 02:13:28','2012-06-13 02:13:28',NULL,'13834057997','booked','2012-06-13',1,NULL,'14cef49b190ec4d288e00543c64bc521501abf09','2013-06-27',1),(326,1,1,'',NULL,'2012-06-13 02:13:28','2012-06-13 02:13:28',NULL,'13834057997','booked','2012-06-13',1,NULL,'14cef49b190ec4d288e00543c64bc521501abf09','2013-06-27',1),(327,1,1,'',NULL,'2012-06-13 02:13:28','2012-06-13 02:13:28',NULL,'13834057997','booked','2012-06-13',1,NULL,'14cef49b190ec4d288e00543c64bc521501abf09','2013-06-27',1),(328,1,1,'',NULL,'2012-06-13 02:13:28','2012-06-13 02:13:28',NULL,'13834057997','booked','2012-06-13',1,NULL,'14cef49b190ec4d288e00543c64bc521501abf09','2013-06-27',1),(329,1,1,'',NULL,'2012-06-13 02:13:28','2012-06-13 02:13:28',NULL,'13834057997','booked','2012-06-13',1,NULL,'14cef49b190ec4d288e00543c64bc521501abf09','2013-06-27',1),(330,NULL,NULL,NULL,NULL,'2012-06-13 02:20:36','2012-06-13 02:20:36',4,NULL,'balanced',NULL,0,NULL,'9f2d1cc77d754531f2d9fefc688275f3685616bb',NULL,NULL),(332,15,11,'',NULL,'2012-06-13 02:55:52','2012-06-13 02:56:42',NULL,'13888888888','balanced','2012-06-13',1,NULL,'06532bd38f91913eb7ebfe3c8b1033ae1eb3a304','2012-06-13',NULL),(333,15,11,'',NULL,'2012-06-13 02:56:23','2012-06-13 05:30:37',NULL,'13888888888','balanced','2012-06-13',1,NULL,'35cfbca4c5c522e6d50058cb6de7fe4feb3f44dc','2012-06-13',NULL),(337,NULL,NULL,'',NULL,'2012-06-13 05:53:44','2012-06-13 05:53:49',NULL,'','balanced','2012-06-13',0,NULL,'0554c1584c81db9bf7971eaa7f48ce18b3344050','2012-06-13',NULL),(339,16,12,'',NULL,'2012-06-16 02:23:22','2012-06-16 02:32:45',NULL,'13811111111','balanced','2012-06-16',1,NULL,'0daaaece4aa97f466c23692a438dc1eb2cd643d2','2012-06-16',NULL),(340,4,5,'',NULL,'2012-06-16 02:29:47','2012-06-16 02:29:59',NULL,'13832157997','balanced','2012-06-16',1,NULL,'3808cac646a83a9f84ef8c5396869dbd7e1a347c','2012-06-16',NULL),(345,1,1,'',NULL,'2012-06-16 03:15:53','2012-06-16 03:16:15',NULL,'13834057997','balanced','2012-06-16',1,NULL,'cae4ad12913f07c7c530d31a03cd274d54521765','2012-06-16',NULL),(347,16,12,'',NULL,'2012-06-16 03:30:25','2012-06-16 03:30:34',NULL,'13811111111','balanced','2012-06-16',1,NULL,'edeefb28b159f6250a23ec74ae820f175e741136','2012-06-16',NULL),(348,15,11,'',NULL,'2012-06-16 03:34:02','2012-06-16 03:34:09',NULL,'13888888888','balanced','2012-06-16',1,NULL,'56b92e87daea2124ef887a39566d79adfc3da198','2012-06-16',NULL),(351,1,1,NULL,NULL,'2012-06-16 05:53:08','2012-06-16 05:53:08',1,NULL,'balanced',NULL,1,NULL,'148e13944d8fca0a6f4939dff4afe22b66778b30',NULL,NULL),(352,5,6,NULL,NULL,'2012-06-16 05:55:31','2012-06-16 05:55:31',1,NULL,'balanced',NULL,1,NULL,'5e8ab22b751230e1df34154aaedd19c14f01b83a',NULL,NULL),(354,1,2,'',NULL,'2012-06-16 06:12:18','2012-06-16 09:26:39',NULL,'13834057997','balanced','2012-06-16',1,NULL,'4051b0938b9ab432e8048ee35af8ff577d9bf0dc','2012-06-16',NULL),(355,NULL,NULL,NULL,NULL,'2012-06-16 06:53:40','2012-06-16 06:53:40',1,NULL,'cart_loaded',NULL,0,NULL,'46f1c5fb653f3a91efc8859d746ce02ed0d66f1b',NULL,NULL),(356,NULL,NULL,NULL,NULL,'2012-06-16 06:56:57','2012-06-16 06:56:57',1,NULL,'cart_loaded',NULL,0,NULL,'ec36c28ab214229c5be3f4f34560869f8d9e01c3',NULL,NULL),(357,1,1,NULL,NULL,'2012-06-25 01:34:24','2012-06-25 01:34:24',1,NULL,'balanced',NULL,1,NULL,'ac3c21ac3ca067cfcc2b42b2cecf729502909d08',NULL,NULL),(358,1,1,NULL,NULL,'2012-06-25 01:35:25','2012-06-25 01:35:25',1,NULL,'balanced',NULL,1,NULL,'5d63b2fbdfe4ab0ff68ebf302766f16080d6d652',NULL,NULL),(359,17,13,'',NULL,'2012-06-25 07:46:43','2012-06-25 07:47:30',NULL,'18920948543','activated','2012-06-25',1,NULL,'47f6d4038a7c154abde1788133723632e7aae10b','2012-06-25',NULL),(360,15,11,'',NULL,'2012-06-26 03:16:12','2012-06-26 03:16:12',NULL,'13888888888','booked','2012-06-25',1,NULL,'13ed97122c5ce9128e6bdab82bebcde52d7c1839','2012-06-25',NULL),(361,5,6,'',NULL,'2012-06-26 06:39:45','2012-06-26 06:39:54',NULL,'13910795555','balanced','2012-06-26',1,NULL,'732f470923903c9637511202bc8390161c23c0a4','2012-06-26',NULL),(362,1,1,'',NULL,'2012-06-27 02:12:24','2012-06-27 02:19:51',NULL,'13834057997','balanced','2012-06-30',1,NULL,'a4bcbff8bfdff4d5aad1c460b3d03e5fd2e32702','2012-06-30',NULL),(363,1,1,'',NULL,'2012-06-27 02:21:33','2012-06-27 02:21:48',NULL,'13834057997','balanced','2012-07-03',1,NULL,'35f4742a0022888fdb4163fdf13716ad3650849d','2012-07-03',NULL),(364,1,1,'',NULL,'2012-06-27 02:25:05','2012-06-27 02:26:50',NULL,'13834057997','activated','2012-07-08',1,NULL,'8d112eea4d2b3fcc245aee868089b1b28f6b3f02','2012-07-08',NULL),(365,1,1,'',NULL,'2012-06-27 02:27:36','2012-06-27 02:27:44',NULL,'13834057997','balanced','2012-06-30',1,NULL,'3da2b4922a45309045b65381a212824d6a6b94fa','2012-06-30',NULL),(366,1,1,'',NULL,'2012-06-27 13:29:33','2012-06-27 13:29:33',NULL,'13834057997','booked','2012-07-08',1,NULL,'284cf5d56cd691814ec175c509bd7f3cfb9ed7df','2012-07-08',NULL),(367,1,1,'',NULL,'2012-06-27 13:30:06','2012-06-27 13:30:06',NULL,'13834057997','booked','2012-07-08',1,NULL,'a3984f056e2faf0363fceddcb056b2b5489c8dde','2012-07-08',NULL),(368,1,1,NULL,NULL,'2012-06-28 08:33:54','2012-06-28 08:33:54',1,NULL,'balanced',NULL,1,NULL,'2e5a38ee9f3d58dd6daaa4507d27937f206532ea',NULL,NULL),(369,NULL,NULL,NULL,NULL,'2012-06-28 08:44:45','2012-06-28 08:44:45',1,NULL,'balanced',NULL,0,NULL,'0243064e24378e561ee9af302836c34edeac94e7',NULL,NULL),(370,NULL,NULL,NULL,NULL,'2012-06-28 08:51:19','2012-06-28 08:51:19',1,NULL,'balanced',NULL,0,NULL,'2254ff9aa07712ecbc79d150a6cffa02dfadab48',NULL,NULL),(371,1,1,NULL,NULL,'2012-06-28 08:52:27','2012-06-28 08:52:27',1,NULL,'balanced',NULL,1,NULL,'fb72e5c44d4b4adda0e9249aca8f8a67dd9f6893',NULL,NULL),(372,1,1,NULL,NULL,'2012-07-01 02:43:08','2012-07-01 02:43:08',1,NULL,'balanced',NULL,1,NULL,'ec0be57f72ec21ae4ea6fedbf68f2570f6673399',NULL,NULL),(373,1,1,'',NULL,'2012-07-01 03:04:38','2012-07-01 03:16:18',NULL,'13834057997','activated','2012-07-01',1,NULL,'6042db2c689aaa06d42505aa177faa7c3e9bca9e','2012-07-01',NULL),(374,1,1,NULL,NULL,'2012-07-01 03:35:11','2012-07-01 03:35:11',1,NULL,'balanced',NULL,1,NULL,'fce00f9c57886e8b9b6cf8b5909a28c673a760a0',NULL,NULL);
/*!40000 ALTER TABLE `orders` ENABLE KEYS */;
UNLOCK TABLES;

--
-- Table structure for table `period_prices`
--

DROP TABLE IF EXISTS `period_prices`;
SET @saved_cs_client     = @@character_set_client;
SET character_set_client = utf8;
CREATE TABLE `period_prices` (
  `id` int(11) NOT NULL auto_increment,
  `name` varchar(255) collate utf8_unicode_ci default NULL,
  `start_time` int(11) default '7',
  `end_time` int(11) default '7',
  `price` decimal(10,2) default '0.00',
  `period_type` varchar(255) collate utf8_unicode_ci default NULL,
  `description` text collate utf8_unicode_ci,
  `created_at` datetime default NULL,
  `updated_at` datetime default NULL,
  PRIMARY KEY  (`id`)
) ENGINE=InnoDB AUTO_INCREMENT=10 DEFAULT CHARSET=utf8 COLLATE=utf8_unicode_ci;
SET character_set_client = @saved_cs_client;

--
-- Dumping data for table `period_prices`
--

LOCK TABLES `period_prices` WRITE;
/*!40000 ALTER TABLE `period_prices` DISABLE KEYS */;
INSERT INTO `period_prices` VALUES (1,'室外场地非黄金时段',7,16,'60.00','34','','2012-05-26 03:36:31','2012-05-28 04:48:07'),(2,'室外场地黄金时段',16,23,'100.00','34','','2012-05-26 03:38:47','2012-05-28 04:47:57'),(3,'室外场地节假日',7,23,'100.00','6','','2012-05-26 03:40:08','2012-05-26 03:40:08'),(4,'室内硬地非黄金时段',7,16,'200.00','34','','2012-05-26 03:41:38','2012-05-28 04:47:47'),(5,'室内硬地黄金时段',16,23,'300.00','34','','2012-05-26 03:42:08','2012-05-28 04:47:38'),(6,'室内硬地节假日',7,23,'300.00','6','','2012-05-26 03:42:40','2012-05-26 03:42:40'),(7,'室内红土场非黄金时段',7,16,'600.00','34','','2012-05-26 03:43:49','2012-05-28 04:47:25'),(8,'室内红土场黄金时段',16,23,'800.00','34','','2012-05-26 03:44:09','2012-05-28 04:47:12'),(9,'室内红土场节假日',7,23,'800.00','6','','2012-05-26 03:44:46','2012-05-26 03:44:46');
/*!40000 ALTER TABLE `period_prices` ENABLE KEYS */;
UNLOCK TABLES;

--
-- Table structure for table `powers`
--

DROP TABLE IF EXISTS `powers`;
SET @saved_cs_client     = @@character_set_client;
SET character_set_client = utf8;
CREATE TABLE `powers` (
  `id` int(11) NOT NULL auto_increment,
  `subject` varchar(255) collate utf8_unicode_ci default NULL,
  `string` varchar(255) collate utf8_unicode_ci default NULL,
  `action` varchar(255) collate utf8_unicode_ci default NULL,
  `description` varchar(255) collate utf8_unicode_ci default NULL,
  `created_at` datetime default NULL,
  `updated_at` datetime default NULL,
  `parent_id` int(11) default NULL,
  `will_show` tinyint(1) default NULL,
  PRIMARY KEY  (`id`)
) ENGINE=InnoDB AUTO_INCREMENT=55 DEFAULT CHARSET=utf8 COLLATE=utf8_unicode_ci;
SET character_set_client = @saved_cs_client;

--
-- Dumping data for table `powers`
--

LOCK TABLES `powers` WRITE;
/*!40000 ALTER TABLE `powers` DISABLE KEYS */;
INSERT INTO `powers` VALUES (1,'基础信息管理',NULL,NULL,NULL,'2012-02-13 14:30:46','2012-02-13 14:30:46',0,1),(2,'时段价格管理',NULL,NULL,NULL,'2012-02-13 14:30:46','2012-02-13 14:30:46',1,1),(3,'卡模板管理',NULL,NULL,NULL,'2012-02-13 14:30:46','2012-02-13 14:30:46',1,1),(4,'场地管理',NULL,NULL,NULL,'2012-02-13 14:30:46','2012-02-13 14:30:46',1,1),(5,'节假日管理',NULL,NULL,NULL,'2012-02-13 14:30:46','2012-02-13 14:30:46',1,1),(6,'教练管理',NULL,NULL,NULL,'2012-02-13 14:30:46','2012-02-13 14:30:46',1,1),(7,'储物柜管理',NULL,NULL,NULL,'2012-02-13 14:30:46','2012-02-13 14:30:46',1,1),(8,'会员管理',NULL,NULL,NULL,'2012-02-13 14:30:46','2012-02-13 14:30:46',0,1),(9,'会员列表',NULL,NULL,NULL,'2012-02-13 14:30:46','2012-02-13 14:30:46',8,1),(10,'添加会员',NULL,NULL,NULL,'2012-02-13 14:30:46','2012-02-13 14:30:46',8,1),(11,'高级查询',NULL,NULL,NULL,'2012-02-13 14:30:46','2012-02-13 14:30:46',8,1),(12,'会员卡管理',NULL,NULL,NULL,'2012-02-13 14:30:46','2012-02-13 14:30:46',0,1),(13,'会员卡绑定',NULL,NULL,NULL,'2012-02-13 14:30:46','2012-02-13 14:30:46',12,1),(14,'会员卡充值',NULL,NULL,NULL,'2012-02-13 14:30:46','2012-02-13 14:30:46',12,1),(15,'授权人管理',NULL,NULL,NULL,'2012-02-13 14:30:46','2012-02-13 14:30:46',12,1),(16,'停卡激活管理',NULL,NULL,NULL,'2012-02-13 14:30:46','2012-02-13 14:30:46',12,1),(17,'场地预定',NULL,NULL,NULL,'2012-02-13 14:30:46','2012-02-13 14:30:46',0,1),(18,'新场地预定',NULL,NULL,NULL,'2012-02-13 14:30:46','2012-02-13 14:30:46',17,1),(19,'新场地周期性预定',NULL,NULL,NULL,'2012-02-13 14:30:46','2012-02-13 14:30:46',17,1),(20,'场地预定情况查询',NULL,NULL,NULL,'2012-02-13 14:30:46','2012-02-13 14:30:46',17,1),(21,'教练日程查询',NULL,NULL,NULL,'2012-02-13 14:30:46','2012-02-13 14:30:46',17,1),(22,'修改场地',NULL,NULL,'xiugaichangdi','2012-02-13 14:30:46','2012-02-13 14:30:46',17,1),(23,'结算场地',NULL,NULL,'jiesuanchangdi','2012-02-13 14:30:46','2012-02-13 14:30:46',17,1),(24,'删除场地预定',NULL,NULL,'shanchuchangdi','2012-02-13 14:30:46','2012-02-13 14:30:46',17,1),(25,'过期预定',NULL,NULL,NULL,'2012-02-13 14:30:46','2012-02-13 14:30:46',17,1),(26,'库存管理',NULL,NULL,NULL,'2012-02-13 14:30:46','2012-02-13 14:30:46',0,1),(27,'基本信息管理',NULL,NULL,NULL,'2012-02-13 14:30:46','2012-02-13 14:30:46',26,1),(28,'后台库存管理',NULL,NULL,NULL,'2012-02-13 14:30:46','2012-02-13 14:30:46',26,1),(29,'前台出库管理',NULL,NULL,NULL,'2012-02-13 14:30:46','2012-02-13 14:30:46',26,1),(30,'分类管理',NULL,NULL,NULL,'2012-02-13 14:30:46','2012-02-13 14:30:46',26,1),(31,'分析报表',NULL,NULL,NULL,'2012-02-13 14:30:46','2012-02-13 14:30:46',0,1),(32,'教练分账报表',NULL,NULL,NULL,'2012-02-13 14:30:46','2012-02-13 14:30:46',31,1),(33,'日收入报表',NULL,NULL,NULL,'2012-02-13 14:30:46','2012-02-13 14:30:46',31,1),(34,'月收入报表',NULL,NULL,NULL,'2012-02-13 14:30:46','2012-02-13 14:30:46',31,1),(35,'会员消费明细',NULL,NULL,NULL,'2012-02-13 14:30:46','2012-02-13 14:30:46',31,1),(36,'场地使用率',NULL,NULL,NULL,'2012-02-13 14:30:46','2012-02-13 14:30:46',31,1),(37,'消费结算',NULL,NULL,NULL,'2012-02-13 14:30:46','2012-02-13 14:30:46',0,1),(38,'场地待结算列表',NULL,NULL,NULL,'2012-02-13 14:30:46','2012-02-13 14:30:46',37,1),(39,'场地已结算列表',NULL,NULL,NULL,'2012-02-13 14:30:46','2012-02-13 14:30:46',37,1),(40,'购买商品',NULL,NULL,NULL,'2012-02-13 14:30:46','2012-02-13 14:30:46',37,1),(41,'删除结算信息',NULL,NULL,NULL,'2012-02-13 14:30:46','2012-02-13 14:30:46',37,1),(42,'变更总价',NULL,NULL,NULL,'2012-02-13 14:30:46','2012-02-13 14:30:46',37,1),(43,'权限管理',NULL,NULL,NULL,'2012-02-13 14:30:46','2012-02-13 14:30:46',0,1),(44,'用户管理',NULL,NULL,NULL,'2012-02-13 14:30:46','2012-02-13 14:30:46',43,1),(45,'部门管理',NULL,NULL,NULL,'2012-02-13 14:30:46','2012-02-13 14:30:46',43,1),(46,'连锁店管理',NULL,NULL,NULL,'2012-02-13 14:30:46','2012-02-13 14:30:46',43,1),(47,'储物柜',NULL,NULL,NULL,'2012-02-13 14:30:46','2012-02-13 14:30:46',0,1),(48,'出租管理',NULL,NULL,NULL,'2012-02-13 14:30:46','2012-02-13 14:30:46',47,1),(49,'储物柜列表',NULL,NULL,NULL,'2012-02-13 14:30:46','2012-02-13 14:30:46',47,1),(50,'系统管理',NULL,NULL,NULL,'2012-02-13 14:30:46','2012-02-13 14:30:46',0,1),(51,'修改密码',NULL,NULL,NULL,'2012-02-13 14:30:46','2012-02-13 14:30:46',50,1),(52,'操作日志',NULL,NULL,NULL,'2012-02-13 14:30:46','2012-02-13 14:30:46',50,1),(53,'数据备份',NULL,NULL,NULL,'2012-02-13 14:30:46','2012-02-13 14:30:46',50,1),(54,'关于软件',NULL,NULL,NULL,'2012-02-13 14:30:46','2012-02-13 14:30:46',50,1);
/*!40000 ALTER TABLE `powers` ENABLE KEYS */;
UNLOCK TABLES;

--
-- Table structure for table `recharge_records`
--

DROP TABLE IF EXISTS `recharge_records`;
SET @saved_cs_client     = @@character_set_client;
SET character_set_client = utf8;
CREATE TABLE `recharge_records` (
  `id` int(11) NOT NULL auto_increment,
  `member_id` int(11) default NULL,
  `member_card_id` int(11) default NULL,
  `recharge_fee` decimal(10,2) default NULL,
  `recharge_times` int(11) default '0',
  `created_at` datetime default NULL,
  `updated_at` datetime default NULL,
  `recharge_person_name` varchar(255) collate utf8_unicode_ci default NULL,
  PRIMARY KEY  (`id`)
) ENGINE=InnoDB AUTO_INCREMENT=5 DEFAULT CHARSET=utf8 COLLATE=utf8_unicode_ci;
SET character_set_client = @saved_cs_client;

--
-- Dumping data for table `recharge_records`
--

LOCK TABLES `recharge_records` WRITE;
/*!40000 ALTER TABLE `recharge_records` DISABLE KEYS */;
INSERT INTO `recharge_records` VALUES (1,11,15,'100.00',0,'2012-06-09 09:29:13','2012-06-09 09:29:13','超级管理员'),(2,5,4,'6000.00',0,'2012-06-12 01:54:58','2012-06-12 01:54:58','李际洋'),(3,1,1,'5000.00',0,'2012-06-16 06:11:28','2012-06-16 06:11:28','超级管理员'),(4,13,17,'2000.00',0,'2012-06-25 07:28:40','2012-06-25 07:28:40','超级管理员');
/*!40000 ALTER TABLE `recharge_records` ENABLE KEYS */;
UNLOCK TABLES;

--
-- Table structure for table `rents`
--

DROP TABLE IF EXISTS `rents`;
SET @saved_cs_client     = @@character_set_client;
SET character_set_client = utf8;
CREATE TABLE `rents` (
  `id` int(11) NOT NULL auto_increment,
  `locker_id` int(11) default NULL,
  `member_id` int(11) default NULL,
  `card_id` int(11) default NULL,
  `start_date` date default NULL,
  `end_date` date default NULL,
  `total_fee` decimal(10,0) default NULL,
  `pay_way` int(11) default NULL,
  `remark` varchar(255) default NULL,
  `created_at` datetime default NULL,
  `updated_at` datetime default NULL,
  `is_member` tinyint(1) default NULL,
  `member_name` varchar(255) default NULL,
  `random_member_name` varchar(255) default NULL,
  `rent_state` varchar(255) default NULL,
  PRIMARY KEY  (`id`)
) ENGINE=MyISAM AUTO_INCREMENT=16 DEFAULT CHARSET=utf8;
SET character_set_client = @saved_cs_client;

--
-- Dumping data for table `rents`
--

LOCK TABLES `rents` WRITE;
/*!40000 ALTER TABLE `rents` DISABLE KEYS */;
INSERT INTO `rents` VALUES (9,1,1,1,'2012-06-28','2012-06-29','100',NULL,'','2012-06-28 14:09:22','2012-06-28 14:09:22',1,NULL,'','disable'),(10,1,1,1,'2012-06-28','2012-06-30','200',NULL,'','2012-06-28 14:09:38','2012-06-28 14:09:38',1,NULL,'','enable'),(11,1,1,1,'2012-07-01','2012-07-31','600',NULL,'','2012-07-01 02:37:24','2012-07-01 02:37:24',1,NULL,'','disable'),(12,1,1,1,'2012-07-01','2012-08-31','600',NULL,'','2012-07-01 02:37:43','2012-07-01 02:37:43',1,NULL,'','enable'),(13,2,4,4,'2012-07-01','2012-07-02','10',NULL,'','2012-07-01 02:39:22','2012-07-01 02:39:22',1,NULL,'','enable'),(14,4,16,16,'2012-07-01','2012-07-26','200',NULL,'','2012-07-01 04:07:06','2012-07-01 04:07:06',1,NULL,'','enable'),(15,5,16,16,'2012-07-01','2012-07-20','100',NULL,'','2012-07-01 04:18:53','2012-07-01 04:18:53',1,NULL,'','enable');
/*!40000 ALTER TABLE `rents` ENABLE KEYS */;
UNLOCK TABLES;

--
-- Table structure for table `schema_migrations`
--

DROP TABLE IF EXISTS `schema_migrations`;
SET @saved_cs_client     = @@character_set_client;
SET character_set_client = utf8;
CREATE TABLE `schema_migrations` (
  `version` varchar(255) collate utf8_unicode_ci NOT NULL,
  UNIQUE KEY `unique_schema_migrations` (`version`)
) ENGINE=InnoDB DEFAULT CHARSET=utf8 COLLATE=utf8_unicode_ci;
SET character_set_client = @saved_cs_client;

--
-- Dumping data for table `schema_migrations`
--

LOCK TABLES `schema_migrations` WRITE;
/*!40000 ALTER TABLE `schema_migrations` DISABLE KEYS */;
INSERT INTO `schema_migrations` VALUES ('20100617082734'),('20100617082739'),('20100617082910'),('20100617084315'),('20100617084818'),('20100617171134'),('20100617171355'),('20100621173352'),('20100621173420'),('20100621173437'),('20100623150354'),('20100625051103'),('20100627002436'),('20100627002706'),('20100628145059'),('20100629163341'),('20100629170507'),('20100709142152'),('20100713230008'),('20100713230044'),('20100713230115'),('20100722162050'),('20100905094709'),('20100905094757'),('20100905094840'),('20101107132239'),('20101109144654'),('20110320134206'),('20110405104643'),('20110405145327'),('20110405155459'),('20110407151945'),('20110409055852'),('20110409060743'),('20110409084417'),('20110410031247'),('20110507134426'),('20110518121454'),('20110521130105'),('20110521131515'),('20110605000234'),('20110606095711'),('20110612062220'),('20110612070343'),('20110731101353'),('20110821040439'),('20111109073819'),('20111109095708'),('20111112015738'),('20111117124806'),('20111119034403'),('20111120043818'),('20111120080244'),('20111124133447'),('20111125114925'),('20111126012254'),('20111126045818'),('20111127090342'),('20111127100326'),('20111203051829'),('20111204075515'),('20111210060553'),('20111211040515'),('20111211060147'),('20120107131344'),('20120410045448'),('20120412060221'),('20120501030114'),('20120501052244'),('20120527141639'),('20120609055408'),('20120609082414'),('20120609091354'),('20120625130230'),('20120625131104'),('20120625132825'),('20120626132410'),('20120627135346'),('20120627142919');
/*!40000 ALTER TABLE `schema_migrations` ENABLE KEYS */;
UNLOCK TABLES;

--
-- Table structure for table `sessions`
--

DROP TABLE IF EXISTS `sessions`;
SET @saved_cs_client     = @@character_set_client;
SET character_set_client = utf8;
CREATE TABLE `sessions` (
  `id` int(11) NOT NULL auto_increment,
  `session_id` varchar(255) collate utf8_unicode_ci default NULL,
  `data` text collate utf8_unicode_ci,
  `created_at` datetime default NULL,
  `updated_at` datetime default NULL,
  PRIMARY KEY  (`id`),
  KEY `index_sessions_on_session_id` (`session_id`),
  KEY `index_sessions_on_updated_at` (`updated_at`)
) ENGINE=InnoDB DEFAULT CHARSET=utf8 COLLATE=utf8_unicode_ci;
SET character_set_client = @saved_cs_client;

--
-- Dumping data for table `sessions`
--

LOCK TABLES `sessions` WRITE;
/*!40000 ALTER TABLE `sessions` DISABLE KEYS */;
/*!40000 ALTER TABLE `sessions` ENABLE KEYS */;
UNLOCK TABLES;

--
-- Table structure for table `user_powers`
--

DROP TABLE IF EXISTS `user_powers`;
SET @saved_cs_client     = @@character_set_client;
SET character_set_client = utf8;
CREATE TABLE `user_powers` (
  `id` int(11) NOT NULL auto_increment,
  `user_id` int(11) default NULL,
  `power_id` int(11) default NULL,
  `created_at` datetime default NULL,
  `updated_at` datetime default NULL,
  PRIMARY KEY  (`id`)
) ENGINE=InnoDB AUTO_INCREMENT=433 DEFAULT CHARSET=utf8 COLLATE=utf8_unicode_ci;
SET character_set_client = @saved_cs_client;

--
-- Dumping data for table `user_powers`
--

LOCK TABLES `user_powers` WRITE;
/*!40000 ALTER TABLE `user_powers` DISABLE KEYS */;
INSERT INTO `user_powers` VALUES (44,1,74,'2011-05-29 03:00:42','2011-05-29 03:00:42'),(45,1,75,'2011-05-29 03:00:42','2011-05-29 03:00:42'),(46,1,78,'2011-05-29 03:00:42','2011-05-29 03:00:42'),(47,1,77,'2011-05-29 03:00:42','2011-05-29 03:00:42'),(48,1,76,'2011-05-29 03:00:42','2011-05-29 03:00:42'),(49,1,72,'2011-05-29 03:00:42','2011-05-29 03:00:42'),(50,1,73,'2011-05-29 03:00:42','2011-05-29 03:00:42'),(51,1,68,'2011-05-29 03:00:42','2011-05-29 03:00:42'),(52,1,67,'2011-05-29 03:00:42','2011-05-29 03:00:42'),(53,1,71,'2011-05-29 03:00:42','2011-05-29 03:00:42'),(54,1,70,'2011-05-29 03:00:42','2011-05-29 03:00:42'),(55,1,69,'2011-05-29 03:00:42','2011-05-29 03:00:42'),(56,1,63,'2011-05-29 03:00:42','2011-05-29 03:00:42'),(57,1,66,'2011-05-29 03:00:42','2011-05-29 03:00:42'),(58,1,65,'2011-05-29 03:00:42','2011-05-29 03:00:42'),(59,1,64,'2011-05-29 03:00:42','2011-05-29 03:00:42'),(60,1,59,'2011-05-29 03:00:42','2011-05-29 03:00:42'),(61,1,60,'2011-05-29 03:00:42','2011-05-29 03:00:42'),(62,1,61,'2011-05-29 03:00:42','2011-05-29 03:00:42'),(63,1,62,'2011-05-29 03:00:42','2011-05-29 03:00:42'),(64,1,55,'2011-05-29 03:00:42','2011-05-29 03:00:42'),(65,1,56,'2011-05-29 03:00:42','2011-05-29 03:00:42'),(66,1,57,'2011-05-29 03:00:42','2011-05-29 03:00:42'),(67,1,58,'2011-05-29 03:00:42','2011-05-29 03:00:42'),(79,1,79,'2011-05-29 03:00:42','2011-05-29 03:00:42'),(80,1,80,'2011-05-29 03:00:42','2011-05-29 03:00:42'),(81,1,81,'2011-05-29 03:00:42','2011-05-29 03:00:42'),(82,1,82,'2011-05-29 03:00:42','2011-05-29 03:00:42'),(83,1,83,'2011-05-29 03:00:42','2011-05-29 03:00:42'),(84,1,84,'2011-05-29 03:00:42','2011-05-29 03:00:42'),(85,1,85,'2011-05-29 03:00:42','2011-05-29 03:00:42'),(86,1,86,'2011-05-29 03:00:42','2011-05-29 03:00:42'),(87,1,87,'2011-05-29 03:00:42','2011-05-29 03:00:42'),(88,1,88,'2011-05-29 03:00:42','2011-05-29 03:00:42'),(89,1,89,'2011-05-29 03:00:42','2011-05-29 03:00:42'),(90,1,90,'2011-05-29 03:00:42','2011-05-29 03:00:42'),(91,1,91,'2011-05-29 03:00:42','2011-05-29 03:00:42'),(92,1,92,'2011-05-29 03:00:42','2011-05-29 03:00:42'),(93,1,93,'2011-05-29 03:00:42','2011-05-29 03:00:42'),(94,1,94,'2011-05-29 03:00:42','2011-05-29 03:00:42'),(95,1,95,'2011-05-29 03:00:42','2011-05-29 03:00:42'),(96,1,96,'2011-05-29 03:00:42','2011-05-29 03:00:42'),(97,1,97,'2011-05-29 03:00:42','2011-05-29 03:00:42'),(148,1,8,'2012-05-26 03:23:51','2012-05-26 03:23:51'),(157,1,17,'2012-05-26 03:23:51','2012-05-26 03:23:51'),(158,1,18,'2012-05-26 03:23:51','2012-05-26 03:23:51'),(159,1,19,'2012-05-26 03:23:51','2012-05-26 03:23:51'),(160,1,20,'2012-05-26 03:23:51','2012-05-26 03:23:51'),(161,1,21,'2012-05-26 03:23:51','2012-05-26 03:23:51'),(177,1,37,'2012-05-26 03:23:51','2012-05-26 03:23:51'),(178,1,38,'2012-05-26 03:23:51','2012-05-26 03:23:51'),(179,1,39,'2012-05-26 03:23:51','2012-05-26 03:23:51'),(180,1,40,'2012-05-26 03:23:51','2012-05-26 03:23:51'),(202,4,8,'2012-05-26 04:57:17','2012-05-26 04:57:17'),(211,4,17,'2012-05-26 04:57:17','2012-05-26 04:57:17'),(212,4,18,'2012-05-26 04:57:17','2012-05-26 04:57:17'),(213,4,19,'2012-05-26 04:57:17','2012-05-26 04:57:17'),(214,4,20,'2012-05-26 04:57:17','2012-05-26 04:57:17'),(215,4,21,'2012-05-26 04:57:17','2012-05-26 04:57:17'),(231,4,37,'2012-05-26 04:57:18','2012-05-26 04:57:18'),(232,4,38,'2012-05-26 04:57:18','2012-05-26 04:57:18'),(233,4,39,'2012-05-26 04:57:18','2012-05-26 04:57:18'),(234,4,40,'2012-05-26 04:57:18','2012-05-26 04:57:18'),(253,1,50,'2012-05-28 07:56:35','2012-05-28 07:56:35'),(254,1,51,'2012-05-28 07:56:35','2012-05-28 07:56:35'),(255,1,52,'2012-05-28 07:56:35','2012-05-28 07:56:35'),(256,1,53,'2012-05-28 07:56:35','2012-05-28 07:56:35'),(257,1,54,'2012-05-28 07:56:35','2012-05-28 07:56:35'),(265,1,9,'2012-05-29 02:03:28','2012-05-29 02:03:28'),(271,1,26,'2012-05-29 02:03:28','2012-05-29 02:03:28'),(274,1,29,'2012-05-29 02:03:28','2012-05-29 02:03:28'),(275,1,30,'2012-05-29 02:03:28','2012-05-29 02:03:28'),(276,1,31,'2012-05-29 02:03:28','2012-05-29 02:03:28'),(278,1,33,'2012-05-29 02:03:28','2012-05-29 02:03:28'),(289,4,50,'2012-06-03 08:46:39','2012-06-03 08:46:39'),(290,4,51,'2012-06-03 08:46:39','2012-06-03 08:46:39'),(291,4,52,'2012-06-03 08:46:39','2012-06-03 08:46:39'),(292,4,53,'2012-06-03 08:46:39','2012-06-03 08:46:39'),(293,4,54,'2012-06-03 08:46:39','2012-06-03 08:46:39'),(301,4,9,'2012-06-03 08:46:39','2012-06-03 08:46:39'),(307,4,26,'2012-06-03 08:46:39','2012-06-03 08:46:39'),(310,4,29,'2012-06-03 08:46:39','2012-06-03 08:46:39'),(311,4,30,'2012-06-03 08:46:39','2012-06-03 08:46:39'),(312,4,31,'2012-06-03 08:46:39','2012-06-03 08:46:39'),(314,4,33,'2012-06-03 08:46:39','2012-06-03 08:46:39'),(315,1,1,'2012-06-06 06:56:00','2012-06-06 06:56:00'),(316,1,2,'2012-06-06 06:56:00','2012-06-06 06:56:00'),(317,1,3,'2012-06-06 06:56:00','2012-06-06 06:56:00'),(318,1,4,'2012-06-06 06:56:00','2012-06-06 06:56:00'),(319,1,5,'2012-06-06 06:56:00','2012-06-06 06:56:00'),(320,1,6,'2012-06-06 06:56:00','2012-06-06 06:56:00'),(321,1,7,'2012-06-06 06:56:00','2012-06-06 06:56:00'),(322,1,10,'2012-06-06 06:56:00','2012-06-06 06:56:00'),(323,1,11,'2012-06-06 06:56:00','2012-06-06 06:56:00'),(324,1,12,'2012-06-06 06:56:00','2012-06-06 06:56:00'),(325,1,13,'2012-06-06 06:56:00','2012-06-06 06:56:00'),(326,1,14,'2012-06-06 06:56:00','2012-06-06 06:56:00'),(327,1,15,'2012-06-06 06:56:00','2012-06-06 06:56:00'),(328,1,16,'2012-06-06 06:56:00','2012-06-06 06:56:00'),(329,1,22,'2012-06-06 06:56:00','2012-06-06 06:56:00'),(330,1,23,'2012-06-06 06:56:00','2012-06-06 06:56:00'),(331,1,24,'2012-06-06 06:56:00','2012-06-06 06:56:00'),(332,1,25,'2012-06-06 06:56:00','2012-06-06 06:56:00'),(333,1,27,'2012-06-06 06:56:00','2012-06-06 06:56:00'),(334,1,28,'2012-06-06 06:56:00','2012-06-06 06:56:00'),(335,1,32,'2012-06-06 06:56:00','2012-06-06 06:56:00'),(336,1,34,'2012-06-06 06:56:00','2012-06-06 06:56:00'),(337,1,35,'2012-06-06 06:56:00','2012-06-06 06:56:00'),(338,1,36,'2012-06-06 06:56:00','2012-06-06 06:56:00'),(339,1,41,'2012-06-06 06:56:00','2012-06-06 06:56:00'),(340,1,42,'2012-06-06 06:56:00','2012-06-06 06:56:00'),(341,1,43,'2012-06-06 06:56:00','2012-06-06 06:56:00'),(342,1,44,'2012-06-06 06:56:00','2012-06-06 06:56:00'),(343,1,45,'2012-06-06 06:56:00','2012-06-06 06:56:00'),(344,1,46,'2012-06-06 06:56:00','2012-06-06 06:56:00'),(348,5,8,'2012-06-06 06:57:05','2012-06-06 06:57:05'),(349,5,17,'2012-06-06 06:57:05','2012-06-06 06:57:05'),(350,5,18,'2012-06-06 06:57:05','2012-06-06 06:57:05'),(351,5,19,'2012-06-06 06:57:05','2012-06-06 06:57:05'),(352,5,20,'2012-06-06 06:57:05','2012-06-06 06:57:05'),(353,5,21,'2012-06-06 06:57:05','2012-06-06 06:57:05'),(354,5,37,'2012-06-06 06:57:05','2012-06-06 06:57:05'),(355,5,38,'2012-06-06 06:57:05','2012-06-06 06:57:05'),(356,5,39,'2012-06-06 06:57:05','2012-06-06 06:57:05'),(357,5,40,'2012-06-06 06:57:05','2012-06-06 06:57:05'),(358,5,50,'2012-06-06 06:57:05','2012-06-06 06:57:05'),(359,5,51,'2012-06-06 06:57:05','2012-06-06 06:57:05'),(360,5,52,'2012-06-06 06:57:05','2012-06-06 06:57:05'),(361,5,53,'2012-06-06 06:57:05','2012-06-06 06:57:05'),(362,5,54,'2012-06-06 06:57:05','2012-06-06 06:57:05'),(363,5,9,'2012-06-06 06:57:05','2012-06-06 06:57:05'),(364,5,26,'2012-06-06 06:57:05','2012-06-06 06:57:05'),(365,5,29,'2012-06-06 06:57:05','2012-06-06 06:57:05'),(366,5,30,'2012-06-06 06:57:05','2012-06-06 06:57:05'),(367,5,31,'2012-06-06 06:57:05','2012-06-06 06:57:05'),(368,5,33,'2012-06-06 06:57:05','2012-06-06 06:57:05'),(369,6,8,'2012-06-06 07:01:11','2012-06-06 07:01:11'),(370,6,17,'2012-06-06 07:01:11','2012-06-06 07:01:11'),(371,6,18,'2012-06-06 07:01:11','2012-06-06 07:01:11'),(372,6,19,'2012-06-06 07:01:11','2012-06-06 07:01:11'),(373,6,20,'2012-06-06 07:01:11','2012-06-06 07:01:11'),(374,6,21,'2012-06-06 07:01:11','2012-06-06 07:01:11'),(375,6,37,'2012-06-06 07:01:11','2012-06-06 07:01:11'),(376,6,38,'2012-06-06 07:01:11','2012-06-06 07:01:11'),(377,6,39,'2012-06-06 07:01:11','2012-06-06 07:01:11'),(378,6,40,'2012-06-06 07:01:11','2012-06-06 07:01:11'),(379,6,50,'2012-06-06 07:01:11','2012-06-06 07:01:11'),(380,6,51,'2012-06-06 07:01:11','2012-06-06 07:01:11'),(381,6,52,'2012-06-06 07:01:11','2012-06-06 07:01:11'),(382,6,53,'2012-06-06 07:01:11','2012-06-06 07:01:11'),(383,6,54,'2012-06-06 07:01:11','2012-06-06 07:01:11'),(384,6,9,'2012-06-06 07:01:11','2012-06-06 07:01:11'),(385,6,26,'2012-06-06 07:01:11','2012-06-06 07:01:11'),(386,6,29,'2012-06-06 07:01:11','2012-06-06 07:01:11'),(387,6,30,'2012-06-06 07:01:11','2012-06-06 07:01:11'),(388,6,31,'2012-06-06 07:01:11','2012-06-06 07:01:11'),(389,6,33,'2012-06-06 07:01:11','2012-06-06 07:01:11'),(390,7,8,'2012-06-07 02:20:12','2012-06-07 02:20:12'),(391,7,17,'2012-06-07 02:20:12','2012-06-07 02:20:12'),(392,7,18,'2012-06-07 02:20:12','2012-06-07 02:20:12'),(393,7,19,'2012-06-07 02:20:12','2012-06-07 02:20:12'),(394,7,20,'2012-06-07 02:20:12','2012-06-07 02:20:12'),(395,7,21,'2012-06-07 02:20:12','2012-06-07 02:20:12'),(396,7,37,'2012-06-07 02:20:12','2012-06-07 02:20:12'),(397,7,38,'2012-06-07 02:20:12','2012-06-07 02:20:12'),(398,7,39,'2012-06-07 02:20:12','2012-06-07 02:20:12'),(399,7,40,'2012-06-07 02:20:12','2012-06-07 02:20:12'),(400,7,50,'2012-06-07 02:20:12','2012-06-07 02:20:12'),(401,7,51,'2012-06-07 02:20:12','2012-06-07 02:20:12'),(402,7,52,'2012-06-07 02:20:12','2012-06-07 02:20:12'),(403,7,53,'2012-06-07 02:20:12','2012-06-07 02:20:12'),(404,7,54,'2012-06-07 02:20:12','2012-06-07 02:20:12'),(405,7,9,'2012-06-07 02:20:12','2012-06-07 02:20:12'),(406,7,26,'2012-06-07 02:20:12','2012-06-07 02:20:12'),(407,7,29,'2012-06-07 02:20:12','2012-06-07 02:20:12'),(408,7,30,'2012-06-07 02:20:12','2012-06-07 02:20:12'),(409,7,31,'2012-06-07 02:20:12','2012-06-07 02:20:12'),(410,7,33,'2012-06-07 02:20:12','2012-06-07 02:20:12'),(412,7,22,'2012-06-09 04:30:06','2012-06-09 04:30:06'),(413,7,23,'2012-06-09 04:30:06','2012-06-09 04:30:06'),(414,7,25,'2012-06-09 04:30:06','2012-06-09 04:30:06'),(416,6,23,'2012-06-09 08:45:50','2012-06-09 08:45:50'),(419,4,23,'2012-06-11 07:28:33','2012-06-11 07:28:33'),(421,4,43,'2012-06-12 01:53:32','2012-06-12 01:53:32'),(422,4,44,'2012-06-12 01:53:32','2012-06-12 01:53:32'),(423,4,45,'2012-06-12 01:53:32','2012-06-12 01:53:32'),(424,4,12,'2012-06-12 01:54:34','2012-06-12 01:54:34'),(425,4,14,'2012-06-12 01:54:34','2012-06-12 01:54:34'),(426,6,43,'2012-06-13 01:58:46','2012-06-13 01:58:46'),(427,6,44,'2012-06-13 01:58:46','2012-06-13 01:58:46'),(428,6,45,'2012-06-13 01:58:46','2012-06-13 01:58:46'),(429,6,12,'2012-06-13 01:58:46','2012-06-13 01:58:46'),(430,6,14,'2012-06-13 01:58:46','2012-06-13 01:58:46'),(431,4,22,'2012-06-16 02:57:41','2012-06-16 02:57:41'),(432,4,24,'2012-06-16 02:59:38','2012-06-16 02:59:38');
/*!40000 ALTER TABLE `user_powers` ENABLE KEYS */;
UNLOCK TABLES;

--
-- Table structure for table `users`
--

DROP TABLE IF EXISTS `users`;
SET @saved_cs_client     = @@character_set_client;
SET character_set_client = utf8;
CREATE TABLE `users` (
  `id` int(11) NOT NULL auto_increment,
  `created_at` datetime default NULL,
  `updated_at` datetime default NULL,
  `user_name` varchar(255) collate utf8_unicode_ci default NULL,
  `login` varchar(255) collate utf8_unicode_ci default NULL,
  `crypted_password` varchar(255) collate utf8_unicode_ci default NULL,
  `password_salt` varchar(255) collate utf8_unicode_ci default NULL,
  `persistence_token` varchar(255) collate utf8_unicode_ci default NULL,
  `login_count` int(11) default NULL,
  `last_request_at` datetime default NULL,
  `last_login_at` datetime default NULL,
  `current_login_at` datetime default NULL,
  `last_login_ip` varchar(255) collate utf8_unicode_ci default NULL,
  `current_login_ip` varchar(255) collate utf8_unicode_ci default NULL,
  `user_name_pinyin` varchar(255) collate utf8_unicode_ci default NULL,
  `state` varchar(255) collate utf8_unicode_ci default NULL,
  PRIMARY KEY  (`id`),
  KEY `index_users_on_login` (`login`),
  KEY `index_users_on_persistence_token` (`persistence_token`),
  KEY `index_users_on_last_request_at` (`last_request_at`)
) ENGINE=InnoDB AUTO_INCREMENT=9 DEFAULT CHARSET=utf8 COLLATE=utf8_unicode_ci;
SET character_set_client = @saved_cs_client;

--
-- Dumping data for table `users`
--

LOCK TABLES `users` WRITE;
/*!40000 ALTER TABLE `users` DISABLE KEYS */;
INSERT INTO `users` VALUES (1,'2011-05-27 18:27:02','2012-07-01 03:54:22','超级管理员','admin','f3554830e926579a2baa44a3dacaeefae9f510bb4f04e97cd068a410b0e75ceb4f5f61ca71d3b791890152218e4f6fc3fa4e5a36d0ef330e2ba210d72833b09a','OSjzNqoGAkk0UJSHU156','dc6b87fbc34f592e9f0805a6633d3c3dde2c487ab9b30c55ed5de13db106c68f7f45adb3bb2849b894d89298db7e87efa21f2bc6a441f24418cafce07721ca73',314,'2013-05-30 08:29:07','2012-07-01 03:13:54','2012-07-01 03:54:22','192.168.1.222','192.168.1.222','chaojiguanliyuan',NULL),(4,'2012-05-26 04:57:17','2012-06-16 03:41:14','李际洋','ljy','0afe2a27c5261eacf84e8bffb2199453cbe77b4019af02fa0ec03c7401fbaa57a323a8dd2a2547ccf64bfba4e9eff502293573822f8163af8823b408c0f07404','3JhvO470Ekh76sbNRjCe','d1bcff30811dce41e92d326c6c0119a69751dd827d1c064572477d6ce5aed335f9e8d12b26b6a7f888a96979a7d248c047a0f355ef15c44b6ce83d77769e27d1',10,'2012-06-16 03:41:14','2012-06-13 02:03:00','2012-06-16 02:53:03','114.245.188.36','114.245.188.36','lijiyang',NULL),(6,'2012-06-06 07:01:11','2012-06-13 06:15:38','聂宝超','nie','4f7f427f353738589cabde2845a38f73d31286a80d28f57e39fc651e28027f835d910def0f22ea3a7e3d124120007a468196836b8d59e23084a6a5260f3a69bf','y8yzVuwgBX2mDwHfiSQN','52aed8530fb81a38e356b1e37e80bd6772e1580f9ccab3a2b4e41eb676eaf52b0fa2dc9279033b16f306723ba6ab6b22d3fb395eeb031d4c7f8774a066116018',11,'2012-06-13 06:15:38','2012-06-13 05:29:42','2012-06-13 05:59:32','114.245.188.36','114.245.188.36','niebaochao',NULL),(7,'2012-06-07 02:20:12','2012-06-09 07:55:55','林美超','lin','a7b4fa3d1f2187e62789b3cabc0235d084d107ac47057e50e0de0b1cf04922326243187d150313c0fd5ae857da01a33e0ebd0448f97b6d040ae74e5bcc3a1330','i89l2XmQ66IPsBjGz0Ru','3d4500aeaa7bcde7459b64683ea5485c327e0be932d2b465583112797f2fd9091e26f51a3bd485f9cc56811d344be6b08474230466258d1b27172a8e6536ccb8',10,'2012-06-09 07:55:55','2012-06-09 06:55:24','2012-06-09 07:15:30','221.219.125.86','221.219.125.86','linmeichao',NULL),(8,'2012-07-01 03:03:01','2012-07-01 03:13:29','123','123123','c49be1f364a7ab6c1827a99e80801703b3fa4d81375484adf2dcccbd237cb8084e00cd5a349f7615e014c4a1dccf172741e698887ab7156168fc52c8d5312169','OEmrw251SYM8jdNBbPd','ed50b51d3d97c22bcfc26a09eedcf8d4d3199196dd799879158e039d24025f2da0b0f40401d8657d2dd905576b770c7c2fc305d4fc475c6f144c8d604a8c5ead',1,'2012-07-01 03:13:29',NULL,'2012-07-01 03:04:22',NULL,'192.168.1.222','123','enabled');
/*!40000 ALTER TABLE `users` ENABLE KEYS */;
UNLOCK TABLES;

--
-- Table structure for table `vacations`
--

DROP TABLE IF EXISTS `vacations`;
SET @saved_cs_client     = @@character_set_client;
SET character_set_client = utf8;
CREATE TABLE `vacations` (
  `id` int(11) NOT NULL auto_increment,
  `start_date` date default NULL,
  `end_date` date default NULL,
  `name` varchar(255) collate utf8_unicode_ci default NULL,
  `created_at` datetime default NULL,
  `updated_at` datetime default NULL,
  `vacation_type` varchar(255) collate utf8_unicode_ci default NULL,
  PRIMARY KEY  (`id`)
) ENGINE=InnoDB AUTO_INCREMENT=5 DEFAULT CHARSET=utf8 COLLATE=utf8_unicode_ci;
SET character_set_client = @saved_cs_client;

--
-- Dumping data for table `vacations`
--

LOCK TABLES `vacations` WRITE;
/*!40000 ALTER TABLE `vacations` DISABLE KEYS */;
INSERT INTO `vacations` VALUES (1,'2012-06-27','2012-06-28','12323','2012-06-26 03:18:34','2012-06-26 03:18:34',NULL),(2,'2012-06-30','2012-07-01','测试','2012-06-27 02:11:04','2012-06-27 02:11:04','workday'),(3,'2012-07-02','2012-07-03','测试2','2012-06-27 02:21:13','2012-06-27 02:21:13','holiday'),(4,'2012-07-08','2012-07-09','测试3','2012-06-27 02:26:31','2012-06-27 02:26:31','workday');
/*!40000 ALTER TABLE `vacations` ENABLE KEYS */;
UNLOCK TABLES;
/*!40103 SET TIME_ZONE=@OLD_TIME_ZONE */;

/*!40101 SET SQL_MODE=@OLD_SQL_MODE */;
/*!40014 SET FOREIGN_KEY_CHECKS=@OLD_FOREIGN_KEY_CHECKS */;
/*!40014 SET UNIQUE_CHECKS=@OLD_UNIQUE_CHECKS */;
/*!40101 SET CHARACTER_SET_CLIENT=@OLD_CHARACTER_SET_CLIENT */;
/*!40101 SET CHARACTER_SET_RESULTS=@OLD_CHARACTER_SET_RESULTS */;
/*!40101 SET COLLATION_CONNECTION=@OLD_COLLATION_CONNECTION */;
/*!40111 SET SQL_NOTES=@OLD_SQL_NOTES */;

-- Dump completed on 2012-07-01  4:20:41
