-- MySQL dump 10.13  Distrib 5.5.24, for debian-linux-gnu (i686)
--
-- Host: localhost    Database: cardsys
-- ------------------------------------------------------
-- Server version	5.5.24-0ubuntu0.12.04.1

/*!40101 SET @OLD_CHARACTER_SET_CLIENT=@@CHARACTER_SET_CLIENT */;
/*!40101 SET @OLD_CHARACTER_SET_RESULTS=@@CHARACTER_SET_RESULTS */;
/*!40101 SET @OLD_COLLATION_CONNECTION=@@COLLATION_CONNECTION */;
/*!40101 SET NAMES utf8 */;
/*!40103 SET @OLD_TIME_ZONE=@@TIME_ZONE */;
/*!40103 SET TIME_ZONE='+00:00' */;
/*!40014 SET @OLD_UNIQUE_CHECKS=@@UNIQUE_CHECKS, UNIQUE_CHECKS=0 */;
/*!40014 SET @OLD_FOREIGN_KEY_CHECKS=@@FOREIGN_KEY_CHECKS, FOREIGN_KEY_CHECKS=0 */;
/*!40101 SET @OLD_SQL_MODE=@@SQL_MODE, SQL_MODE='NO_AUTO_VALUE_ON_ZERO' */;
/*!40111 SET @OLD_SQL_NOTES=@@SQL_NOTES, SQL_NOTES=0 */;

--
-- Table structure for table `advanced_orders`
--

DROP TABLE IF EXISTS `advanced_orders`;
/*!40101 SET @saved_cs_client     = @@character_set_client */;
/*!40101 SET character_set_client = utf8 */;
CREATE TABLE `advanced_orders` (
  `id` int(11) NOT NULL AUTO_INCREMENT,
  `wday` int(11) DEFAULT NULL,
  `start_date` date DEFAULT NULL,
  `end_date` date DEFAULT NULL,
  `start_hour` int(11) DEFAULT NULL,
  `end_hour` int(11) DEFAULT NULL,
  `court_id` int(11) DEFAULT NULL,
  `created_at` datetime DEFAULT NULL,
  `updated_at` datetime DEFAULT NULL,
  PRIMARY KEY (`id`)
) ENGINE=InnoDB DEFAULT CHARSET=utf8 COLLATE=utf8_unicode_ci;
/*!40101 SET character_set_client = @saved_cs_client */;

--
-- Dumping data for table `advanced_orders`
--

LOCK TABLES `advanced_orders` WRITE;
/*!40000 ALTER TABLE `advanced_orders` DISABLE KEYS */;
/*!40000 ALTER TABLE `advanced_orders` ENABLE KEYS */;
UNLOCK TABLES;

--
-- Table structure for table `balance_items`
--

DROP TABLE IF EXISTS `balance_items`;
/*!40101 SET @saved_cs_client     = @@character_set_client */;
/*!40101 SET character_set_client = utf8 */;
CREATE TABLE `balance_items` (
  `id` int(11) NOT NULL AUTO_INCREMENT,
  `order_id` int(11) DEFAULT NULL,
  `order_item_id` int(11) DEFAULT NULL,
  `balance_id` int(11) DEFAULT NULL,
  `total_price` int(11) DEFAULT NULL,
  `discount_rate` float DEFAULT NULL,
  `reason` varchar(255) COLLATE utf8_unicode_ci DEFAULT NULL,
  `created_at` datetime DEFAULT NULL,
  `updated_at` datetime DEFAULT NULL,
  `count_amount` int(11) DEFAULT NULL,
  PRIMARY KEY (`id`)
) ENGINE=InnoDB DEFAULT CHARSET=utf8 COLLATE=utf8_unicode_ci;
/*!40101 SET character_set_client = @saved_cs_client */;

--
-- Dumping data for table `balance_items`
--

LOCK TABLES `balance_items` WRITE;
/*!40000 ALTER TABLE `balance_items` DISABLE KEYS */;
/*!40000 ALTER TABLE `balance_items` ENABLE KEYS */;
UNLOCK TABLES;

--
-- Table structure for table `balances`
--

DROP TABLE IF EXISTS `balances`;
/*!40101 SET @saved_cs_client     = @@character_set_client */;
/*!40101 SET character_set_client = utf8 */;
CREATE TABLE `balances` (
  `id` int(11) NOT NULL AUTO_INCREMENT,
  `order_id` int(11) DEFAULT NULL,
  `price` decimal(10,2) DEFAULT NULL,
  `final_price` decimal(10,2) DEFAULT NULL,
  `change_note` varchar(255) COLLATE utf8_unicode_ci DEFAULT NULL,
  `created_at` datetime DEFAULT NULL,
  `updated_at` datetime DEFAULT NULL,
  `balance_way` varchar(255) COLLATE utf8_unicode_ci DEFAULT NULL,
  `user_id` int(11) DEFAULT NULL,
  PRIMARY KEY (`id`)
) ENGINE=InnoDB AUTO_INCREMENT=45 DEFAULT CHARSET=utf8 COLLATE=utf8_unicode_ci;
/*!40101 SET character_set_client = @saved_cs_client */;

--
-- Dumping data for table `balances`
--

LOCK TABLES `balances` WRITE;
/*!40000 ALTER TABLE `balances` DISABLE KEYS */;
INSERT INTO `balances` VALUES (2,14,412.00,412.00,NULL,'2012-07-26 12:15:38','2012-07-26 12:15:38','card',11),(3,13,360.00,360.00,NULL,'2012-07-26 13:24:11','2012-07-26 13:24:11','card',11),(4,15,379.00,379.00,NULL,'2012-07-26 13:25:29','2012-07-26 13:25:29','card',11),(5,20,4.00,4.00,NULL,'2012-07-27 07:00:45','2012-07-27 07:00:45','cash',15),(6,21,10.00,10.00,NULL,'2012-07-27 07:02:06','2012-07-27 07:02:06','cash',15),(7,22,33.00,33.00,NULL,'2012-07-27 07:06:08','2012-07-27 07:06:08','cash',15),(8,23,32.00,32.00,NULL,'2012-07-27 07:32:53','2012-07-27 07:32:53','cash',15),(9,24,26.00,26.00,NULL,'2012-07-27 07:34:33','2012-07-27 07:34:33','cash',15),(10,26,50.00,50.00,NULL,'2012-07-27 09:20:31','2012-07-27 09:20:31','cash',16),(11,28,8.00,8.00,NULL,'2012-07-27 09:43:21','2012-07-27 09:43:21','cash',16),(12,30,18.00,18.00,NULL,'2012-07-27 10:24:58','2012-07-27 10:24:58','cash',16),(13,31,8.00,8.00,NULL,'2012-07-27 10:26:39','2012-07-27 10:26:39','cash',16),(14,32,4.00,4.00,NULL,'2012-07-27 10:27:55','2012-07-27 10:27:55','cash',16),(15,33,10.00,10.00,NULL,'2012-07-27 10:30:44','2012-07-27 10:30:44','cash',16),(16,35,25.00,25.00,NULL,'2012-07-27 10:35:53','2012-07-27 10:35:53','cash',16),(17,36,16.00,16.00,NULL,'2012-07-27 10:40:39','2012-07-27 10:40:39','cash',16),(18,38,4.00,4.00,NULL,'2012-07-27 10:43:29','2012-07-27 10:43:29','cash',16),(19,39,5.00,5.00,NULL,'2012-07-27 10:44:04','2012-07-27 10:44:04','cash',16),(20,40,6.00,6.00,NULL,'2012-07-27 10:50:17','2012-07-27 10:50:17','cash',16),(21,41,4.00,4.00,NULL,'2012-07-27 11:49:54','2012-07-27 11:49:54','cash',16),(22,42,8.00,8.00,NULL,'2012-07-27 11:51:20','2012-07-27 11:51:20','cash',16),(23,43,17.00,17.00,NULL,'2012-07-27 11:53:30','2012-07-27 11:53:30','cash',16),(24,17,2.00,2.00,NULL,'2012-07-27 12:32:42','2012-07-27 12:32:42','counter',16),(25,18,2.00,2.00,NULL,'2012-07-27 12:33:48','2012-07-27 12:33:48','counter',16),(26,29,10.00,10.00,NULL,'2012-07-27 12:41:29','2012-07-27 12:41:29','cash',16),(27,29,360.00,360.00,NULL,'2012-07-27 12:41:56','2012-07-27 12:41:56','pos',16),(28,27,360.00,360.00,NULL,'2012-07-27 12:47:14','2012-07-27 12:47:14','card',16),(29,19,200.00,200.00,NULL,'2012-07-27 13:00:40','2012-07-27 13:00:40','card',16),(30,45,120.00,120.00,NULL,'2012-07-27 13:32:38','2012-07-27 13:32:38','card',16),(31,46,5.00,5.00,NULL,'2012-07-27 13:36:12','2012-07-27 13:36:12','cash',16),(32,47,8.00,8.00,NULL,'2012-07-27 13:36:56','2012-07-27 13:36:56','cash',16),(33,48,5.00,5.00,NULL,'2012-07-27 13:45:19','2012-07-27 13:45:19','cash',16),(34,11,2.00,2.00,NULL,'2012-07-27 14:24:53','2012-07-27 14:24:53','counter',16),(35,12,2.00,2.00,NULL,'2012-07-27 14:26:55','2012-07-27 14:26:55','counter',16),(36,16,2.00,2.00,NULL,'2012-07-27 14:27:36','2012-07-27 14:27:36','counter',16),(37,49,15.00,15.00,NULL,'2012-07-28 01:48:15','2012-07-28 01:48:15','cash',9),(38,55,12.00,12.00,NULL,'2012-07-28 02:12:42','2012-07-28 02:12:42','cash',9),(39,56,6.00,6.00,NULL,'2012-07-28 02:13:47','2012-07-28 02:13:47','cash',9),(40,64,400.00,300.00,NULL,'2012-07-28 02:40:29','2012-07-28 02:40:29','card',9),(41,65,14.00,14.00,NULL,'2012-07-28 03:47:22','2012-07-28 03:47:22','cash',9),(42,50,24.00,24.00,NULL,'2012-07-28 03:58:45','2012-07-28 03:58:45','card',9),(43,67,12.00,12.00,NULL,'2012-07-28 04:27:26','2012-07-28 04:27:26','cash',9),(44,74,4.00,4.00,NULL,'2012-07-28 06:03:38','2012-07-28 06:03:38','cash',9);
/*!40000 ALTER TABLE `balances` ENABLE KEYS */;
UNLOCK TABLES;

--
-- Table structure for table `book_records`
--

DROP TABLE IF EXISTS `book_records`;
/*!40101 SET @saved_cs_client     = @@character_set_client */;
/*!40101 SET character_set_client = utf8 */;
CREATE TABLE `book_records` (
  `id` int(11) NOT NULL AUTO_INCREMENT,
  `resource_id` int(11) DEFAULT NULL,
  `resource_type` varchar(255) COLLATE utf8_unicode_ci DEFAULT NULL,
  `end_hour` int(11) DEFAULT NULL,
  `start_hour` int(11) DEFAULT NULL,
  `alloc_date` date DEFAULT NULL,
  `order_id` int(11) DEFAULT NULL,
  `type` varchar(255) COLLATE utf8_unicode_ci DEFAULT NULL,
  PRIMARY KEY (`id`)
) ENGINE=InnoDB AUTO_INCREMENT=46 DEFAULT CHARSET=utf8 COLLATE=utf8_unicode_ci;
/*!40101 SET character_set_client = @saved_cs_client */;

--
-- Dumping data for table `book_records`
--

LOCK TABLES `book_records` WRITE;
/*!40000 ALTER TABLE `book_records` DISABLE KEYS */;
INSERT INTO `book_records` VALUES (11,15,'Court',22,20,'2012-07-27',11,'CourtBookRecord'),(12,16,'Court',22,20,'2012-07-27',12,'CourtBookRecord'),(13,15,'Court',21,19,'2012-07-26',13,'CourtBookRecord'),(14,16,'Court',20,18,'2012-07-26',14,'CourtBookRecord'),(15,17,'Court',21,19,'2012-07-26',15,'CourtBookRecord'),(16,17,'Court',22,20,'2012-07-27',16,'CourtBookRecord'),(17,15,'Court',20,18,'2012-07-27',17,'CourtBookRecord'),(18,16,'Court',20,18,'2012-07-27',18,'CourtBookRecord'),(19,18,'Court',17,16,'2012-07-27',19,'CourtBookRecord'),(21,21,'Court',20,18,'2012-07-27',27,'CourtBookRecord'),(22,17,'Court',20,18,'2012-07-27',29,'CourtBookRecord'),(25,17,'Court',12,10,'2012-07-28',50,'CourtBookRecord'),(26,21,'Court',12,10,'2012-07-28',51,'CourtBookRecord'),(27,22,'Court',11,10,'2012-07-28',52,'CourtBookRecord'),(28,15,'Court',12,10,'2012-07-28',53,'CourtBookRecord'),(29,18,'Court',12,10,'2012-07-28',54,'CourtBookRecord'),(30,15,'Court',12,11,'2012-07-29',57,'CourtBookRecord'),(31,16,'Court',12,11,'2012-07-29',58,'CourtBookRecord'),(32,15,'Court',15,13,'2012-07-29',59,'CourtBookRecord'),(33,15,'Court',17,15,'2012-07-29',60,'CourtBookRecord'),(34,16,'Court',17,15,'2012-07-29',61,'CourtBookRecord'),(35,15,'Court',19,18,'2012-07-29',62,'CourtBookRecord'),(36,18,'Court',20,18,'2012-07-29',63,'CourtBookRecord'),(37,16,'Court',10,8,'2012-07-28',64,'CourtBookRecord'),(38,1,'Coach',10,8,'2012-07-28',64,'CoachBookRecord'),(39,15,'Court',19,18,'2012-07-31',66,'CourtBookRecord'),(40,17,'Court',21,19,'2012-08-01',68,'CourtBookRecord'),(41,18,'Court',21,19,'2012-08-01',69,'CourtBookRecord'),(42,21,'Court',9,7,'2012-07-29',70,'CourtBookRecord'),(43,17,'Court',21,18,'2012-07-29',71,'CourtBookRecord'),(44,15,'Court',20,18,'2012-07-28',72,'CourtBookRecord'),(45,16,'Court',15,14,'2012-07-28',73,'CourtBookRecord');
/*!40000 ALTER TABLE `book_records` ENABLE KEYS */;
UNLOCK TABLES;

--
-- Table structure for table `card_period_prices`
--

DROP TABLE IF EXISTS `card_period_prices`;
/*!40101 SET @saved_cs_client     = @@character_set_client */;
/*!40101 SET character_set_client = utf8 */;
CREATE TABLE `card_period_prices` (
  `id` int(11) NOT NULL AUTO_INCREMENT,
  `card_id` int(11) DEFAULT NULL,
  `period_price_id` int(11) DEFAULT NULL,
  `card_price` decimal(10,2) DEFAULT '0.00',
  `description` text COLLATE utf8_unicode_ci,
  `created_at` datetime DEFAULT NULL,
  `updated_at` datetime DEFAULT NULL,
  PRIMARY KEY (`id`)
) ENGINE=InnoDB AUTO_INCREMENT=250 DEFAULT CHARSET=utf8 COLLATE=utf8_unicode_ci;
/*!40101 SET character_set_client = @saved_cs_client */;

--
-- Dumping data for table `card_period_prices`
--

LOCK TABLES `card_period_prices` WRITE;
/*!40000 ALTER TABLE `card_period_prices` DISABLE KEYS */;
INSERT INTO `card_period_prices` VALUES (106,9,3,100.00,NULL,'2012-05-30 05:31:34','2012-05-30 05:31:34'),(107,9,2,100.00,NULL,'2012-05-30 05:31:34','2012-05-30 05:31:34'),(108,8,1,60.00,NULL,'2012-05-30 05:32:11','2012-05-30 05:32:11'),(166,6,3,50.00,NULL,'2012-06-07 02:22:36','2012-06-07 02:22:36'),(167,6,2,50.00,NULL,'2012-06-07 02:22:36','2012-06-07 02:22:36'),(168,6,1,30.00,NULL,'2012-06-07 02:22:36','2012-06-07 02:22:36'),(169,1,3,70.00,NULL,'2012-07-01 08:14:07','2012-07-01 08:14:07'),(170,1,9,560.00,NULL,'2012-07-01 08:14:07','2012-07-01 08:14:07'),(171,1,6,240.00,NULL,'2012-07-01 08:14:07','2012-07-01 08:14:07'),(172,1,2,70.00,NULL,'2012-07-01 08:14:07','2012-07-01 08:14:07'),(173,1,1,30.00,NULL,'2012-07-01 08:14:07','2012-07-01 08:14:07'),(174,1,8,560.00,NULL,'2012-07-01 08:14:07','2012-07-01 08:14:07'),(175,1,7,460.00,NULL,'2012-07-01 08:14:07','2012-07-01 08:14:07'),(176,1,5,240.00,NULL,'2012-07-01 08:14:07','2012-07-01 08:14:07'),(177,1,4,160.00,NULL,'2012-07-01 08:14:07','2012-07-01 08:14:07'),(178,3,3,50.00,NULL,'2012-07-01 08:14:26','2012-07-01 08:14:26'),(179,3,9,400.00,NULL,'2012-07-01 08:14:26','2012-07-01 08:14:26'),(180,3,6,180.00,NULL,'2012-07-01 08:14:26','2012-07-01 08:14:26'),(181,3,2,50.00,NULL,'2012-07-01 08:14:26','2012-07-01 08:14:26'),(182,3,1,30.00,NULL,'2012-07-01 08:14:26','2012-07-01 08:14:26'),(183,3,8,400.00,NULL,'2012-07-01 08:14:26','2012-07-01 08:14:26'),(184,3,7,320.00,NULL,'2012-07-01 08:14:26','2012-07-01 08:14:26'),(185,3,5,180.00,NULL,'2012-07-01 08:14:26','2012-07-01 08:14:26'),(186,3,4,120.00,NULL,'2012-07-01 08:14:26','2012-07-01 08:14:26'),(187,2,3,60.00,NULL,'2012-07-01 08:14:46','2012-07-01 08:14:46'),(188,2,9,480.00,NULL,'2012-07-01 08:14:46','2012-07-01 08:14:46'),(189,2,6,200.00,NULL,'2012-07-01 08:14:46','2012-07-01 08:14:46'),(190,2,2,60.00,NULL,'2012-07-01 08:14:46','2012-07-01 08:14:46'),(191,2,1,30.00,NULL,'2012-07-01 08:14:46','2012-07-01 08:14:46'),(192,2,8,480.00,NULL,'2012-07-01 08:14:46','2012-07-01 08:14:46'),(193,2,7,400.00,NULL,'2012-07-01 08:14:46','2012-07-01 08:14:46'),(194,2,5,200.00,NULL,'2012-07-01 08:14:46','2012-07-01 08:14:46'),(195,2,4,140.00,NULL,'2012-07-01 08:14:46','2012-07-01 08:14:46'),(196,4,3,50.00,NULL,'2012-07-01 08:14:55','2012-07-01 08:14:55'),(197,4,9,380.00,NULL,'2012-07-01 08:14:55','2012-07-01 08:14:55'),(198,4,6,180.00,NULL,'2012-07-01 08:14:55','2012-07-01 08:14:55'),(199,4,2,50.00,NULL,'2012-07-01 08:14:55','2012-07-01 08:14:55'),(200,4,1,30.00,NULL,'2012-07-01 08:14:55','2012-07-01 08:14:55'),(201,4,8,380.00,NULL,'2012-07-01 08:14:55','2012-07-01 08:14:55'),(202,4,7,300.00,NULL,'2012-07-01 08:14:55','2012-07-01 08:14:55'),(203,4,5,180.00,NULL,'2012-07-01 08:14:55','2012-07-01 08:14:55'),(204,4,4,120.00,NULL,'2012-07-01 08:14:55','2012-07-01 08:14:55'),(205,5,3,50.00,NULL,'2012-07-01 08:15:07','2012-07-01 08:15:07'),(206,5,9,350.00,NULL,'2012-07-01 08:15:07','2012-07-01 08:15:07'),(207,5,6,130.00,NULL,'2012-07-01 08:15:07','2012-07-01 08:15:07'),(208,5,2,50.00,NULL,'2012-07-01 08:15:07','2012-07-01 08:15:07'),(209,5,1,30.00,NULL,'2012-07-01 08:15:07','2012-07-01 08:15:07'),(210,5,8,350.00,NULL,'2012-07-01 08:15:07','2012-07-01 08:15:07'),(211,5,7,280.00,NULL,'2012-07-01 08:15:07','2012-07-01 08:15:07'),(212,5,5,130.00,NULL,'2012-07-01 08:15:07','2012-07-01 08:15:07'),(213,5,4,90.00,NULL,'2012-07-01 08:15:07','2012-07-01 08:15:07'),(214,7,3,50.00,NULL,'2012-07-01 08:15:18','2012-07-01 08:15:18'),(215,7,9,300.00,NULL,'2012-07-01 08:15:18','2012-07-01 08:15:18'),(216,7,6,100.00,NULL,'2012-07-01 08:15:18','2012-07-01 08:15:18'),(217,7,2,50.00,NULL,'2012-07-01 08:15:18','2012-07-01 08:15:18'),(218,7,1,30.00,NULL,'2012-07-01 08:15:18','2012-07-01 08:15:18'),(219,7,8,300.00,NULL,'2012-07-01 08:15:18','2012-07-01 08:15:18'),(220,7,7,260.00,NULL,'2012-07-01 08:15:18','2012-07-01 08:15:18'),(221,7,5,100.00,NULL,'2012-07-01 08:15:18','2012-07-01 08:15:18'),(222,7,4,70.00,NULL,'2012-07-01 08:15:18','2012-07-01 08:15:18'),(232,10,3,100.00,NULL,'2012-07-04 03:19:12','2012-07-04 03:19:12'),(233,10,9,800.00,NULL,'2012-07-04 03:19:12','2012-07-04 03:19:12'),(234,10,6,300.00,NULL,'2012-07-04 03:19:12','2012-07-04 03:19:12'),(235,10,2,100.00,NULL,'2012-07-04 03:19:12','2012-07-04 03:19:12'),(236,10,1,60.00,NULL,'2012-07-04 03:19:12','2012-07-04 03:19:12'),(237,10,8,800.00,NULL,'2012-07-04 03:19:12','2012-07-04 03:19:12'),(238,10,7,600.00,NULL,'2012-07-04 03:19:12','2012-07-04 03:19:12'),(239,10,5,300.00,NULL,'2012-07-04 03:19:12','2012-07-04 03:19:12'),(240,10,4,200.00,NULL,'2012-07-04 03:19:12','2012-07-04 03:19:12'),(241,11,3,100.00,NULL,'2012-07-25 06:01:22','2012-07-25 06:01:22'),(242,11,9,800.00,NULL,'2012-07-25 06:01:22','2012-07-25 06:01:22'),(243,11,6,300.00,NULL,'2012-07-25 06:01:22','2012-07-25 06:01:22'),(244,11,2,100.00,NULL,'2012-07-25 06:01:22','2012-07-25 06:01:22'),(245,11,1,60.00,NULL,'2012-07-25 06:01:22','2012-07-25 06:01:22'),(246,11,8,800.00,NULL,'2012-07-25 06:01:22','2012-07-25 06:01:22'),(247,11,7,600.00,NULL,'2012-07-25 06:01:22','2012-07-25 06:01:22'),(248,11,5,300.00,NULL,'2012-07-25 06:01:22','2012-07-25 06:01:22'),(249,11,4,200.00,NULL,'2012-07-25 06:01:22','2012-07-25 06:01:22');
/*!40000 ALTER TABLE `card_period_prices` ENABLE KEYS */;
UNLOCK TABLES;

--
-- Table structure for table `cards`
--

DROP TABLE IF EXISTS `cards`;
/*!40101 SET @saved_cs_client     = @@character_set_client */;
/*!40101 SET character_set_client = utf8 */;
CREATE TABLE `cards` (
  `id` int(11) NOT NULL AUTO_INCREMENT,
  `name` varchar(255) COLLATE utf8_unicode_ci DEFAULT NULL,
  `card_type` varchar(255) COLLATE utf8_unicode_ci DEFAULT NULL,
  `card_prefix` varchar(255) COLLATE utf8_unicode_ci DEFAULT NULL,
  `expired` int(11) DEFAULT '12',
  `consume_type` varchar(255) COLLATE utf8_unicode_ci DEFAULT NULL,
  `shared` tinyint(1) DEFAULT '0',
  `max_shared_count` int(11) DEFAULT '0',
  `total_sold_amount` int(11) DEFAULT '0',
  `description` varchar(255) COLLATE utf8_unicode_ci DEFAULT NULL,
  `balance` decimal(10,2) DEFAULT '0.00',
  `state` varchar(255) COLLATE utf8_unicode_ci DEFAULT NULL,
  `created_at` datetime DEFAULT NULL,
  `updated_at` datetime DEFAULT NULL,
  `min_amount` int(11) DEFAULT NULL,
  `min_count` int(11) DEFAULT NULL,
  `min_time` int(11) DEFAULT NULL,
  PRIMARY KEY (`id`)
) ENGINE=InnoDB AUTO_INCREMENT=12 DEFAULT CHARSET=utf8 COLLATE=utf8_unicode_ci;
/*!40101 SET character_set_client = @saved_cs_client */;

--
-- Dumping data for table `cards`
--

LOCK TABLES `cards` WRITE;
/*!40000 ALTER TABLE `cards` DISABLE KEYS */;
INSERT INTO `cards` VALUES (1,'5000元储值卡','balance_card','A',12,'2',0,1,0,'',0.00,'enabled','2012-05-26 05:02:53','2012-07-01 08:14:07',1000,5,30),(2,'10000元储值卡','balance_card','B',12,'2',0,1,0,'',0.00,'enabled','2012-05-26 05:05:39','2012-07-01 08:14:46',2000,7,30),(3,'20000元储值卡','balance_card','C',12,'2',0,2,0,'',0.00,'enabled','2012-05-26 05:08:28','2012-07-01 08:14:26',3000,10,30),(4,'资格5000元金卡','zige_card','D',12,'2',0,2,0,'',0.00,'enabled','2012-05-26 05:13:16','2012-07-01 08:14:55',1000,7,30),(5,'资格10000铂金卡','zige_card','E',12,'2',0,2,0,'',0.00,'enabled','2012-05-26 05:23:25','2012-07-01 08:15:07',2000,7,30),(7,'资格30000元钻石卡','zige_card','F',12,'2',0,3,0,'',0.00,'enabled','2012-05-26 05:27:40','2012-07-01 08:15:18',3000,10,30),(8,'室外场优惠卡(非黄金）','counter_card','S1',12,'1',0,1,0,'',0.00,'enabled','2012-05-26 05:35:07','2012-05-26 05:35:07',0,5,30),(9,'室外场优惠卡(黄金）','counter_card','S2',12,'1',0,1,0,'',0.00,'enabled','2012-05-26 05:35:50','2012-05-26 05:35:50',0,5,30),(11,'接待','balance_card','VIP',12,'2',0,0,0,'',0.00,'enabled','2012-07-25 06:01:22','2012-07-25 06:01:22',0,0,0);
/*!40000 ALTER TABLE `cards` ENABLE KEYS */;
UNLOCK TABLES;

--
-- Table structure for table `categories`
--

DROP TABLE IF EXISTS `categories`;
/*!40101 SET @saved_cs_client     = @@character_set_client */;
/*!40101 SET character_set_client = utf8 */;
CREATE TABLE `categories` (
  `id` int(11) NOT NULL AUTO_INCREMENT,
  `name` varchar(255) DEFAULT NULL,
  `parent_id` int(11) DEFAULT NULL,
  `position` int(11) DEFAULT NULL,
  `created_at` datetime DEFAULT NULL,
  `updated_at` datetime DEFAULT NULL,
  PRIMARY KEY (`id`)
) ENGINE=MyISAM AUTO_INCREMENT=26 DEFAULT CHARSET=utf8;
/*!40101 SET character_set_client = @saved_cs_client */;

--
-- Dumping data for table `categories`
--

LOCK TABLES `categories` WRITE;
/*!40000 ALTER TABLE `categories` DISABLE KEYS */;
INSERT INTO `categories` VALUES (1,'食品',NULL,NULL,'2012-07-25 01:19:22','2012-07-25 01:19:22'),(2,'体育用品',NULL,NULL,'2012-07-25 01:19:37','2012-07-25 01:19:37'),(3,'会员卡',NULL,NULL,'2012-07-25 01:19:48','2012-07-25 01:19:48'),(4,'冷饮',1,NULL,'2012-07-25 01:20:21','2012-07-25 01:20:21'),(5,'热饮',1,NULL,'2012-07-25 01:20:31','2012-07-25 01:20:31'),(6,'零食',1,NULL,'2012-07-25 01:21:08','2012-07-25 01:21:08'),(7,'袜子',2,NULL,'2012-07-25 01:27:51','2012-07-25 01:27:51'),(8,'护腕',2,NULL,'2012-07-25 01:28:04','2012-07-25 01:28:04'),(9,'帽子',2,NULL,'2012-07-25 01:28:13','2012-07-25 01:28:13'),(10,'网线',2,NULL,'2012-07-25 01:28:20','2012-07-25 01:28:20'),(11,'网包',2,NULL,'2012-07-25 01:28:33','2012-07-25 01:28:33'),(12,'衣服',2,NULL,'2012-07-25 01:28:48','2012-07-25 01:28:48'),(13,'裤子',2,NULL,'2012-07-25 01:29:09','2012-07-25 01:29:09'),(14,'网球鞋',2,NULL,'2012-07-25 01:29:18','2012-07-25 01:29:18'),(15,'网球拍',2,NULL,'2012-07-25 01:29:26','2012-07-25 01:29:26'),(16,'把皮',2,NULL,'2012-07-25 01:29:38','2012-07-25 01:29:38'),(17,'储值卡',3,NULL,'2012-07-25 01:30:04','2012-07-25 01:30:04'),(18,'资格卡',3,NULL,'2012-07-25 01:30:16','2012-07-25 01:30:16'),(19,'室外优惠卡',3,NULL,'2012-07-25 01:30:50','2012-07-25 01:30:50'),(21,'商品',NULL,NULL,'2012-07-25 07:47:25','2012-07-25 07:47:25'),(22,'储物柜',21,NULL,'2012-07-25 07:47:45','2012-07-25 07:47:45'),(23,'服务',21,NULL,'2012-07-25 08:41:16','2012-07-25 08:41:16'),(24,'补差卡',3,NULL,'2012-07-27 13:06:26','2012-07-27 13:08:51');
/*!40000 ALTER TABLE `categories` ENABLE KEYS */;
UNLOCK TABLES;

--
-- Table structure for table `catenas`
--

DROP TABLE IF EXISTS `catenas`;
/*!40101 SET @saved_cs_client     = @@character_set_client */;
/*!40101 SET character_set_client = utf8 */;
CREATE TABLE `catenas` (
  `id` int(11) NOT NULL AUTO_INCREMENT,
  `name` varchar(255) NOT NULL DEFAULT '',
  `created_at` datetime DEFAULT NULL,
  `updated_at` datetime DEFAULT NULL,
  PRIMARY KEY (`id`)
) ENGINE=MyISAM DEFAULT CHARSET=utf8;
/*!40101 SET character_set_client = @saved_cs_client */;

--
-- Dumping data for table `catenas`
--

LOCK TABLES `catenas` WRITE;
/*!40000 ALTER TABLE `catenas` DISABLE KEYS */;
/*!40000 ALTER TABLE `catenas` ENABLE KEYS */;
UNLOCK TABLES;

--
-- Table structure for table `coaches`
--

DROP TABLE IF EXISTS `coaches`;
/*!40101 SET @saved_cs_client     = @@character_set_client */;
/*!40101 SET character_set_client = utf8 */;
CREATE TABLE `coaches` (
  `id` int(11) NOT NULL AUTO_INCREMENT,
  `name` varchar(255) COLLATE utf8_unicode_ci DEFAULT NULL,
  `gender` varchar(255) COLLATE utf8_unicode_ci DEFAULT NULL,
  `coach_type` varchar(255) COLLATE utf8_unicode_ci DEFAULT NULL,
  `telephone` varchar(255) COLLATE utf8_unicode_ci DEFAULT NULL,
  `email` varchar(255) COLLATE utf8_unicode_ci DEFAULT NULL,
  `fee` decimal(10,2) DEFAULT '0.00',
  `cert_type` int(11) DEFAULT NULL,
  `cert_num` varchar(255) COLLATE utf8_unicode_ci DEFAULT NULL,
  `description` text COLLATE utf8_unicode_ci,
  `state` varchar(255) COLLATE utf8_unicode_ci DEFAULT NULL,
  `created_at` datetime DEFAULT NULL,
  `updated_at` datetime DEFAULT NULL,
  `pinyin_name` varchar(255) COLLATE utf8_unicode_ci DEFAULT NULL,
  PRIMARY KEY (`id`)
) ENGINE=InnoDB AUTO_INCREMENT=9 DEFAULT CHARSET=utf8 COLLATE=utf8_unicode_ci;
/*!40101 SET character_set_client = @saved_cs_client */;

--
-- Dumping data for table `coaches`
--

LOCK TABLES `coaches` WRITE;
/*!40000 ALTER TABLE `coaches` DISABLE KEYS */;
INSERT INTO `coaches` VALUES (1,'商毅','1','全职教练','13581952201','',200.00,9,'','','enabled','2012-07-02 04:52:53','2012-07-02 04:52:53','shangyi'),(2,'车立威','1','全职教练','15011357155','',200.00,9,'','','enabled','2012-07-02 04:53:28','2012-07-02 04:53:28','cheliwei'),(3,'王伟霞','2','全职教练','13720047854','',200.00,9,'','','enabled','2012-07-02 04:54:10','2012-07-02 04:54:10','wangweixia'),(4,'孙洋','1','全职教练','13581705293','',150.00,9,'','','enabled','2012-07-02 04:54:36','2012-07-02 04:54:36','sunyang'),(5,'崔东阳（陪练）','1','全职教练','15811493777','',120.00,9,'','','enabled','2012-07-27 12:38:57','2012-07-27 12:38:57','cuidongyangpeilian'),(6,'孙晓磊（陪练）','1','全职教练','13811393779','',120.00,9,'','','enabled','2012-07-27 12:39:50','2012-07-27 12:39:50','sunxiaoleipeilian'),(7,'史楠楠（陪练）','2','全职教练','13366256181','',120.00,9,'','','enabled','2012-07-27 12:40:37','2012-07-27 12:40:59','shinannanpeilian'),(8,'杨孝峰（陪练）','1','全职教练','13681318120','',120.00,9,'','','enabled','2012-07-27 12:42:11','2012-07-27 12:42:11','yangxiaofengpeilian');
/*!40000 ALTER TABLE `coaches` ENABLE KEYS */;
UNLOCK TABLES;

--
-- Table structure for table `common_resource_details`
--

DROP TABLE IF EXISTS `common_resource_details`;
/*!40101 SET @saved_cs_client     = @@character_set_client */;
/*!40101 SET character_set_client = utf8 */;
CREATE TABLE `common_resource_details` (
  `id` int(11) NOT NULL AUTO_INCREMENT,
  `detail_name` varchar(255) COLLATE utf8_unicode_ci DEFAULT NULL,
  `common_resource_id` int(11) DEFAULT NULL,
  `created_at` datetime DEFAULT NULL,
  `updated_at` datetime DEFAULT NULL,
  PRIMARY KEY (`id`)
) ENGINE=InnoDB AUTO_INCREMENT=49 DEFAULT CHARSET=utf8 COLLATE=utf8_unicode_ci;
/*!40101 SET character_set_client = @saved_cs_client */;

--
-- Dumping data for table `common_resource_details`
--

LOCK TABLES `common_resource_details` WRITE;
/*!40000 ALTER TABLE `common_resource_details` DISABLE KEYS */;
INSERT INTO `common_resource_details` VALUES (1,'储值卡',1,'2011-05-27 18:27:02','2011-05-27 18:27:02'),(3,'记次卡',1,'2011-05-27 18:27:02','2011-05-27 18:27:02'),(4,'资格卡',1,'2011-05-27 18:27:02','2011-05-27 18:27:02'),(6,'节假日',2,'2011-05-27 18:27:02','2011-05-27 18:27:02'),(7,'全职教练',3,'2011-05-27 18:27:02','2011-05-27 18:27:02'),(8,'客人自带',3,'2011-05-27 18:27:02','2011-05-27 18:27:02'),(9,'身份证',4,'2011-05-27 18:27:02','2011-05-27 18:27:02'),(10,'军人证',4,'2011-05-27 18:27:02','2011-05-27 18:27:02'),(11,'食品',5,'2011-05-27 18:27:02','2011-05-27 18:27:02'),(12,'球具',5,'2011-05-27 18:27:02','2011-05-27 18:27:02'),(13,'带卖',6,'2011-05-27 18:27:02','2011-05-27 18:27:02'),(16,'5',11,'2011-05-27 18:27:02','2011-05-27 18:27:02'),(17,'6',11,'2011-05-27 18:27:02','2011-05-27 18:27:02'),(18,'7',11,'2011-05-27 18:27:02','2011-05-27 18:27:02'),(19,'8',11,'2011-05-27 18:27:02','2011-05-27 18:27:02'),(20,'9',11,'2011-05-27 18:27:02','2011-05-27 18:27:02'),(21,'10',11,'2011-05-27 18:27:02','2011-05-27 18:27:02'),(26,'室外P硬地',14,'2012-01-14 08:17:50','2012-05-26 04:05:01'),(27,'室外C硬地',14,'2012-01-14 08:17:51','2012-05-26 04:05:13'),(29,'室内A地',14,'2012-05-22 06:00:51','2012-05-26 04:05:52'),(30,'室内B地',14,'2012-05-26 04:06:03','2012-05-26 04:06:03'),(31,'已购',6,'2012-05-26 04:48:17','2012-05-26 04:48:17'),(32,'赞助',6,'2012-05-26 04:48:27','2012-05-26 04:48:27'),(33,'冬令时',2,'2012-05-28 02:40:16','2012-05-28 02:40:16'),(34,'夏令时',2,'2012-05-28 02:41:10','2012-05-28 02:41:10'),(35,'1',15,'2012-05-29 15:30:27','2012-05-29 15:30:27'),(36,'2',15,'2012-05-29 15:30:27','2012-05-29 15:30:27'),(37,'3',15,'2012-05-29 15:30:27','2012-05-29 15:30:27'),(38,'4',15,'2012-05-29 15:30:27','2012-05-29 15:30:27'),(39,'5',15,'2012-05-29 15:30:27','2012-05-29 15:30:27'),(40,'6',15,'2012-05-29 15:30:27','2012-05-29 15:30:27'),(41,'7',15,'2012-05-29 15:30:27','2012-05-29 15:30:27'),(42,'8',15,'2012-05-29 15:30:27','2012-05-29 15:30:27'),(43,'9',15,'2012-05-29 15:30:27','2012-05-29 15:30:27'),(44,'10',15,'2012-05-29 15:30:27','2012-05-29 15:30:27'),(45,'11',15,'2012-05-29 15:30:27','2012-05-29 15:30:27'),(46,'12',15,'2012-05-29 15:30:27','2012-05-29 15:30:27'),(47,'护照',4,'2012-06-03 03:48:34','2012-06-03 03:48:34'),(48,'储物柜A',12,'2012-07-04 07:19:33','2012-07-04 07:19:33');
/*!40000 ALTER TABLE `common_resource_details` ENABLE KEYS */;
UNLOCK TABLES;

--
-- Table structure for table `common_resources`
--

DROP TABLE IF EXISTS `common_resources`;
/*!40101 SET @saved_cs_client     = @@character_set_client */;
/*!40101 SET character_set_client = utf8 */;
CREATE TABLE `common_resources` (
  `id` int(11) NOT NULL AUTO_INCREMENT,
  `name` varchar(255) COLLATE utf8_unicode_ci DEFAULT NULL,
  `description` text COLLATE utf8_unicode_ci,
  `detail_str` text COLLATE utf8_unicode_ci,
  `created_at` datetime DEFAULT NULL,
  `updated_at` datetime DEFAULT NULL,
  PRIMARY KEY (`id`)
) ENGINE=InnoDB AUTO_INCREMENT=16 DEFAULT CHARSET=utf8 COLLATE=utf8_unicode_ci;
/*!40101 SET character_set_client = @saved_cs_client */;

--
-- Dumping data for table `common_resources`
--

LOCK TABLES `common_resources` WRITE;
/*!40000 ALTER TABLE `common_resources` DISABLE KEYS */;
INSERT INTO `common_resources` VALUES (1,'card_type','卡类型','储值卡 记次卡','2011-05-27 18:27:02','2011-05-27 18:27:02'),(2,'period_type','时段类型','夏令时 冬令时 节假日','2011-05-27 18:27:02','2011-05-27 18:27:02'),(3,'coach_type','教练类型','全职教练 客人自带','2011-05-27 18:27:02','2011-05-27 18:27:02'),(4,'cert_type','证件类型','身份证 军人证','2011-05-27 18:27:02','2011-05-27 18:27:02'),(5,'good_type','商品类型','食品 球具','2011-05-27 18:27:02','2011-05-27 18:27:02'),(6,'good_source','商品来源','代卖','2011-05-27 18:27:02','2011-05-27 18:27:02'),(7,'agent_to_buy_time','申请代卖提前时间(小时)','1','2011-05-27 18:27:02','2011-05-27 18:27:02'),(8,'cancle_time','低于此时间不得取消（小时)','24','2011-05-27 18:27:02','2011-05-27 18:27:02'),(9,'change_time','少余此时间不得变更(小时)','0','2011-05-27 18:27:02','2011-05-27 18:27:02'),(10,'active_time','低于此时间不得开场(分钟)','30','2011-05-27 18:27:02','2011-05-27 18:27:02'),(12,'locker_type',NULL,NULL,'2011-06-27 05:59:50','2011-06-27 05:59:50'),(13,'locker_due_time','储物柜到期提醒时间（天 ）','7','2011-06-27 05:59:50','2011-06-27 05:59:50'),(14,'court_type','场地类型','网球场 羽毛球场','2012-01-14 08:17:37','2012-01-14 08:17:37'),(15,'times_summer','夏令时','1 12','2012-05-29 15:30:27','2012-05-29 15:30:27');
/*!40000 ALTER TABLE `common_resources` ENABLE KEYS */;
UNLOCK TABLES;

--
-- Table structure for table `court_period_prices`
--

DROP TABLE IF EXISTS `court_period_prices`;
/*!40101 SET @saved_cs_client     = @@character_set_client */;
/*!40101 SET character_set_client = utf8 */;
CREATE TABLE `court_period_prices` (
  `id` int(11) NOT NULL AUTO_INCREMENT,
  `court_id` int(11) DEFAULT NULL,
  `period_price_id` int(11) DEFAULT NULL,
  `court_price` decimal(10,2) DEFAULT '0.00',
  `description` text COLLATE utf8_unicode_ci,
  `created_at` datetime DEFAULT NULL,
  `updated_at` datetime DEFAULT NULL,
  PRIMARY KEY (`id`)
) ENGINE=InnoDB AUTO_INCREMENT=824 DEFAULT CHARSET=utf8 COLLATE=utf8_unicode_ci;
/*!40101 SET character_set_client = @saved_cs_client */;

--
-- Dumping data for table `court_period_prices`
--

LOCK TABLES `court_period_prices` WRITE;
/*!40000 ALTER TABLE `court_period_prices` DISABLE KEYS */;
INSERT INTO `court_period_prices` VALUES (1,1,2,400.00,NULL,'2011-12-19 05:10:19','2011-12-19 05:10:19'),(2,1,3,300.00,NULL,'2011-12-19 05:10:19','2011-12-19 05:10:19'),(3,1,1,300.00,NULL,'2011-12-19 05:10:19','2011-12-19 05:10:19'),(4,2,2,400.00,NULL,'2011-12-19 05:10:59','2011-12-19 05:10:59'),(5,2,3,300.00,NULL,'2011-12-19 05:10:59','2011-12-19 05:10:59'),(6,2,1,300.00,NULL,'2011-12-19 05:10:59','2011-12-19 05:10:59'),(7,NULL,2,400.00,NULL,'2011-12-19 05:15:30','2011-12-19 05:15:30'),(8,NULL,3,300.00,NULL,'2011-12-19 05:15:30','2011-12-19 05:15:30'),(9,NULL,1,300.00,NULL,'2011-12-19 05:15:30','2011-12-19 05:15:30'),(10,NULL,2,400.00,NULL,'2011-12-19 05:15:48','2011-12-19 05:15:48'),(11,NULL,3,300.00,NULL,'2011-12-19 05:15:48','2011-12-19 05:15:48'),(12,NULL,1,300.00,NULL,'2011-12-19 05:15:48','2011-12-19 05:15:48'),(13,NULL,2,400.00,NULL,'2011-12-19 05:15:59','2011-12-19 05:15:59'),(14,NULL,3,300.00,NULL,'2011-12-19 05:15:59','2011-12-19 05:15:59'),(15,NULL,1,300.00,NULL,'2011-12-19 05:15:59','2011-12-19 05:15:59'),(16,NULL,2,400.00,NULL,'2011-12-19 05:16:13','2011-12-19 05:16:13'),(17,NULL,3,300.00,NULL,'2011-12-19 05:16:13','2011-12-19 05:16:13'),(18,NULL,1,300.00,NULL,'2011-12-19 05:16:13','2011-12-19 05:16:13'),(19,1,4,400.00,NULL,'2011-12-26 06:03:13','2011-12-26 06:03:13'),(20,2,4,400.00,NULL,'2011-12-26 06:03:13','2011-12-26 06:03:13'),(21,NULL,4,400.00,NULL,'2011-12-26 06:03:13','2011-12-26 06:03:13'),(22,NULL,4,400.00,NULL,'2011-12-26 06:03:13','2011-12-26 06:03:13'),(23,NULL,4,400.00,NULL,'2011-12-26 06:03:13','2011-12-26 06:03:13'),(24,NULL,4,400.00,NULL,'2011-12-26 06:03:13','2011-12-26 06:03:13'),(25,1,5,300.00,NULL,'2011-12-26 06:04:07','2011-12-26 06:04:07'),(26,2,5,300.00,NULL,'2011-12-26 06:04:07','2011-12-26 06:04:07'),(27,NULL,5,300.00,NULL,'2011-12-26 06:04:07','2011-12-26 06:04:07'),(28,NULL,5,300.00,NULL,'2011-12-26 06:04:07','2011-12-26 06:04:07'),(29,NULL,5,300.00,NULL,'2011-12-26 06:04:07','2011-12-26 06:04:07'),(30,NULL,5,300.00,NULL,'2011-12-26 06:04:07','2011-12-26 06:04:07'),(31,7,4,400.00,NULL,'2012-01-30 02:09:41','2012-01-30 02:09:41'),(32,7,5,300.00,NULL,'2012-01-30 02:09:41','2012-01-30 02:09:41'),(33,7,2,400.00,NULL,'2012-01-30 02:09:41','2012-01-30 02:09:41'),(34,7,3,300.00,NULL,'2012-01-30 02:09:41','2012-01-30 02:09:41'),(35,7,1,300.00,NULL,'2012-01-30 02:09:41','2012-01-30 02:09:41'),(36,NULL,4,400.00,NULL,'2012-01-30 02:10:19','2012-01-30 02:10:19'),(37,NULL,5,300.00,NULL,'2012-01-30 02:10:19','2012-01-30 02:10:19'),(38,NULL,2,400.00,NULL,'2012-01-30 02:10:19','2012-01-30 02:10:19'),(39,NULL,3,300.00,NULL,'2012-01-30 02:10:19','2012-01-30 02:10:19'),(40,NULL,1,300.00,NULL,'2012-01-30 02:10:19','2012-01-30 02:10:19'),(41,NULL,4,400.00,NULL,'2012-01-31 07:04:04','2012-01-31 07:04:04'),(42,NULL,5,300.00,NULL,'2012-01-31 07:04:04','2012-01-31 07:04:04'),(43,NULL,2,400.00,NULL,'2012-01-31 07:04:04','2012-01-31 07:04:04'),(44,NULL,3,300.00,NULL,'2012-01-31 07:04:04','2012-01-31 07:04:04'),(45,NULL,1,300.00,NULL,'2012-01-31 07:04:04','2012-01-31 07:04:04'),(46,1,6,300.00,NULL,'2012-02-10 07:39:20','2012-02-10 07:39:20'),(47,2,6,300.00,NULL,'2012-02-10 07:39:20','2012-02-10 07:39:20'),(48,NULL,6,300.00,NULL,'2012-02-10 07:39:20','2012-02-10 07:39:20'),(49,NULL,6,300.00,NULL,'2012-02-10 07:39:20','2012-02-10 07:39:20'),(50,NULL,6,300.00,NULL,'2012-02-10 07:39:20','2012-02-10 07:39:20'),(51,NULL,6,300.00,NULL,'2012-02-10 07:39:20','2012-02-10 07:39:20'),(52,7,6,300.00,NULL,'2012-02-10 07:39:20','2012-02-10 07:39:20'),(53,NULL,6,300.00,NULL,'2012-02-10 07:39:20','2012-02-10 07:39:20'),(54,1,7,400.00,NULL,'2012-02-10 07:40:12','2012-02-10 07:40:12'),(55,2,7,400.00,NULL,'2012-02-10 07:40:12','2012-02-10 07:40:12'),(56,NULL,7,400.00,NULL,'2012-02-10 07:40:12','2012-02-10 07:40:12'),(57,NULL,7,400.00,NULL,'2012-02-10 07:40:12','2012-02-10 07:40:12'),(58,NULL,7,400.00,NULL,'2012-02-10 07:40:12','2012-02-10 07:40:12'),(59,NULL,7,400.00,NULL,'2012-02-10 07:40:12','2012-02-10 07:40:12'),(60,7,7,400.00,NULL,'2012-02-10 07:40:12','2012-02-10 07:40:12'),(61,NULL,7,400.00,NULL,'2012-02-10 07:40:12','2012-02-10 07:40:12'),(62,1,8,300.00,NULL,'2012-02-10 07:40:36','2012-02-10 07:40:36'),(63,2,8,300.00,NULL,'2012-02-10 07:40:36','2012-02-10 07:40:36'),(64,NULL,8,300.00,NULL,'2012-02-10 07:40:36','2012-02-10 07:40:36'),(65,NULL,8,300.00,NULL,'2012-02-10 07:40:36','2012-02-10 07:40:36'),(66,NULL,8,300.00,NULL,'2012-02-10 07:40:36','2012-02-10 07:40:36'),(67,NULL,8,300.00,NULL,'2012-02-10 07:40:36','2012-02-10 07:40:36'),(68,7,8,300.00,NULL,'2012-02-10 07:40:36','2012-02-10 07:40:36'),(69,NULL,8,300.00,NULL,'2012-02-10 07:40:36','2012-02-10 07:40:36'),(70,NULL,4,400.00,NULL,'2012-04-13 05:07:24','2012-04-13 05:07:24'),(71,NULL,5,300.00,NULL,'2012-04-13 05:07:24','2012-04-13 05:07:24'),(72,NULL,2,400.00,NULL,'2012-04-13 05:07:24','2012-04-13 05:07:24'),(73,NULL,3,300.00,NULL,'2012-04-13 05:07:24','2012-04-13 05:07:24'),(74,NULL,1,300.00,NULL,'2012-04-13 05:07:24','2012-04-13 05:07:24'),(75,NULL,7,400.00,NULL,'2012-04-13 05:07:24','2012-04-13 05:07:24'),(76,NULL,8,300.00,NULL,'2012-04-13 05:07:24','2012-04-13 05:07:24'),(77,NULL,6,300.00,NULL,'2012-04-13 05:07:24','2012-04-13 05:07:24'),(78,NULL,4,400.00,NULL,'2012-04-13 05:07:35','2012-04-13 05:07:35'),(79,NULL,5,300.00,NULL,'2012-04-13 05:07:35','2012-04-13 05:07:35'),(80,NULL,2,400.00,NULL,'2012-04-13 05:07:35','2012-04-13 05:07:35'),(81,NULL,3,300.00,NULL,'2012-04-13 05:07:35','2012-04-13 05:07:35'),(82,NULL,1,300.00,NULL,'2012-04-13 05:07:35','2012-04-13 05:07:35'),(83,NULL,7,400.00,NULL,'2012-04-13 05:07:35','2012-04-13 05:07:35'),(84,NULL,8,300.00,NULL,'2012-04-13 05:07:35','2012-04-13 05:07:35'),(85,NULL,6,300.00,NULL,'2012-04-13 05:07:35','2012-04-13 05:07:35'),(86,NULL,4,400.00,NULL,'2012-04-13 05:07:41','2012-04-13 05:07:41'),(87,NULL,5,300.00,NULL,'2012-04-13 05:07:41','2012-04-13 05:07:41'),(88,NULL,2,400.00,NULL,'2012-04-13 05:07:41','2012-04-13 05:07:41'),(89,NULL,3,300.00,NULL,'2012-04-13 05:07:41','2012-04-13 05:07:41'),(90,NULL,1,300.00,NULL,'2012-04-13 05:07:41','2012-04-13 05:07:41'),(91,NULL,7,400.00,NULL,'2012-04-13 05:07:41','2012-04-13 05:07:41'),(92,NULL,8,300.00,NULL,'2012-04-13 05:07:41','2012-04-13 05:07:41'),(93,NULL,6,300.00,NULL,'2012-04-13 05:07:41','2012-04-13 05:07:41'),(94,NULL,4,400.00,NULL,'2012-04-13 05:07:49','2012-04-13 05:07:49'),(95,NULL,5,300.00,NULL,'2012-04-13 05:07:49','2012-04-13 05:07:49'),(96,NULL,2,400.00,NULL,'2012-04-13 05:07:49','2012-04-13 05:07:49'),(97,NULL,3,300.00,NULL,'2012-04-13 05:07:49','2012-04-13 05:07:49'),(98,NULL,1,300.00,NULL,'2012-04-13 05:07:49','2012-04-13 05:07:49'),(99,NULL,7,400.00,NULL,'2012-04-13 05:07:49','2012-04-13 05:07:49'),(100,NULL,8,300.00,NULL,'2012-04-13 05:07:49','2012-04-13 05:07:49'),(101,NULL,6,300.00,NULL,'2012-04-13 05:07:49','2012-04-13 05:07:49'),(102,NULL,4,400.00,NULL,'2012-04-13 05:08:31','2012-04-13 05:08:31'),(103,NULL,5,300.00,NULL,'2012-04-13 05:08:31','2012-04-13 05:08:31'),(104,NULL,2,400.00,NULL,'2012-04-13 05:08:31','2012-04-13 05:08:31'),(105,NULL,3,300.00,NULL,'2012-04-13 05:08:31','2012-04-13 05:08:31'),(106,NULL,1,300.00,NULL,'2012-04-13 05:08:31','2012-04-13 05:08:31'),(107,NULL,7,400.00,NULL,'2012-04-13 05:08:31','2012-04-13 05:08:31'),(108,NULL,8,300.00,NULL,'2012-04-13 05:08:31','2012-04-13 05:08:31'),(109,NULL,6,300.00,NULL,'2012-04-13 05:08:31','2012-04-13 05:08:31'),(110,NULL,4,400.00,NULL,'2012-04-13 05:08:44','2012-04-13 05:08:44'),(111,NULL,5,300.00,NULL,'2012-04-13 05:08:44','2012-04-13 05:08:44'),(112,NULL,2,400.00,NULL,'2012-04-13 05:08:44','2012-04-13 05:08:44'),(113,NULL,3,300.00,NULL,'2012-04-13 05:08:44','2012-04-13 05:08:44'),(114,NULL,1,300.00,NULL,'2012-04-13 05:08:44','2012-04-13 05:08:44'),(115,NULL,7,400.00,NULL,'2012-04-13 05:08:44','2012-04-13 05:08:44'),(116,NULL,8,300.00,NULL,'2012-04-13 05:08:44','2012-04-13 05:08:44'),(117,NULL,6,300.00,NULL,'2012-04-13 05:08:44','2012-04-13 05:08:44'),(118,NULL,4,400.00,NULL,'2012-04-13 05:09:10','2012-04-13 05:09:10'),(119,NULL,5,300.00,NULL,'2012-04-13 05:09:10','2012-04-13 05:09:10'),(120,NULL,2,400.00,NULL,'2012-04-13 05:09:10','2012-04-13 05:09:10'),(121,NULL,3,300.00,NULL,'2012-04-13 05:09:10','2012-04-13 05:09:10'),(122,NULL,1,300.00,NULL,'2012-04-13 05:09:10','2012-04-13 05:09:10'),(123,NULL,7,400.00,NULL,'2012-04-13 05:09:10','2012-04-13 05:09:10'),(124,NULL,8,300.00,NULL,'2012-04-13 05:09:10','2012-04-13 05:09:10'),(125,NULL,6,300.00,NULL,'2012-04-13 05:09:10','2012-04-13 05:09:10'),(126,NULL,4,400.00,NULL,'2012-04-13 05:09:50','2012-04-13 05:09:50'),(127,NULL,5,300.00,NULL,'2012-04-13 05:09:50','2012-04-13 05:09:50'),(128,NULL,2,400.00,NULL,'2012-04-13 05:09:50','2012-04-13 05:09:50'),(129,NULL,3,300.00,NULL,'2012-04-13 05:09:50','2012-04-13 05:09:50'),(130,NULL,1,300.00,NULL,'2012-04-13 05:09:50','2012-04-13 05:09:50'),(131,NULL,7,400.00,NULL,'2012-04-13 05:09:50','2012-04-13 05:09:50'),(132,NULL,8,300.00,NULL,'2012-04-13 05:09:50','2012-04-13 05:09:50'),(133,NULL,6,300.00,NULL,'2012-04-13 05:09:50','2012-04-13 05:09:50'),(134,NULL,4,400.00,NULL,'2012-04-13 05:10:18','2012-04-13 05:10:18'),(135,NULL,5,300.00,NULL,'2012-04-13 05:10:18','2012-04-13 05:10:18'),(136,NULL,2,400.00,NULL,'2012-04-13 05:10:18','2012-04-13 05:10:18'),(137,NULL,3,300.00,NULL,'2012-04-13 05:10:18','2012-04-13 05:10:18'),(138,NULL,1,300.00,NULL,'2012-04-13 05:10:18','2012-04-13 05:10:18'),(139,NULL,7,400.00,NULL,'2012-04-13 05:10:18','2012-04-13 05:10:18'),(140,NULL,8,300.00,NULL,'2012-04-13 05:10:18','2012-04-13 05:10:18'),(141,NULL,6,300.00,NULL,'2012-04-13 05:10:18','2012-04-13 05:10:18'),(142,NULL,4,400.00,NULL,'2012-04-13 05:10:34','2012-04-13 05:10:34'),(143,NULL,5,300.00,NULL,'2012-04-13 05:10:34','2012-04-13 05:10:34'),(144,NULL,2,400.00,NULL,'2012-04-13 05:10:34','2012-04-13 05:10:34'),(145,NULL,3,300.00,NULL,'2012-04-13 05:10:34','2012-04-13 05:10:34'),(146,NULL,1,300.00,NULL,'2012-04-13 05:10:34','2012-04-13 05:10:34'),(147,NULL,7,400.00,NULL,'2012-04-13 05:10:34','2012-04-13 05:10:34'),(148,NULL,8,300.00,NULL,'2012-04-13 05:10:34','2012-04-13 05:10:34'),(149,NULL,6,300.00,NULL,'2012-04-13 05:10:34','2012-04-13 05:10:34'),(150,1,9,100.00,NULL,'2012-05-22 05:23:39','2012-05-22 05:23:39'),(151,2,9,100.00,NULL,'2012-05-22 05:23:39','2012-05-22 05:23:39'),(152,NULL,9,100.00,NULL,'2012-05-22 05:23:39','2012-05-22 05:23:39'),(153,NULL,9,100.00,NULL,'2012-05-22 05:23:39','2012-05-22 05:23:39'),(154,NULL,9,100.00,NULL,'2012-05-22 05:23:39','2012-05-22 05:23:39'),(155,NULL,9,100.00,NULL,'2012-05-22 05:23:39','2012-05-22 05:23:39'),(156,7,9,100.00,NULL,'2012-05-22 05:23:39','2012-05-22 05:23:39'),(157,NULL,9,100.00,NULL,'2012-05-22 05:23:39','2012-05-22 05:23:39'),(158,NULL,9,100.00,NULL,'2012-05-22 05:23:39','2012-05-22 05:23:39'),(159,NULL,9,100.00,NULL,'2012-05-22 05:23:39','2012-05-22 05:23:39'),(160,NULL,9,100.00,NULL,'2012-05-22 05:23:39','2012-05-22 05:23:39'),(161,NULL,9,100.00,NULL,'2012-05-22 05:23:39','2012-05-22 05:23:39'),(162,1,10,150.00,NULL,'2012-05-22 05:24:23','2012-05-22 05:24:23'),(163,2,10,150.00,NULL,'2012-05-22 05:24:23','2012-05-22 05:24:23'),(164,NULL,10,150.00,NULL,'2012-05-22 05:24:23','2012-05-22 05:24:23'),(165,NULL,10,150.00,NULL,'2012-05-22 05:24:23','2012-05-22 05:24:23'),(166,NULL,10,150.00,NULL,'2012-05-22 05:24:23','2012-05-22 05:24:23'),(167,NULL,10,150.00,NULL,'2012-05-22 05:24:23','2012-05-22 05:24:23'),(168,7,10,150.00,NULL,'2012-05-22 05:24:23','2012-05-22 05:24:23'),(169,NULL,10,150.00,NULL,'2012-05-22 05:24:23','2012-05-22 05:24:23'),(170,NULL,10,150.00,NULL,'2012-05-22 05:24:23','2012-05-22 05:24:23'),(171,NULL,10,150.00,NULL,'2012-05-22 05:24:23','2012-05-22 05:24:23'),(172,NULL,10,150.00,NULL,'2012-05-22 05:24:23','2012-05-22 05:24:23'),(173,NULL,10,150.00,NULL,'2012-05-22 05:24:23','2012-05-22 05:24:23'),(174,1,11,100.00,NULL,'2012-05-22 05:24:42','2012-05-22 05:24:42'),(175,2,11,100.00,NULL,'2012-05-22 05:24:42','2012-05-22 05:24:42'),(176,NULL,11,100.00,NULL,'2012-05-22 05:24:42','2012-05-22 05:24:42'),(177,NULL,11,100.00,NULL,'2012-05-22 05:24:42','2012-05-22 05:24:42'),(178,NULL,11,100.00,NULL,'2012-05-22 05:24:42','2012-05-22 05:24:42'),(179,NULL,11,100.00,NULL,'2012-05-22 05:24:42','2012-05-22 05:24:42'),(180,7,11,100.00,NULL,'2012-05-22 05:24:42','2012-05-22 05:24:42'),(181,NULL,11,100.00,NULL,'2012-05-22 05:24:42','2012-05-22 05:24:42'),(182,NULL,11,100.00,NULL,'2012-05-22 05:24:42','2012-05-22 05:24:42'),(183,NULL,11,100.00,NULL,'2012-05-22 05:24:42','2012-05-22 05:24:42'),(184,NULL,11,100.00,NULL,'2012-05-22 05:24:42','2012-05-22 05:24:42'),(185,NULL,11,100.00,NULL,'2012-05-22 05:24:42','2012-05-22 05:24:42'),(186,NULL,4,400.00,NULL,'2012-05-22 06:08:42','2012-05-22 06:08:42'),(187,NULL,5,300.00,NULL,'2012-05-22 06:08:42','2012-05-22 06:08:42'),(188,NULL,10,150.00,NULL,'2012-05-22 06:08:42','2012-05-22 06:08:42'),(189,NULL,11,100.00,NULL,'2012-05-22 06:08:42','2012-05-22 06:08:42'),(190,NULL,9,100.00,NULL,'2012-05-22 06:08:42','2012-05-22 06:08:42'),(191,NULL,2,400.00,NULL,'2012-05-22 06:08:42','2012-05-22 06:08:42'),(192,NULL,3,300.00,NULL,'2012-05-22 06:08:42','2012-05-22 06:08:42'),(193,NULL,1,300.00,NULL,'2012-05-22 06:08:42','2012-05-22 06:08:42'),(194,NULL,7,400.00,NULL,'2012-05-22 06:08:42','2012-05-22 06:08:42'),(195,NULL,8,300.00,NULL,'2012-05-22 06:08:42','2012-05-22 06:08:42'),(196,NULL,6,300.00,NULL,'2012-05-22 06:08:42','2012-05-22 06:08:42'),(197,NULL,4,400.00,NULL,'2012-05-22 06:09:06','2012-05-22 06:09:06'),(198,NULL,5,300.00,NULL,'2012-05-22 06:09:06','2012-05-22 06:09:06'),(199,NULL,10,150.00,NULL,'2012-05-22 06:09:06','2012-05-22 06:09:06'),(200,NULL,11,100.00,NULL,'2012-05-22 06:09:06','2012-05-22 06:09:06'),(201,NULL,9,100.00,NULL,'2012-05-22 06:09:06','2012-05-22 06:09:06'),(202,NULL,2,400.00,NULL,'2012-05-22 06:09:06','2012-05-22 06:09:06'),(203,NULL,3,300.00,NULL,'2012-05-22 06:09:06','2012-05-22 06:09:06'),(204,NULL,1,300.00,NULL,'2012-05-22 06:09:06','2012-05-22 06:09:06'),(205,NULL,7,400.00,NULL,'2012-05-22 06:09:06','2012-05-22 06:09:06'),(206,NULL,8,300.00,NULL,'2012-05-22 06:09:06','2012-05-22 06:09:06'),(207,NULL,6,300.00,NULL,'2012-05-22 06:09:06','2012-05-22 06:09:06'),(208,NULL,4,400.00,NULL,'2012-05-22 06:09:42','2012-05-22 06:09:42'),(209,NULL,5,300.00,NULL,'2012-05-22 06:09:42','2012-05-22 06:09:42'),(210,NULL,10,150.00,NULL,'2012-05-22 06:09:42','2012-05-22 06:09:42'),(211,NULL,11,100.00,NULL,'2012-05-22 06:09:42','2012-05-22 06:09:42'),(212,NULL,9,100.00,NULL,'2012-05-22 06:09:42','2012-05-22 06:09:42'),(213,NULL,2,400.00,NULL,'2012-05-22 06:09:42','2012-05-22 06:09:42'),(214,NULL,3,300.00,NULL,'2012-05-22 06:09:42','2012-05-22 06:09:42'),(215,NULL,1,300.00,NULL,'2012-05-22 06:09:42','2012-05-22 06:09:42'),(216,NULL,7,400.00,NULL,'2012-05-22 06:09:42','2012-05-22 06:09:42'),(217,NULL,8,300.00,NULL,'2012-05-22 06:09:42','2012-05-22 06:09:42'),(218,NULL,6,300.00,NULL,'2012-05-22 06:09:42','2012-05-22 06:09:42'),(219,NULL,4,400.00,NULL,'2012-05-22 06:10:02','2012-05-22 06:10:02'),(220,NULL,5,300.00,NULL,'2012-05-22 06:10:02','2012-05-22 06:10:02'),(221,NULL,10,150.00,NULL,'2012-05-22 06:10:02','2012-05-22 06:10:02'),(222,NULL,11,100.00,NULL,'2012-05-22 06:10:02','2012-05-22 06:10:02'),(223,NULL,9,100.00,NULL,'2012-05-22 06:10:02','2012-05-22 06:10:02'),(224,NULL,2,400.00,NULL,'2012-05-22 06:10:02','2012-05-22 06:10:02'),(225,NULL,3,300.00,NULL,'2012-05-22 06:10:02','2012-05-22 06:10:02'),(226,NULL,1,300.00,NULL,'2012-05-22 06:10:02','2012-05-22 06:10:02'),(227,NULL,7,400.00,NULL,'2012-05-22 06:10:02','2012-05-22 06:10:02'),(228,NULL,8,300.00,NULL,'2012-05-22 06:10:02','2012-05-22 06:10:02'),(229,NULL,6,300.00,NULL,'2012-05-22 06:10:02','2012-05-22 06:10:02'),(230,NULL,4,400.00,NULL,'2012-05-22 06:10:24','2012-05-22 06:10:24'),(231,NULL,5,300.00,NULL,'2012-05-22 06:10:24','2012-05-22 06:10:24'),(232,NULL,10,150.00,NULL,'2012-05-22 06:10:24','2012-05-22 06:10:24'),(233,NULL,11,100.00,NULL,'2012-05-22 06:10:24','2012-05-22 06:10:24'),(234,NULL,9,100.00,NULL,'2012-05-22 06:10:24','2012-05-22 06:10:24'),(235,NULL,2,400.00,NULL,'2012-05-22 06:10:24','2012-05-22 06:10:24'),(236,NULL,3,300.00,NULL,'2012-05-22 06:10:24','2012-05-22 06:10:24'),(237,NULL,1,300.00,NULL,'2012-05-22 06:10:24','2012-05-22 06:10:24'),(238,NULL,7,400.00,NULL,'2012-05-22 06:10:24','2012-05-22 06:10:24'),(239,NULL,8,300.00,NULL,'2012-05-22 06:10:24','2012-05-22 06:10:24'),(240,NULL,6,300.00,NULL,'2012-05-22 06:10:24','2012-05-22 06:10:24'),(241,NULL,4,400.00,NULL,'2012-05-22 06:10:43','2012-05-22 06:10:43'),(242,NULL,5,300.00,NULL,'2012-05-22 06:10:43','2012-05-22 06:10:43'),(243,NULL,10,150.00,NULL,'2012-05-22 06:10:43','2012-05-22 06:10:43'),(244,NULL,11,100.00,NULL,'2012-05-22 06:10:43','2012-05-22 06:10:43'),(245,NULL,9,100.00,NULL,'2012-05-22 06:10:43','2012-05-22 06:10:43'),(246,NULL,2,400.00,NULL,'2012-05-22 06:10:43','2012-05-22 06:10:43'),(247,NULL,3,300.00,NULL,'2012-05-22 06:10:43','2012-05-22 06:10:43'),(248,NULL,1,300.00,NULL,'2012-05-22 06:10:43','2012-05-22 06:10:43'),(249,NULL,7,400.00,NULL,'2012-05-22 06:10:43','2012-05-22 06:10:43'),(250,NULL,8,300.00,NULL,'2012-05-22 06:10:43','2012-05-22 06:10:43'),(251,NULL,6,300.00,NULL,'2012-05-22 06:10:43','2012-05-22 06:10:43'),(252,NULL,4,400.00,NULL,'2012-05-22 07:27:19','2012-05-22 07:27:19'),(253,NULL,5,300.00,NULL,'2012-05-22 07:27:19','2012-05-22 07:27:19'),(254,NULL,10,150.00,NULL,'2012-05-22 07:27:19','2012-05-22 07:27:19'),(255,NULL,11,100.00,NULL,'2012-05-22 07:27:19','2012-05-22 07:27:19'),(256,NULL,9,100.00,NULL,'2012-05-22 07:27:19','2012-05-22 07:27:19'),(257,NULL,2,400.00,NULL,'2012-05-22 07:27:19','2012-05-22 07:27:19'),(258,NULL,3,300.00,NULL,'2012-05-22 07:27:19','2012-05-22 07:27:19'),(259,NULL,1,300.00,NULL,'2012-05-22 07:27:19','2012-05-22 07:27:19'),(260,NULL,7,400.00,NULL,'2012-05-22 07:27:19','2012-05-22 07:27:19'),(261,NULL,8,300.00,NULL,'2012-05-22 07:27:19','2012-05-22 07:27:19'),(262,NULL,6,300.00,NULL,'2012-05-22 07:27:19','2012-05-22 07:27:19'),(263,1,3,100.00,NULL,'2012-05-26 03:47:23','2012-05-26 03:47:23'),(264,1,9,800.00,NULL,'2012-05-26 03:47:23','2012-05-26 03:47:23'),(265,1,6,300.00,NULL,'2012-05-26 03:47:23','2012-05-26 03:47:23'),(266,1,2,100.00,NULL,'2012-05-26 03:47:23','2012-05-26 03:47:23'),(267,1,1,60.00,NULL,'2012-05-26 03:47:23','2012-05-26 03:47:23'),(268,1,8,800.00,NULL,'2012-05-26 03:47:23','2012-05-26 03:47:23'),(269,1,7,600.00,NULL,'2012-05-26 03:47:23','2012-05-26 03:47:23'),(270,1,5,300.00,NULL,'2012-05-26 03:47:23','2012-05-26 03:47:23'),(271,1,4,200.00,NULL,'2012-05-26 03:47:23','2012-05-26 03:47:23'),(272,2,3,100.00,NULL,'2012-05-26 03:48:12','2012-05-26 03:48:12'),(273,2,9,800.00,NULL,'2012-05-26 03:48:12','2012-05-26 03:48:12'),(274,2,6,300.00,NULL,'2012-05-26 03:48:12','2012-05-26 03:48:12'),(275,2,2,100.00,NULL,'2012-05-26 03:48:12','2012-05-26 03:48:12'),(276,2,1,60.00,NULL,'2012-05-26 03:48:12','2012-05-26 03:48:12'),(277,2,8,800.00,NULL,'2012-05-26 03:48:12','2012-05-26 03:48:12'),(278,2,7,600.00,NULL,'2012-05-26 03:48:12','2012-05-26 03:48:12'),(279,2,5,300.00,NULL,'2012-05-26 03:48:12','2012-05-26 03:48:12'),(280,2,4,200.00,NULL,'2012-05-26 03:48:12','2012-05-26 03:48:12'),(281,2,3,100.00,NULL,'2012-05-26 03:48:48','2012-05-26 03:48:48'),(282,2,9,800.00,NULL,'2012-05-26 03:48:48','2012-05-26 03:48:48'),(283,2,6,300.00,NULL,'2012-05-26 03:48:48','2012-05-26 03:48:48'),(284,2,2,100.00,NULL,'2012-05-26 03:48:48','2012-05-26 03:48:48'),(285,2,1,60.00,NULL,'2012-05-26 03:48:48','2012-05-26 03:48:48'),(286,2,8,800.00,NULL,'2012-05-26 03:48:48','2012-05-26 03:48:48'),(287,2,7,600.00,NULL,'2012-05-26 03:48:48','2012-05-26 03:48:48'),(288,2,5,300.00,NULL,'2012-05-26 03:48:48','2012-05-26 03:48:48'),(289,2,4,200.00,NULL,'2012-05-26 03:48:48','2012-05-26 03:48:48'),(290,2,3,100.00,NULL,'2012-05-26 03:49:07','2012-05-26 03:49:07'),(291,2,9,800.00,NULL,'2012-05-26 03:49:07','2012-05-26 03:49:07'),(292,2,6,300.00,NULL,'2012-05-26 03:49:07','2012-05-26 03:49:07'),(293,2,2,100.00,NULL,'2012-05-26 03:49:07','2012-05-26 03:49:07'),(294,2,1,60.00,NULL,'2012-05-26 03:49:07','2012-05-26 03:49:07'),(295,2,8,800.00,NULL,'2012-05-26 03:49:07','2012-05-26 03:49:07'),(296,2,7,600.00,NULL,'2012-05-26 03:49:07','2012-05-26 03:49:07'),(297,2,5,300.00,NULL,'2012-05-26 03:49:07','2012-05-26 03:49:07'),(298,2,4,200.00,NULL,'2012-05-26 03:49:07','2012-05-26 03:49:07'),(299,2,3,100.00,NULL,'2012-05-26 03:49:26','2012-05-26 03:49:26'),(300,2,9,800.00,NULL,'2012-05-26 03:49:26','2012-05-26 03:49:26'),(301,2,6,300.00,NULL,'2012-05-26 03:49:26','2012-05-26 03:49:26'),(302,2,2,100.00,NULL,'2012-05-26 03:49:26','2012-05-26 03:49:26'),(303,2,1,60.00,NULL,'2012-05-26 03:49:26','2012-05-26 03:49:26'),(304,2,8,800.00,NULL,'2012-05-26 03:49:26','2012-05-26 03:49:26'),(305,2,7,600.00,NULL,'2012-05-26 03:49:26','2012-05-26 03:49:26'),(306,2,5,300.00,NULL,'2012-05-26 03:49:26','2012-05-26 03:49:26'),(307,2,4,200.00,NULL,'2012-05-26 03:49:26','2012-05-26 03:49:26'),(308,2,3,100.00,NULL,'2012-05-26 03:49:38','2012-05-26 03:49:38'),(309,2,9,800.00,NULL,'2012-05-26 03:49:38','2012-05-26 03:49:38'),(310,2,6,300.00,NULL,'2012-05-26 03:49:38','2012-05-26 03:49:38'),(311,2,2,100.00,NULL,'2012-05-26 03:49:38','2012-05-26 03:49:38'),(312,2,1,60.00,NULL,'2012-05-26 03:49:38','2012-05-26 03:49:38'),(313,2,8,800.00,NULL,'2012-05-26 03:49:38','2012-05-26 03:49:38'),(314,2,7,600.00,NULL,'2012-05-26 03:49:38','2012-05-26 03:49:38'),(315,2,5,300.00,NULL,'2012-05-26 03:49:38','2012-05-26 03:49:38'),(316,2,4,200.00,NULL,'2012-05-26 03:49:38','2012-05-26 03:49:38'),(317,2,3,100.00,NULL,'2012-05-26 03:50:11','2012-05-26 03:50:11'),(318,2,9,800.00,NULL,'2012-05-26 03:50:11','2012-05-26 03:50:11'),(319,2,6,300.00,NULL,'2012-05-26 03:50:11','2012-05-26 03:50:11'),(320,2,2,100.00,NULL,'2012-05-26 03:50:11','2012-05-26 03:50:11'),(321,2,1,60.00,NULL,'2012-05-26 03:50:11','2012-05-26 03:50:11'),(322,2,8,800.00,NULL,'2012-05-26 03:50:11','2012-05-26 03:50:11'),(323,2,7,600.00,NULL,'2012-05-26 03:50:11','2012-05-26 03:50:11'),(324,2,5,300.00,NULL,'2012-05-26 03:50:11','2012-05-26 03:50:11'),(325,2,4,200.00,NULL,'2012-05-26 03:50:11','2012-05-26 03:50:11'),(326,2,3,100.00,NULL,'2012-05-26 03:50:23','2012-05-26 03:50:23'),(327,2,9,800.00,NULL,'2012-05-26 03:50:23','2012-05-26 03:50:23'),(328,2,6,300.00,NULL,'2012-05-26 03:50:23','2012-05-26 03:50:23'),(329,2,2,100.00,NULL,'2012-05-26 03:50:23','2012-05-26 03:50:23'),(330,2,1,60.00,NULL,'2012-05-26 03:50:23','2012-05-26 03:50:23'),(331,2,8,800.00,NULL,'2012-05-26 03:50:23','2012-05-26 03:50:23'),(332,2,7,600.00,NULL,'2012-05-26 03:50:23','2012-05-26 03:50:23'),(333,2,5,300.00,NULL,'2012-05-26 03:50:23','2012-05-26 03:50:23'),(334,2,4,200.00,NULL,'2012-05-26 03:50:23','2012-05-26 03:50:23'),(335,2,3,100.00,NULL,'2012-05-26 03:50:32','2012-05-26 03:50:32'),(336,2,9,800.00,NULL,'2012-05-26 03:50:32','2012-05-26 03:50:32'),(337,2,6,300.00,NULL,'2012-05-26 03:50:32','2012-05-26 03:50:32'),(338,2,2,100.00,NULL,'2012-05-26 03:50:32','2012-05-26 03:50:32'),(339,2,1,60.00,NULL,'2012-05-26 03:50:32','2012-05-26 03:50:32'),(340,2,8,800.00,NULL,'2012-05-26 03:50:32','2012-05-26 03:50:32'),(341,2,7,600.00,NULL,'2012-05-26 03:50:32','2012-05-26 03:50:32'),(342,2,5,300.00,NULL,'2012-05-26 03:50:32','2012-05-26 03:50:32'),(343,2,4,200.00,NULL,'2012-05-26 03:50:32','2012-05-26 03:50:32'),(344,2,3,100.00,NULL,'2012-05-26 03:50:46','2012-05-26 03:50:46'),(345,2,9,800.00,NULL,'2012-05-26 03:50:46','2012-05-26 03:50:46'),(346,2,6,300.00,NULL,'2012-05-26 03:50:46','2012-05-26 03:50:46'),(347,2,2,100.00,NULL,'2012-05-26 03:50:46','2012-05-26 03:50:46'),(348,2,1,60.00,NULL,'2012-05-26 03:50:46','2012-05-26 03:50:46'),(349,2,8,800.00,NULL,'2012-05-26 03:50:46','2012-05-26 03:50:46'),(350,2,7,600.00,NULL,'2012-05-26 03:50:46','2012-05-26 03:50:46'),(351,2,5,300.00,NULL,'2012-05-26 03:50:46','2012-05-26 03:50:46'),(352,2,4,200.00,NULL,'2012-05-26 03:50:46','2012-05-26 03:50:46'),(353,2,3,100.00,NULL,'2012-05-26 03:51:02','2012-05-26 03:51:02'),(354,2,9,800.00,NULL,'2012-05-26 03:51:02','2012-05-26 03:51:02'),(355,2,6,300.00,NULL,'2012-05-26 03:51:02','2012-05-26 03:51:02'),(356,2,2,100.00,NULL,'2012-05-26 03:51:02','2012-05-26 03:51:02'),(357,2,1,60.00,NULL,'2012-05-26 03:51:02','2012-05-26 03:51:02'),(358,2,8,800.00,NULL,'2012-05-26 03:51:02','2012-05-26 03:51:02'),(359,2,7,600.00,NULL,'2012-05-26 03:51:02','2012-05-26 03:51:02'),(360,2,5,300.00,NULL,'2012-05-26 03:51:02','2012-05-26 03:51:02'),(361,2,4,200.00,NULL,'2012-05-26 03:51:02','2012-05-26 03:51:02'),(362,2,3,100.00,NULL,'2012-05-26 03:51:16','2012-05-26 03:51:16'),(363,2,9,800.00,NULL,'2012-05-26 03:51:16','2012-05-26 03:51:16'),(364,2,6,300.00,NULL,'2012-05-26 03:51:16','2012-05-26 03:51:16'),(365,2,2,100.00,NULL,'2012-05-26 03:51:16','2012-05-26 03:51:16'),(366,2,1,60.00,NULL,'2012-05-26 03:51:16','2012-05-26 03:51:16'),(367,2,8,800.00,NULL,'2012-05-26 03:51:16','2012-05-26 03:51:16'),(368,2,7,600.00,NULL,'2012-05-26 03:51:16','2012-05-26 03:51:16'),(369,2,5,300.00,NULL,'2012-05-26 03:51:16','2012-05-26 03:51:16'),(370,2,4,200.00,NULL,'2012-05-26 03:51:16','2012-05-26 03:51:16'),(371,2,3,100.00,NULL,'2012-05-26 03:51:29','2012-05-26 03:51:29'),(372,2,9,800.00,NULL,'2012-05-26 03:51:29','2012-05-26 03:51:29'),(373,2,6,300.00,NULL,'2012-05-26 03:51:29','2012-05-26 03:51:29'),(374,2,2,100.00,NULL,'2012-05-26 03:51:29','2012-05-26 03:51:29'),(375,2,1,60.00,NULL,'2012-05-26 03:51:29','2012-05-26 03:51:29'),(376,2,8,800.00,NULL,'2012-05-26 03:51:29','2012-05-26 03:51:29'),(377,2,7,600.00,NULL,'2012-05-26 03:51:29','2012-05-26 03:51:29'),(378,2,5,300.00,NULL,'2012-05-26 03:51:29','2012-05-26 03:51:29'),(379,2,4,200.00,NULL,'2012-05-26 03:51:29','2012-05-26 03:51:29'),(380,2,3,100.00,NULL,'2012-05-26 03:51:44','2012-05-26 03:51:44'),(381,2,9,800.00,NULL,'2012-05-26 03:51:44','2012-05-26 03:51:44'),(382,2,6,300.00,NULL,'2012-05-26 03:51:44','2012-05-26 03:51:44'),(383,2,2,100.00,NULL,'2012-05-26 03:51:44','2012-05-26 03:51:44'),(384,2,1,60.00,NULL,'2012-05-26 03:51:44','2012-05-26 03:51:44'),(385,2,8,800.00,NULL,'2012-05-26 03:51:44','2012-05-26 03:51:44'),(386,2,7,600.00,NULL,'2012-05-26 03:51:44','2012-05-26 03:51:44'),(387,2,5,300.00,NULL,'2012-05-26 03:51:44','2012-05-26 03:51:44'),(388,2,4,200.00,NULL,'2012-05-26 03:51:44','2012-05-26 03:51:44'),(389,NULL,3,100.00,NULL,'2012-05-26 03:54:35','2012-05-26 03:54:35'),(390,NULL,9,800.00,NULL,'2012-05-26 03:54:35','2012-05-26 03:54:35'),(391,NULL,6,300.00,NULL,'2012-05-26 03:54:35','2012-05-26 03:54:35'),(392,NULL,2,100.00,NULL,'2012-05-26 03:54:35','2012-05-26 03:54:35'),(393,NULL,1,60.00,NULL,'2012-05-26 03:54:35','2012-05-26 03:54:35'),(394,NULL,8,800.00,NULL,'2012-05-26 03:54:35','2012-05-26 03:54:35'),(395,NULL,7,600.00,NULL,'2012-05-26 03:54:35','2012-05-26 03:54:35'),(396,NULL,5,300.00,NULL,'2012-05-26 03:54:35','2012-05-26 03:54:35'),(397,NULL,4,200.00,NULL,'2012-05-26 03:54:35','2012-05-26 03:54:35'),(398,NULL,3,100.00,NULL,'2012-05-26 03:55:25','2012-05-26 03:55:25'),(399,NULL,9,800.00,NULL,'2012-05-26 03:55:25','2012-05-26 03:55:25'),(400,NULL,6,300.00,NULL,'2012-05-26 03:55:25','2012-05-26 03:55:25'),(401,NULL,2,100.00,NULL,'2012-05-26 03:55:25','2012-05-26 03:55:25'),(402,NULL,1,60.00,NULL,'2012-05-26 03:55:25','2012-05-26 03:55:25'),(403,NULL,8,800.00,NULL,'2012-05-26 03:55:25','2012-05-26 03:55:25'),(404,NULL,7,600.00,NULL,'2012-05-26 03:55:25','2012-05-26 03:55:25'),(405,NULL,5,300.00,NULL,'2012-05-26 03:55:25','2012-05-26 03:55:25'),(406,NULL,4,200.00,NULL,'2012-05-26 03:55:25','2012-05-26 03:55:25'),(407,NULL,3,100.00,NULL,'2012-05-26 03:55:50','2012-05-26 03:55:50'),(408,NULL,9,800.00,NULL,'2012-05-26 03:55:50','2012-05-26 03:55:50'),(409,NULL,6,300.00,NULL,'2012-05-26 03:55:50','2012-05-26 03:55:50'),(410,NULL,2,100.00,NULL,'2012-05-26 03:55:50','2012-05-26 03:55:50'),(411,NULL,1,60.00,NULL,'2012-05-26 03:55:50','2012-05-26 03:55:50'),(412,NULL,8,800.00,NULL,'2012-05-26 03:55:50','2012-05-26 03:55:50'),(413,NULL,7,600.00,NULL,'2012-05-26 03:55:50','2012-05-26 03:55:50'),(414,NULL,5,300.00,NULL,'2012-05-26 03:55:50','2012-05-26 03:55:50'),(415,NULL,4,200.00,NULL,'2012-05-26 03:55:50','2012-05-26 03:55:50'),(416,NULL,3,100.00,NULL,'2012-05-26 03:56:21','2012-05-26 03:56:21'),(417,NULL,9,800.00,NULL,'2012-05-26 03:56:21','2012-05-26 03:56:21'),(418,NULL,6,300.00,NULL,'2012-05-26 03:56:21','2012-05-26 03:56:21'),(419,NULL,2,100.00,NULL,'2012-05-26 03:56:21','2012-05-26 03:56:21'),(420,NULL,1,60.00,NULL,'2012-05-26 03:56:21','2012-05-26 03:56:21'),(421,NULL,8,800.00,NULL,'2012-05-26 03:56:21','2012-05-26 03:56:21'),(422,NULL,7,600.00,NULL,'2012-05-26 03:56:21','2012-05-26 03:56:21'),(423,NULL,5,300.00,NULL,'2012-05-26 03:56:21','2012-05-26 03:56:21'),(424,NULL,4,200.00,NULL,'2012-05-26 03:56:21','2012-05-26 03:56:21'),(425,7,3,100.00,NULL,'2012-05-26 03:57:24','2012-05-26 03:57:24'),(426,7,9,800.00,NULL,'2012-05-26 03:57:24','2012-05-26 03:57:24'),(427,7,6,300.00,NULL,'2012-05-26 03:57:24','2012-05-26 03:57:24'),(428,7,2,100.00,NULL,'2012-05-26 03:57:24','2012-05-26 03:57:24'),(429,7,1,60.00,NULL,'2012-05-26 03:57:24','2012-05-26 03:57:24'),(430,7,8,800.00,NULL,'2012-05-26 03:57:24','2012-05-26 03:57:24'),(431,7,7,600.00,NULL,'2012-05-26 03:57:24','2012-05-26 03:57:24'),(432,7,5,300.00,NULL,'2012-05-26 03:57:24','2012-05-26 03:57:24'),(433,7,4,200.00,NULL,'2012-05-26 03:57:24','2012-05-26 03:57:24'),(434,NULL,3,100.00,NULL,'2012-05-26 04:00:29','2012-05-26 04:00:29'),(435,NULL,9,800.00,NULL,'2012-05-26 04:00:29','2012-05-26 04:00:29'),(436,NULL,6,300.00,NULL,'2012-05-26 04:00:29','2012-05-26 04:00:29'),(437,NULL,2,100.00,NULL,'2012-05-26 04:00:29','2012-05-26 04:00:29'),(438,NULL,1,60.00,NULL,'2012-05-26 04:00:29','2012-05-26 04:00:29'),(439,NULL,8,800.00,NULL,'2012-05-26 04:00:29','2012-05-26 04:00:29'),(440,NULL,7,600.00,NULL,'2012-05-26 04:00:29','2012-05-26 04:00:29'),(441,NULL,5,300.00,NULL,'2012-05-26 04:00:29','2012-05-26 04:00:29'),(442,NULL,4,200.00,NULL,'2012-05-26 04:00:29','2012-05-26 04:00:29'),(443,NULL,3,100.00,NULL,'2012-05-26 04:00:59','2012-05-26 04:00:59'),(444,NULL,9,800.00,NULL,'2012-05-26 04:00:59','2012-05-26 04:00:59'),(445,NULL,6,300.00,NULL,'2012-05-26 04:00:59','2012-05-26 04:00:59'),(446,NULL,2,100.00,NULL,'2012-05-26 04:00:59','2012-05-26 04:00:59'),(447,NULL,1,60.00,NULL,'2012-05-26 04:00:59','2012-05-26 04:00:59'),(448,NULL,8,800.00,NULL,'2012-05-26 04:00:59','2012-05-26 04:00:59'),(449,NULL,7,600.00,NULL,'2012-05-26 04:00:59','2012-05-26 04:00:59'),(450,NULL,5,300.00,NULL,'2012-05-26 04:00:59','2012-05-26 04:00:59'),(451,NULL,4,200.00,NULL,'2012-05-26 04:00:59','2012-05-26 04:00:59'),(452,NULL,3,100.00,NULL,'2012-05-26 04:01:29','2012-05-26 04:01:29'),(453,NULL,9,800.00,NULL,'2012-05-26 04:01:29','2012-05-26 04:01:29'),(454,NULL,6,300.00,NULL,'2012-05-26 04:01:29','2012-05-26 04:01:29'),(455,NULL,2,100.00,NULL,'2012-05-26 04:01:29','2012-05-26 04:01:29'),(456,NULL,1,60.00,NULL,'2012-05-26 04:01:29','2012-05-26 04:01:29'),(457,NULL,8,800.00,NULL,'2012-05-26 04:01:29','2012-05-26 04:01:29'),(458,NULL,7,600.00,NULL,'2012-05-26 04:01:29','2012-05-26 04:01:29'),(459,NULL,5,300.00,NULL,'2012-05-26 04:01:29','2012-05-26 04:01:29'),(460,NULL,4,200.00,NULL,'2012-05-26 04:01:29','2012-05-26 04:01:29'),(461,NULL,3,100.00,NULL,'2012-05-26 04:02:14','2012-05-26 04:02:14'),(462,NULL,9,800.00,NULL,'2012-05-26 04:02:14','2012-05-26 04:02:14'),(463,NULL,6,300.00,NULL,'2012-05-26 04:02:14','2012-05-26 04:02:14'),(464,NULL,2,100.00,NULL,'2012-05-26 04:02:14','2012-05-26 04:02:14'),(465,NULL,1,60.00,NULL,'2012-05-26 04:02:14','2012-05-26 04:02:14'),(466,NULL,8,800.00,NULL,'2012-05-26 04:02:14','2012-05-26 04:02:14'),(467,NULL,7,600.00,NULL,'2012-05-26 04:02:14','2012-05-26 04:02:14'),(468,NULL,5,300.00,NULL,'2012-05-26 04:02:14','2012-05-26 04:02:14'),(469,NULL,4,200.00,NULL,'2012-05-26 04:02:14','2012-05-26 04:02:14'),(470,NULL,3,100.00,NULL,'2012-05-26 04:02:38','2012-05-26 04:02:38'),(471,NULL,9,800.00,NULL,'2012-05-26 04:02:38','2012-05-26 04:02:38'),(472,NULL,6,300.00,NULL,'2012-05-26 04:02:38','2012-05-26 04:02:38'),(473,NULL,2,100.00,NULL,'2012-05-26 04:02:38','2012-05-26 04:02:38'),(474,NULL,1,60.00,NULL,'2012-05-26 04:02:38','2012-05-26 04:02:38'),(475,NULL,8,800.00,NULL,'2012-05-26 04:02:38','2012-05-26 04:02:38'),(476,NULL,7,600.00,NULL,'2012-05-26 04:02:38','2012-05-26 04:02:38'),(477,NULL,5,300.00,NULL,'2012-05-26 04:02:38','2012-05-26 04:02:38'),(478,NULL,4,200.00,NULL,'2012-05-26 04:02:38','2012-05-26 04:02:38'),(479,NULL,3,100.00,NULL,'2012-05-26 04:03:05','2012-05-26 04:03:05'),(480,NULL,9,800.00,NULL,'2012-05-26 04:03:05','2012-05-26 04:03:05'),(481,NULL,6,300.00,NULL,'2012-05-26 04:03:05','2012-05-26 04:03:05'),(482,NULL,2,100.00,NULL,'2012-05-26 04:03:05','2012-05-26 04:03:05'),(483,NULL,1,60.00,NULL,'2012-05-26 04:03:05','2012-05-26 04:03:05'),(484,NULL,8,800.00,NULL,'2012-05-26 04:03:05','2012-05-26 04:03:05'),(485,NULL,7,600.00,NULL,'2012-05-26 04:03:05','2012-05-26 04:03:05'),(486,NULL,5,300.00,NULL,'2012-05-26 04:03:05','2012-05-26 04:03:05'),(487,NULL,4,200.00,NULL,'2012-05-26 04:03:05','2012-05-26 04:03:05'),(488,NULL,3,100.00,NULL,'2012-05-26 04:03:42','2012-05-26 04:03:42'),(489,NULL,9,800.00,NULL,'2012-05-26 04:03:42','2012-05-26 04:03:42'),(490,NULL,6,300.00,NULL,'2012-05-26 04:03:42','2012-05-26 04:03:42'),(491,NULL,2,100.00,NULL,'2012-05-26 04:03:42','2012-05-26 04:03:42'),(492,NULL,1,60.00,NULL,'2012-05-26 04:03:42','2012-05-26 04:03:42'),(493,NULL,8,800.00,NULL,'2012-05-26 04:03:42','2012-05-26 04:03:42'),(494,NULL,7,600.00,NULL,'2012-05-26 04:03:42','2012-05-26 04:03:42'),(495,NULL,5,300.00,NULL,'2012-05-26 04:03:42','2012-05-26 04:03:42'),(496,NULL,4,200.00,NULL,'2012-05-26 04:03:42','2012-05-26 04:03:42'),(497,NULL,3,100.00,NULL,'2012-05-26 04:09:40','2012-05-26 04:09:40'),(498,NULL,9,800.00,NULL,'2012-05-26 04:09:40','2012-05-26 04:09:40'),(499,NULL,6,300.00,NULL,'2012-05-26 04:09:40','2012-05-26 04:09:40'),(500,NULL,2,100.00,NULL,'2012-05-26 04:09:40','2012-05-26 04:09:40'),(501,NULL,1,60.00,NULL,'2012-05-26 04:09:40','2012-05-26 04:09:40'),(502,NULL,8,800.00,NULL,'2012-05-26 04:09:40','2012-05-26 04:09:40'),(503,NULL,7,600.00,NULL,'2012-05-26 04:09:40','2012-05-26 04:09:40'),(504,NULL,5,300.00,NULL,'2012-05-26 04:09:40','2012-05-26 04:09:40'),(505,NULL,4,200.00,NULL,'2012-05-26 04:09:40','2012-05-26 04:09:40'),(506,NULL,3,100.00,NULL,'2012-05-26 04:10:03','2012-05-26 04:10:03'),(507,NULL,9,800.00,NULL,'2012-05-26 04:10:03','2012-05-26 04:10:03'),(508,NULL,6,300.00,NULL,'2012-05-26 04:10:03','2012-05-26 04:10:03'),(509,NULL,2,100.00,NULL,'2012-05-26 04:10:03','2012-05-26 04:10:03'),(510,NULL,1,60.00,NULL,'2012-05-26 04:10:03','2012-05-26 04:10:03'),(511,NULL,8,800.00,NULL,'2012-05-26 04:10:03','2012-05-26 04:10:03'),(512,NULL,7,600.00,NULL,'2012-05-26 04:10:03','2012-05-26 04:10:03'),(513,NULL,5,300.00,NULL,'2012-05-26 04:10:03','2012-05-26 04:10:03'),(514,NULL,4,200.00,NULL,'2012-05-26 04:10:03','2012-05-26 04:10:03'),(515,NULL,3,100.00,NULL,'2012-05-26 04:10:27','2012-05-26 04:10:27'),(516,NULL,9,800.00,NULL,'2012-05-26 04:10:27','2012-05-26 04:10:27'),(517,NULL,6,300.00,NULL,'2012-05-26 04:10:27','2012-05-26 04:10:27'),(518,NULL,2,100.00,NULL,'2012-05-26 04:10:27','2012-05-26 04:10:27'),(519,NULL,1,60.00,NULL,'2012-05-26 04:10:27','2012-05-26 04:10:27'),(520,NULL,8,800.00,NULL,'2012-05-26 04:10:27','2012-05-26 04:10:27'),(521,NULL,7,600.00,NULL,'2012-05-26 04:10:27','2012-05-26 04:10:27'),(522,NULL,5,300.00,NULL,'2012-05-26 04:10:27','2012-05-26 04:10:27'),(523,NULL,4,200.00,NULL,'2012-05-26 04:10:27','2012-05-26 04:10:27'),(524,NULL,3,100.00,NULL,'2012-05-26 04:10:43','2012-05-26 04:10:43'),(525,NULL,9,800.00,NULL,'2012-05-26 04:10:43','2012-05-26 04:10:43'),(526,NULL,6,300.00,NULL,'2012-05-26 04:10:43','2012-05-26 04:10:43'),(527,NULL,2,100.00,NULL,'2012-05-26 04:10:43','2012-05-26 04:10:43'),(528,NULL,1,60.00,NULL,'2012-05-26 04:10:43','2012-05-26 04:10:43'),(529,NULL,8,800.00,NULL,'2012-05-26 04:10:43','2012-05-26 04:10:43'),(530,NULL,7,600.00,NULL,'2012-05-26 04:10:43','2012-05-26 04:10:43'),(531,NULL,5,300.00,NULL,'2012-05-26 04:10:43','2012-05-26 04:10:43'),(532,NULL,4,200.00,NULL,'2012-05-26 04:10:43','2012-05-26 04:10:43'),(533,NULL,3,100.00,NULL,'2012-05-26 04:11:05','2012-05-26 04:11:05'),(534,NULL,9,800.00,NULL,'2012-05-26 04:11:05','2012-05-26 04:11:05'),(535,NULL,6,300.00,NULL,'2012-05-26 04:11:05','2012-05-26 04:11:05'),(536,NULL,2,100.00,NULL,'2012-05-26 04:11:05','2012-05-26 04:11:05'),(537,NULL,1,60.00,NULL,'2012-05-26 04:11:05','2012-05-26 04:11:05'),(538,NULL,8,800.00,NULL,'2012-05-26 04:11:05','2012-05-26 04:11:05'),(539,NULL,7,600.00,NULL,'2012-05-26 04:11:05','2012-05-26 04:11:05'),(540,NULL,5,300.00,NULL,'2012-05-26 04:11:05','2012-05-26 04:11:05'),(541,NULL,4,200.00,NULL,'2012-05-26 04:11:05','2012-05-26 04:11:05'),(542,NULL,3,100.00,NULL,'2012-05-26 04:11:26','2012-05-26 04:11:26'),(543,NULL,9,800.00,NULL,'2012-05-26 04:11:26','2012-05-26 04:11:26'),(544,NULL,6,300.00,NULL,'2012-05-26 04:11:26','2012-05-26 04:11:26'),(545,NULL,2,100.00,NULL,'2012-05-26 04:11:26','2012-05-26 04:11:26'),(546,NULL,1,60.00,NULL,'2012-05-26 04:11:26','2012-05-26 04:11:26'),(547,NULL,8,800.00,NULL,'2012-05-26 04:11:26','2012-05-26 04:11:26'),(548,NULL,7,600.00,NULL,'2012-05-26 04:11:26','2012-05-26 04:11:26'),(549,NULL,5,300.00,NULL,'2012-05-26 04:11:26','2012-05-26 04:11:26'),(550,NULL,4,200.00,NULL,'2012-05-26 04:11:26','2012-05-26 04:11:26'),(551,NULL,3,100.00,NULL,'2012-05-26 04:11:41','2012-05-26 04:11:41'),(552,NULL,9,800.00,NULL,'2012-05-26 04:11:41','2012-05-26 04:11:41'),(553,NULL,6,300.00,NULL,'2012-05-26 04:11:41','2012-05-26 04:11:41'),(554,NULL,2,100.00,NULL,'2012-05-26 04:11:41','2012-05-26 04:11:41'),(555,NULL,1,60.00,NULL,'2012-05-26 04:11:41','2012-05-26 04:11:41'),(556,NULL,8,800.00,NULL,'2012-05-26 04:11:41','2012-05-26 04:11:41'),(557,NULL,7,600.00,NULL,'2012-05-26 04:11:41','2012-05-26 04:11:41'),(558,NULL,5,300.00,NULL,'2012-05-26 04:11:41','2012-05-26 04:11:41'),(559,NULL,4,200.00,NULL,'2012-05-26 04:11:41','2012-05-26 04:11:41'),(560,1,3,100.00,NULL,'2012-05-26 04:12:01','2012-05-26 04:12:01'),(561,1,9,800.00,NULL,'2012-05-26 04:12:01','2012-05-26 04:12:01'),(562,1,6,300.00,NULL,'2012-05-26 04:12:01','2012-05-26 04:12:01'),(563,1,2,100.00,NULL,'2012-05-26 04:12:01','2012-05-26 04:12:01'),(564,1,1,60.00,NULL,'2012-05-26 04:12:01','2012-05-26 04:12:01'),(565,1,8,800.00,NULL,'2012-05-26 04:12:01','2012-05-26 04:12:01'),(566,1,7,600.00,NULL,'2012-05-26 04:12:01','2012-05-26 04:12:01'),(567,1,5,300.00,NULL,'2012-05-26 04:12:01','2012-05-26 04:12:01'),(568,1,4,200.00,NULL,'2012-05-26 04:12:01','2012-05-26 04:12:01'),(569,NULL,3,100.00,NULL,'2012-05-26 04:13:19','2012-05-26 04:13:19'),(570,NULL,9,800.00,NULL,'2012-05-26 04:13:19','2012-05-26 04:13:19'),(571,NULL,6,300.00,NULL,'2012-05-26 04:13:19','2012-05-26 04:13:19'),(572,NULL,2,100.00,NULL,'2012-05-26 04:13:19','2012-05-26 04:13:19'),(573,NULL,1,60.00,NULL,'2012-05-26 04:13:19','2012-05-26 04:13:19'),(574,NULL,8,800.00,NULL,'2012-05-26 04:13:19','2012-05-26 04:13:19'),(575,NULL,7,600.00,NULL,'2012-05-26 04:13:19','2012-05-26 04:13:19'),(576,NULL,5,300.00,NULL,'2012-05-26 04:13:19','2012-05-26 04:13:19'),(577,NULL,4,200.00,NULL,'2012-05-26 04:13:19','2012-05-26 04:13:19'),(578,NULL,3,100.00,NULL,'2012-05-26 04:13:57','2012-05-26 04:13:57'),(579,NULL,9,800.00,NULL,'2012-05-26 04:13:57','2012-05-26 04:13:57'),(580,NULL,6,300.00,NULL,'2012-05-26 04:13:57','2012-05-26 04:13:57'),(581,NULL,2,100.00,NULL,'2012-05-26 04:13:57','2012-05-26 04:13:57'),(582,NULL,1,60.00,NULL,'2012-05-26 04:13:57','2012-05-26 04:13:57'),(583,NULL,8,800.00,NULL,'2012-05-26 04:13:57','2012-05-26 04:13:57'),(584,NULL,7,600.00,NULL,'2012-05-26 04:13:57','2012-05-26 04:13:57'),(585,NULL,5,300.00,NULL,'2012-05-26 04:13:57','2012-05-26 04:13:57'),(586,NULL,4,200.00,NULL,'2012-05-26 04:13:57','2012-05-26 04:13:57'),(587,NULL,3,100.00,NULL,'2012-05-26 04:15:26','2012-05-26 04:15:26'),(588,NULL,9,800.00,NULL,'2012-05-26 04:15:26','2012-05-26 04:15:26'),(589,NULL,6,300.00,NULL,'2012-05-26 04:15:26','2012-05-26 04:15:26'),(590,NULL,2,100.00,NULL,'2012-05-26 04:15:26','2012-05-26 04:15:26'),(591,NULL,1,60.00,NULL,'2012-05-26 04:15:26','2012-05-26 04:15:26'),(592,NULL,8,800.00,NULL,'2012-05-26 04:15:26','2012-05-26 04:15:26'),(593,NULL,7,600.00,NULL,'2012-05-26 04:15:26','2012-05-26 04:15:26'),(594,NULL,5,300.00,NULL,'2012-05-26 04:15:26','2012-05-26 04:15:26'),(595,NULL,4,200.00,NULL,'2012-05-26 04:15:26','2012-05-26 04:15:26'),(596,NULL,3,100.00,NULL,'2012-05-26 04:16:12','2012-05-26 04:16:12'),(597,NULL,9,800.00,NULL,'2012-05-26 04:16:12','2012-05-26 04:16:12'),(598,NULL,6,300.00,NULL,'2012-05-26 04:16:12','2012-05-26 04:16:12'),(599,NULL,2,100.00,NULL,'2012-05-26 04:16:12','2012-05-26 04:16:12'),(600,NULL,1,60.00,NULL,'2012-05-26 04:16:12','2012-05-26 04:16:12'),(601,NULL,8,800.00,NULL,'2012-05-26 04:16:12','2012-05-26 04:16:12'),(602,NULL,7,600.00,NULL,'2012-05-26 04:16:12','2012-05-26 04:16:12'),(603,NULL,5,300.00,NULL,'2012-05-26 04:16:12','2012-05-26 04:16:12'),(604,NULL,4,200.00,NULL,'2012-05-26 04:16:12','2012-05-26 04:16:12'),(605,NULL,3,100.00,NULL,'2012-05-26 04:16:36','2012-05-26 04:16:36'),(606,NULL,9,800.00,NULL,'2012-05-26 04:16:36','2012-05-26 04:16:36'),(607,NULL,6,300.00,NULL,'2012-05-26 04:16:36','2012-05-26 04:16:36'),(608,NULL,2,100.00,NULL,'2012-05-26 04:16:36','2012-05-26 04:16:36'),(609,NULL,1,60.00,NULL,'2012-05-26 04:16:36','2012-05-26 04:16:36'),(610,NULL,8,800.00,NULL,'2012-05-26 04:16:36','2012-05-26 04:16:36'),(611,NULL,7,600.00,NULL,'2012-05-26 04:16:36','2012-05-26 04:16:36'),(612,NULL,5,300.00,NULL,'2012-05-26 04:16:36','2012-05-26 04:16:36'),(613,NULL,4,200.00,NULL,'2012-05-26 04:16:36','2012-05-26 04:16:36'),(614,NULL,3,100.00,NULL,'2012-05-26 04:16:59','2012-05-26 04:16:59'),(615,NULL,9,800.00,NULL,'2012-05-26 04:16:59','2012-05-26 04:16:59'),(616,NULL,6,300.00,NULL,'2012-05-26 04:16:59','2012-05-26 04:16:59'),(617,NULL,2,100.00,NULL,'2012-05-26 04:16:59','2012-05-26 04:16:59'),(618,NULL,1,60.00,NULL,'2012-05-26 04:16:59','2012-05-26 04:16:59'),(619,NULL,8,800.00,NULL,'2012-05-26 04:16:59','2012-05-26 04:16:59'),(620,NULL,7,600.00,NULL,'2012-05-26 04:16:59','2012-05-26 04:16:59'),(621,NULL,5,300.00,NULL,'2012-05-26 04:16:59','2012-05-26 04:16:59'),(622,NULL,4,200.00,NULL,'2012-05-26 04:16:59','2012-05-26 04:16:59'),(623,NULL,3,100.00,NULL,'2012-05-26 04:17:59','2012-05-26 04:17:59'),(624,NULL,9,800.00,NULL,'2012-05-26 04:17:59','2012-05-26 04:17:59'),(625,NULL,6,300.00,NULL,'2012-05-26 04:17:59','2012-05-26 04:17:59'),(626,NULL,2,100.00,NULL,'2012-05-26 04:17:59','2012-05-26 04:17:59'),(627,NULL,1,60.00,NULL,'2012-05-26 04:17:59','2012-05-26 04:17:59'),(628,NULL,8,800.00,NULL,'2012-05-26 04:17:59','2012-05-26 04:17:59'),(629,NULL,7,600.00,NULL,'2012-05-26 04:17:59','2012-05-26 04:17:59'),(630,NULL,5,300.00,NULL,'2012-05-26 04:17:59','2012-05-26 04:17:59'),(631,NULL,4,200.00,NULL,'2012-05-26 04:17:59','2012-05-26 04:17:59'),(632,NULL,3,100.00,NULL,'2012-05-26 04:18:42','2012-05-26 04:18:42'),(633,NULL,9,800.00,NULL,'2012-05-26 04:18:42','2012-05-26 04:18:42'),(634,NULL,6,300.00,NULL,'2012-05-26 04:18:42','2012-05-26 04:18:42'),(635,NULL,2,100.00,NULL,'2012-05-26 04:18:42','2012-05-26 04:18:42'),(636,NULL,1,60.00,NULL,'2012-05-26 04:18:42','2012-05-26 04:18:42'),(637,NULL,8,800.00,NULL,'2012-05-26 04:18:42','2012-05-26 04:18:42'),(638,NULL,7,600.00,NULL,'2012-05-26 04:18:42','2012-05-26 04:18:42'),(639,NULL,5,300.00,NULL,'2012-05-26 04:18:42','2012-05-26 04:18:42'),(640,NULL,4,200.00,NULL,'2012-05-26 04:18:42','2012-05-26 04:18:42'),(641,NULL,3,100.00,NULL,'2012-05-26 04:20:16','2012-05-26 04:20:16'),(642,NULL,9,800.00,NULL,'2012-05-26 04:20:16','2012-05-26 04:20:16'),(643,NULL,6,300.00,NULL,'2012-05-26 04:20:16','2012-05-26 04:20:16'),(644,NULL,2,100.00,NULL,'2012-05-26 04:20:16','2012-05-26 04:20:16'),(645,NULL,1,60.00,NULL,'2012-05-26 04:20:16','2012-05-26 04:20:16'),(646,NULL,8,800.00,NULL,'2012-05-26 04:20:16','2012-05-26 04:20:16'),(647,NULL,7,600.00,NULL,'2012-05-26 04:20:16','2012-05-26 04:20:16'),(648,NULL,5,300.00,NULL,'2012-05-26 04:20:16','2012-05-26 04:20:16'),(649,NULL,4,200.00,NULL,'2012-05-26 04:20:16','2012-05-26 04:20:16'),(650,NULL,3,100.00,NULL,'2012-05-26 04:20:44','2012-05-26 04:20:44'),(651,NULL,9,800.00,NULL,'2012-05-26 04:20:44','2012-05-26 04:20:44'),(652,NULL,6,300.00,NULL,'2012-05-26 04:20:44','2012-05-26 04:20:44'),(653,NULL,2,100.00,NULL,'2012-05-26 04:20:44','2012-05-26 04:20:44'),(654,NULL,1,60.00,NULL,'2012-05-26 04:20:44','2012-05-26 04:20:44'),(655,NULL,8,800.00,NULL,'2012-05-26 04:20:44','2012-05-26 04:20:44'),(656,NULL,7,600.00,NULL,'2012-05-26 04:20:44','2012-05-26 04:20:44'),(657,NULL,5,300.00,NULL,'2012-05-26 04:20:44','2012-05-26 04:20:44'),(658,NULL,4,200.00,NULL,'2012-05-26 04:20:44','2012-05-26 04:20:44'),(659,NULL,3,100.00,NULL,'2012-05-26 04:21:00','2012-05-26 04:21:00'),(660,NULL,9,800.00,NULL,'2012-05-26 04:21:00','2012-05-26 04:21:00'),(661,NULL,6,300.00,NULL,'2012-05-26 04:21:00','2012-05-26 04:21:00'),(662,NULL,2,100.00,NULL,'2012-05-26 04:21:00','2012-05-26 04:21:00'),(663,NULL,1,60.00,NULL,'2012-05-26 04:21:00','2012-05-26 04:21:00'),(664,NULL,8,800.00,NULL,'2012-05-26 04:21:00','2012-05-26 04:21:00'),(665,NULL,7,600.00,NULL,'2012-05-26 04:21:00','2012-05-26 04:21:00'),(666,NULL,5,300.00,NULL,'2012-05-26 04:21:00','2012-05-26 04:21:00'),(667,NULL,4,200.00,NULL,'2012-05-26 04:21:00','2012-05-26 04:21:00'),(668,NULL,3,100.00,NULL,'2012-05-26 04:21:19','2012-05-26 04:21:19'),(669,NULL,9,800.00,NULL,'2012-05-26 04:21:19','2012-05-26 04:21:19'),(670,NULL,6,300.00,NULL,'2012-05-26 04:21:19','2012-05-26 04:21:19'),(671,NULL,2,100.00,NULL,'2012-05-26 04:21:19','2012-05-26 04:21:19'),(672,NULL,1,60.00,NULL,'2012-05-26 04:21:19','2012-05-26 04:21:19'),(673,NULL,8,800.00,NULL,'2012-05-26 04:21:19','2012-05-26 04:21:19'),(674,NULL,7,600.00,NULL,'2012-05-26 04:21:19','2012-05-26 04:21:19'),(675,NULL,5,300.00,NULL,'2012-05-26 04:21:19','2012-05-26 04:21:19'),(676,NULL,4,200.00,NULL,'2012-05-26 04:21:19','2012-05-26 04:21:19'),(677,NULL,3,100.00,NULL,'2012-05-26 04:21:37','2012-05-26 04:21:37'),(678,NULL,9,800.00,NULL,'2012-05-26 04:21:37','2012-05-26 04:21:37'),(679,NULL,6,300.00,NULL,'2012-05-26 04:21:37','2012-05-26 04:21:37'),(680,NULL,2,100.00,NULL,'2012-05-26 04:21:37','2012-05-26 04:21:37'),(681,NULL,1,60.00,NULL,'2012-05-26 04:21:37','2012-05-26 04:21:37'),(682,NULL,8,800.00,NULL,'2012-05-26 04:21:37','2012-05-26 04:21:37'),(683,NULL,7,600.00,NULL,'2012-05-26 04:21:37','2012-05-26 04:21:37'),(684,NULL,5,300.00,NULL,'2012-05-26 04:21:37','2012-05-26 04:21:37'),(685,NULL,4,200.00,NULL,'2012-05-26 04:21:37','2012-05-26 04:21:37'),(686,NULL,3,100.00,NULL,'2012-05-26 04:21:58','2012-05-26 04:21:58'),(687,NULL,9,800.00,NULL,'2012-05-26 04:21:58','2012-05-26 04:21:58'),(688,NULL,6,300.00,NULL,'2012-05-26 04:21:58','2012-05-26 04:21:58'),(689,NULL,2,100.00,NULL,'2012-05-26 04:21:58','2012-05-26 04:21:58'),(690,NULL,1,60.00,NULL,'2012-05-26 04:21:58','2012-05-26 04:21:58'),(691,NULL,8,800.00,NULL,'2012-05-26 04:21:58','2012-05-26 04:21:58'),(692,NULL,7,600.00,NULL,'2012-05-26 04:21:58','2012-05-26 04:21:58'),(693,NULL,5,300.00,NULL,'2012-05-26 04:21:58','2012-05-26 04:21:58'),(694,NULL,4,200.00,NULL,'2012-05-26 04:21:58','2012-05-26 04:21:58'),(695,NULL,3,100.00,NULL,'2012-05-26 04:22:26','2012-05-26 04:22:26'),(696,NULL,9,800.00,NULL,'2012-05-26 04:22:26','2012-05-26 04:22:26'),(697,NULL,6,300.00,NULL,'2012-05-26 04:22:26','2012-05-26 04:22:26'),(698,NULL,2,100.00,NULL,'2012-05-26 04:22:26','2012-05-26 04:22:26'),(699,NULL,1,60.00,NULL,'2012-05-26 04:22:26','2012-05-26 04:22:26'),(700,NULL,8,800.00,NULL,'2012-05-26 04:22:26','2012-05-26 04:22:26'),(701,NULL,7,600.00,NULL,'2012-05-26 04:22:26','2012-05-26 04:22:26'),(702,NULL,5,300.00,NULL,'2012-05-26 04:22:26','2012-05-26 04:22:26'),(703,NULL,4,200.00,NULL,'2012-05-26 04:22:26','2012-05-26 04:22:26'),(704,NULL,3,100.00,NULL,'2012-05-26 05:31:19','2012-05-26 05:31:19'),(705,NULL,9,800.00,NULL,'2012-05-26 05:31:19','2012-05-26 05:31:19'),(706,NULL,6,300.00,NULL,'2012-05-26 05:31:19','2012-05-26 05:31:19'),(707,NULL,2,100.00,NULL,'2012-05-26 05:31:19','2012-05-26 05:31:19'),(708,NULL,1,60.00,NULL,'2012-05-26 05:31:20','2012-05-26 05:31:20'),(709,NULL,8,800.00,NULL,'2012-05-26 05:31:20','2012-05-26 05:31:20'),(710,NULL,7,600.00,NULL,'2012-05-26 05:31:20','2012-05-26 05:31:20'),(711,NULL,5,300.00,NULL,'2012-05-26 05:31:20','2012-05-26 05:31:20'),(712,NULL,4,200.00,NULL,'2012-05-26 05:31:20','2012-05-26 05:31:20'),(713,NULL,3,100.00,NULL,'2012-05-26 05:34:00','2012-05-26 05:34:00'),(714,NULL,9,800.00,NULL,'2012-05-26 05:34:00','2012-05-26 05:34:00'),(715,NULL,6,300.00,NULL,'2012-05-26 05:34:01','2012-05-26 05:34:01'),(716,NULL,2,100.00,NULL,'2012-05-26 05:34:01','2012-05-26 05:34:01'),(717,NULL,1,60.00,NULL,'2012-05-26 05:34:01','2012-05-26 05:34:01'),(718,NULL,8,800.00,NULL,'2012-05-26 05:34:01','2012-05-26 05:34:01'),(719,NULL,7,600.00,NULL,'2012-05-26 05:34:01','2012-05-26 05:34:01'),(720,NULL,5,300.00,NULL,'2012-05-26 05:34:01','2012-05-26 05:34:01'),(721,NULL,4,200.00,NULL,'2012-05-26 05:34:01','2012-05-26 05:34:01'),(722,12,1,60.00,NULL,'2012-05-30 05:22:10','2012-05-30 05:22:10'),(723,12,2,100.00,NULL,'2012-05-30 05:22:10','2012-05-30 05:22:10'),(724,12,3,100.00,NULL,'2012-05-30 05:22:10','2012-05-30 05:22:10'),(725,14,1,60.00,NULL,'2012-05-30 05:22:50','2012-05-30 05:22:50'),(726,14,2,100.00,NULL,'2012-05-30 05:22:50','2012-05-30 05:22:50'),(727,14,3,100.00,NULL,'2012-05-30 05:22:51','2012-05-30 05:22:51'),(728,13,1,60.00,NULL,'2012-05-30 05:23:23','2012-05-30 05:23:23'),(729,13,2,100.00,NULL,'2012-05-30 05:23:23','2012-05-30 05:23:23'),(730,13,3,100.00,NULL,'2012-05-30 05:23:23','2012-05-30 05:23:23'),(731,11,1,60.00,NULL,'2012-05-30 05:23:47','2012-05-30 05:23:47'),(732,11,2,100.00,NULL,'2012-05-30 05:23:47','2012-05-30 05:23:47'),(733,11,3,100.00,NULL,'2012-05-30 05:23:47','2012-05-30 05:23:47'),(734,10,1,60.00,NULL,'2012-05-30 05:24:13','2012-05-30 05:24:13'),(735,10,2,100.00,NULL,'2012-05-30 05:24:13','2012-05-30 05:24:13'),(736,10,3,100.00,NULL,'2012-05-30 05:24:13','2012-05-30 05:24:13'),(737,9,1,60.00,NULL,'2012-05-30 05:24:33','2012-05-30 05:24:33'),(738,9,2,100.00,NULL,'2012-05-30 05:24:33','2012-05-30 05:24:33'),(739,9,3,100.00,NULL,'2012-05-30 05:24:33','2012-05-30 05:24:33'),(740,8,1,60.00,NULL,'2012-05-30 05:24:46','2012-05-30 05:24:46'),(741,8,2,100.00,NULL,'2012-05-30 05:24:46','2012-05-30 05:24:46'),(742,8,3,100.00,NULL,'2012-05-30 05:24:46','2012-05-30 05:24:46'),(743,NULL,1,60.00,NULL,'2012-05-30 05:24:57','2012-05-30 05:24:57'),(744,NULL,2,100.00,NULL,'2012-05-30 05:24:57','2012-05-30 05:24:57'),(745,NULL,3,100.00,NULL,'2012-05-30 05:24:57','2012-05-30 05:24:57'),(746,26,4,200.00,NULL,'2012-05-30 05:25:13','2012-05-30 05:25:13'),(747,26,5,300.00,NULL,'2012-05-30 05:25:13','2012-05-30 05:25:13'),(748,26,6,300.00,NULL,'2012-05-30 05:25:13','2012-05-30 05:25:13'),(749,25,4,200.00,NULL,'2012-05-30 05:25:25','2012-05-30 05:25:25'),(750,25,5,300.00,NULL,'2012-05-30 05:25:25','2012-05-30 05:25:25'),(751,25,6,300.00,NULL,'2012-05-30 05:25:25','2012-05-30 05:25:25'),(752,24,4,200.00,NULL,'2012-05-30 05:25:35','2012-05-30 05:25:35'),(753,24,5,300.00,NULL,'2012-05-30 05:25:35','2012-05-30 05:25:35'),(754,24,6,300.00,NULL,'2012-05-30 05:25:35','2012-05-30 05:25:35'),(755,23,4,200.00,NULL,'2012-05-30 05:25:46','2012-05-30 05:25:46'),(756,23,5,300.00,NULL,'2012-05-30 05:25:46','2012-05-30 05:25:46'),(757,23,6,300.00,NULL,'2012-05-30 05:25:46','2012-05-30 05:25:46'),(758,22,4,200.00,NULL,'2012-05-30 05:26:01','2012-05-30 05:26:01'),(759,22,5,300.00,NULL,'2012-05-30 05:26:01','2012-05-30 05:26:01'),(760,22,6,300.00,NULL,'2012-05-30 05:26:01','2012-05-30 05:26:01'),(761,21,4,200.00,NULL,'2012-05-30 05:26:10','2012-05-30 05:26:10'),(762,21,5,300.00,NULL,'2012-05-30 05:26:10','2012-05-30 05:26:10'),(763,21,6,300.00,NULL,'2012-05-30 05:26:10','2012-05-30 05:26:10'),(764,NULL,7,600.00,NULL,'2012-05-30 05:26:19','2012-05-30 05:26:19'),(765,NULL,8,800.00,NULL,'2012-05-30 05:26:19','2012-05-30 05:26:19'),(766,NULL,9,800.00,NULL,'2012-05-30 05:26:19','2012-05-30 05:26:19'),(767,NULL,7,600.00,NULL,'2012-05-30 05:26:30','2012-05-30 05:26:30'),(768,NULL,8,800.00,NULL,'2012-05-30 05:26:30','2012-05-30 05:26:30'),(769,NULL,9,800.00,NULL,'2012-05-30 05:26:30','2012-05-30 05:26:30'),(770,18,4,200.00,NULL,'2012-05-30 05:26:42','2012-05-30 05:26:42'),(771,18,5,300.00,NULL,'2012-05-30 05:26:42','2012-05-30 05:26:42'),(772,18,6,300.00,NULL,'2012-05-30 05:26:42','2012-05-30 05:26:42'),(773,17,4,200.00,NULL,'2012-05-30 05:27:30','2012-05-30 05:27:30'),(774,17,5,300.00,NULL,'2012-05-30 05:27:30','2012-05-30 05:27:30'),(775,17,6,300.00,NULL,'2012-05-30 05:27:30','2012-05-30 05:27:30'),(776,16,4,200.00,NULL,'2012-05-30 05:27:40','2012-05-30 05:27:40'),(777,16,5,300.00,NULL,'2012-05-30 05:27:40','2012-05-30 05:27:40'),(778,16,6,300.00,NULL,'2012-05-30 05:27:40','2012-05-30 05:27:40'),(779,15,4,200.00,NULL,'2012-05-30 05:27:49','2012-05-30 05:27:49'),(780,15,5,300.00,NULL,'2012-05-30 05:27:49','2012-05-30 05:27:49'),(781,15,6,300.00,NULL,'2012-05-30 05:27:49','2012-05-30 05:27:49'),(782,NULL,1,60.00,NULL,'2012-05-30 05:28:16','2012-05-30 05:28:16'),(783,NULL,2,100.00,NULL,'2012-05-30 05:28:16','2012-05-30 05:28:16'),(784,NULL,3,100.00,NULL,'2012-05-30 05:28:16','2012-05-30 05:28:16'),(785,NULL,1,60.00,NULL,'2012-05-30 05:28:29','2012-05-30 05:28:29'),(786,NULL,2,100.00,NULL,'2012-05-30 05:28:29','2012-05-30 05:28:29'),(787,NULL,3,100.00,NULL,'2012-05-30 05:28:29','2012-05-30 05:28:29'),(788,NULL,1,60.00,NULL,'2012-05-30 05:28:42','2012-05-30 05:28:42'),(789,NULL,2,100.00,NULL,'2012-05-30 05:28:42','2012-05-30 05:28:42'),(790,NULL,3,100.00,NULL,'2012-05-30 05:28:42','2012-05-30 05:28:42'),(791,NULL,1,60.00,NULL,'2012-06-20 03:07:17','2012-06-20 03:07:17'),(792,NULL,2,100.00,NULL,'2012-06-20 03:07:17','2012-06-20 03:07:17'),(793,NULL,3,100.00,NULL,'2012-06-20 03:07:17','2012-06-20 03:07:17'),(794,28,1,60.00,NULL,'2012-06-20 03:07:56','2012-06-20 03:07:56'),(795,28,2,100.00,NULL,'2012-06-20 03:07:56','2012-06-20 03:07:56'),(796,28,3,100.00,NULL,'2012-06-20 03:07:56','2012-06-20 03:07:56'),(797,NULL,1,60.00,NULL,'2012-06-20 03:08:27','2012-06-20 03:08:27'),(798,NULL,2,100.00,NULL,'2012-06-20 03:08:27','2012-06-20 03:08:27'),(799,NULL,3,100.00,NULL,'2012-06-20 03:08:27','2012-06-20 03:08:27'),(800,3,1,60.00,NULL,'2012-06-20 03:09:11','2012-06-20 03:09:11'),(801,3,2,100.00,NULL,'2012-06-20 03:09:11','2012-06-20 03:09:11'),(802,3,3,100.00,NULL,'2012-06-20 03:09:11','2012-06-20 03:09:11'),(803,4,1,60.00,NULL,'2012-06-20 03:09:24','2012-06-20 03:09:24'),(804,4,2,100.00,NULL,'2012-06-20 03:09:24','2012-06-20 03:09:24'),(805,4,3,100.00,NULL,'2012-06-20 03:09:24','2012-06-20 03:09:24'),(806,5,1,60.00,NULL,'2012-06-20 03:09:35','2012-06-20 03:09:35'),(807,5,2,100.00,NULL,'2012-06-20 03:09:35','2012-06-20 03:09:35'),(808,5,3,100.00,NULL,'2012-06-20 03:09:35','2012-06-20 03:09:35'),(809,6,1,60.00,NULL,'2012-06-20 03:09:49','2012-06-20 03:09:49'),(810,6,2,100.00,NULL,'2012-06-20 03:09:49','2012-06-20 03:09:49'),(811,6,3,100.00,NULL,'2012-06-20 03:09:49','2012-06-20 03:09:49'),(812,27,1,60.00,NULL,'2012-06-20 03:10:08','2012-06-20 03:10:08'),(813,27,2,100.00,NULL,'2012-06-20 03:10:08','2012-06-20 03:10:08'),(814,27,3,100.00,NULL,'2012-06-20 03:10:08','2012-06-20 03:10:08'),(815,29,1,60.00,NULL,'2012-06-20 03:10:55','2012-06-20 03:10:55'),(816,29,2,100.00,NULL,'2012-06-20 03:10:55','2012-06-20 03:10:55'),(817,29,3,100.00,NULL,'2012-06-20 03:10:55','2012-06-20 03:10:55'),(818,20,7,600.00,NULL,'2012-06-20 03:11:41','2012-06-20 03:11:41'),(819,20,8,800.00,NULL,'2012-06-20 03:11:42','2012-06-20 03:11:42'),(820,20,9,800.00,NULL,'2012-06-20 03:11:42','2012-06-20 03:11:42'),(821,19,7,600.00,NULL,'2012-06-20 03:11:51','2012-06-20 03:11:51'),(822,19,8,800.00,NULL,'2012-06-20 03:11:51','2012-06-20 03:11:51'),(823,19,9,800.00,NULL,'2012-06-20 03:11:51','2012-06-20 03:11:51');
/*!40000 ALTER TABLE `court_period_prices` ENABLE KEYS */;
UNLOCK TABLES;

--
-- Table structure for table `courts`
--

DROP TABLE IF EXISTS `courts`;
/*!40101 SET @saved_cs_client     = @@character_set_client */;
/*!40101 SET character_set_client = utf8 */;
CREATE TABLE `courts` (
  `id` int(11) NOT NULL AUTO_INCREMENT,
  `name` varchar(255) COLLATE utf8_unicode_ci DEFAULT NULL,
  `contact` varchar(255) COLLATE utf8_unicode_ci DEFAULT NULL,
  `telephone` varchar(255) COLLATE utf8_unicode_ci DEFAULT NULL,
  `start_time` int(11) DEFAULT NULL,
  `end_time` int(11) DEFAULT NULL,
  `description` text COLLATE utf8_unicode_ci,
  `state` varchar(255) COLLATE utf8_unicode_ci DEFAULT NULL,
  `created_at` datetime DEFAULT NULL,
  `updated_at` datetime DEFAULT NULL,
  `court_type` varchar(255) COLLATE utf8_unicode_ci DEFAULT NULL,
  PRIMARY KEY (`id`)
) ENGINE=InnoDB AUTO_INCREMENT=30 DEFAULT CHARSET=utf8 COLLATE=utf8_unicode_ci;
/*!40101 SET character_set_client = @saved_cs_client */;

--
-- Dumping data for table `courts`
--

LOCK TABLES `courts` WRITE;
/*!40000 ALTER TABLE `courts` DISABLE KEYS */;
INSERT INTO `courts` VALUES (3,'室外P1',NULL,NULL,7,23,'','enabled','2012-05-26 03:54:35','2012-06-20 03:09:11','26'),(4,'室外P2',NULL,NULL,7,23,'','enabled','2012-05-26 03:55:25','2012-06-20 03:09:24','26'),(5,'室外P3',NULL,NULL,7,23,'','enabled','2012-05-26 03:55:50','2012-06-20 03:09:35','26'),(6,'室外P4',NULL,NULL,7,23,'','enabled','2012-05-26 03:56:21','2012-06-20 03:09:49','26'),(8,'室外C2',NULL,NULL,7,23,'','enabled','2012-05-26 04:00:29','2012-05-26 04:09:40','27'),(9,'室外C3',NULL,NULL,7,23,'','enabled','2012-05-26 04:00:59','2012-05-26 04:10:03','27'),(10,'室外C4',NULL,NULL,7,23,'','enabled','2012-05-26 04:01:29','2012-05-26 04:10:27','27'),(11,'室外C5',NULL,NULL,7,23,'','enabled','2012-05-26 04:02:14','2012-05-26 04:13:19','27'),(12,'室外C6',NULL,NULL,7,23,'','enabled','2012-05-26 04:02:38','2012-05-26 04:11:05','27'),(13,'室外C7',NULL,NULL,7,23,'','enabled','2012-05-26 04:03:05','2012-05-26 04:11:26','27'),(14,'室外C8',NULL,NULL,7,23,'','enabled','2012-05-26 04:03:42','2012-05-26 04:13:57','27'),(15,'室内A1',NULL,NULL,7,23,'','enabled','2012-05-26 04:15:26','2012-05-26 04:15:26','29'),(16,'室内A2',NULL,NULL,7,23,'','enabled','2012-05-26 04:16:12','2012-05-26 04:16:12','29'),(17,'室内A3',NULL,NULL,7,23,'','enabled','2012-05-26 04:16:36','2012-05-26 04:16:36','29'),(18,'室内A4',NULL,NULL,7,23,'','enabled','2012-05-26 04:16:59','2012-05-26 04:16:59','29'),(19,'室内红土A5',NULL,NULL,7,23,'','enabled','2012-05-26 04:17:59','2012-06-20 03:11:51','29'),(20,'室内红土A6',NULL,NULL,7,23,'','enabled','2012-05-26 04:18:42','2012-06-20 03:11:42','29'),(21,'室内B1',NULL,NULL,7,23,'','enabled','2012-05-26 04:20:16','2012-05-26 04:20:16','30'),(22,'室内B2',NULL,NULL,7,23,'','enabled','2012-05-26 04:20:44','2012-05-26 04:20:44','30'),(23,'室内B3',NULL,NULL,7,23,'','enabled','2012-05-26 04:21:19','2012-05-26 04:21:19','30'),(24,'室内B4',NULL,NULL,7,23,'','enabled','2012-05-26 04:21:37','2012-05-26 04:21:37','30'),(25,'室内B5',NULL,NULL,7,23,'','enabled','2012-05-26 04:21:58','2012-05-26 04:21:58','30'),(26,'室内B6',NULL,NULL,7,23,'','enabled','2012-05-26 04:22:26','2012-05-26 04:22:26','30'),(27,'室外P5',NULL,NULL,7,23,'','enabled','2012-06-20 03:07:17','2012-06-20 03:10:08','26'),(28,'室外P6',NULL,NULL,7,23,'','enabled','2012-06-20 03:07:56','2012-06-20 03:07:56','26'),(29,'室内C9',NULL,NULL,7,23,'','enabled','2012-06-20 03:10:55','2012-06-20 03:10:55','27');
/*!40000 ALTER TABLE `courts` ENABLE KEYS */;
UNLOCK TABLES;

--
-- Table structure for table `department_powers`
--

DROP TABLE IF EXISTS `department_powers`;
/*!40101 SET @saved_cs_client     = @@character_set_client */;
/*!40101 SET character_set_client = utf8 */;
CREATE TABLE `department_powers` (
  `id` int(11) NOT NULL AUTO_INCREMENT,
  `department_id` int(11) DEFAULT NULL,
  `power_id` int(11) DEFAULT NULL,
  `created_at` datetime DEFAULT NULL,
  `updated_at` datetime DEFAULT NULL,
  PRIMARY KEY (`id`)
) ENGINE=InnoDB AUTO_INCREMENT=209 DEFAULT CHARSET=utf8 COLLATE=utf8_unicode_ci;
/*!40101 SET character_set_client = @saved_cs_client */;

--
-- Dumping data for table `department_powers`
--

LOCK TABLES `department_powers` WRITE;
/*!40000 ALTER TABLE `department_powers` DISABLE KEYS */;
INSERT INTO `department_powers` VALUES (8,1,8,'2012-05-26 03:23:50','2012-05-26 03:23:50'),(17,1,17,'2012-05-26 03:23:50','2012-05-26 03:23:50'),(18,1,18,'2012-05-26 03:23:50','2012-05-26 03:23:50'),(19,1,19,'2012-05-26 03:23:50','2012-05-26 03:23:50'),(20,1,20,'2012-05-26 03:23:50','2012-05-26 03:23:50'),(21,1,21,'2012-05-26 03:23:50','2012-05-26 03:23:50'),(37,1,37,'2012-05-26 03:23:50','2012-05-26 03:23:50'),(38,1,38,'2012-05-26 03:23:50','2012-05-26 03:23:50'),(39,1,39,'2012-05-26 03:23:50','2012-05-26 03:23:50'),(40,1,40,'2012-05-26 03:23:50','2012-05-26 03:23:50'),(71,1,9,'2012-05-29 02:03:28','2012-05-29 02:03:28'),(77,1,26,'2012-05-29 02:03:28','2012-05-29 02:03:28'),(80,1,29,'2012-05-29 02:03:28','2012-05-29 02:03:28'),(82,1,31,'2012-05-29 02:03:28','2012-05-29 02:03:28'),(84,1,33,'2012-05-29 02:03:28','2012-05-29 02:03:28'),(92,5,8,'2012-06-06 06:47:03','2012-06-06 06:47:03'),(93,5,9,'2012-06-06 06:47:03','2012-06-06 06:47:03'),(94,5,10,'2012-06-06 06:47:03','2012-06-06 06:47:03'),(95,5,11,'2012-06-06 06:47:03','2012-06-06 06:47:03'),(96,5,12,'2012-06-06 06:47:03','2012-06-06 06:47:03'),(97,5,13,'2012-06-06 06:47:03','2012-06-06 06:47:03'),(98,5,14,'2012-06-06 06:47:03','2012-06-06 06:47:03'),(99,5,15,'2012-06-06 06:47:03','2012-06-06 06:47:03'),(100,5,16,'2012-06-06 06:47:03','2012-06-06 06:47:03'),(101,5,17,'2012-06-06 06:47:03','2012-06-06 06:47:03'),(102,5,18,'2012-06-06 06:47:03','2012-06-06 06:47:03'),(103,5,19,'2012-06-06 06:47:03','2012-06-06 06:47:03'),(104,5,20,'2012-06-06 06:47:03','2012-06-06 06:47:03'),(105,5,21,'2012-06-06 06:47:03','2012-06-06 06:47:03'),(106,5,22,'2012-06-06 06:47:03','2012-06-06 06:47:03'),(107,5,23,'2012-06-06 06:47:03','2012-06-06 06:47:03'),(108,5,24,'2012-06-06 06:47:03','2012-06-06 06:47:03'),(109,5,25,'2012-06-06 06:47:03','2012-06-06 06:47:03'),(110,5,26,'2012-06-06 06:47:03','2012-06-06 06:47:03'),(111,5,27,'2012-06-06 06:47:03','2012-06-06 06:47:03'),(112,5,28,'2012-06-06 06:47:03','2012-06-06 06:47:03'),(113,5,29,'2012-06-06 06:47:03','2012-06-06 06:47:03'),(114,5,30,'2012-06-06 06:47:03','2012-06-06 06:47:03'),(115,5,31,'2012-06-06 06:47:03','2012-06-06 06:47:03'),(116,5,32,'2012-06-06 06:47:03','2012-06-06 06:47:03'),(117,5,33,'2012-06-06 06:47:03','2012-06-06 06:47:03'),(118,5,34,'2012-06-06 06:47:03','2012-06-06 06:47:03'),(119,5,35,'2012-06-06 06:47:03','2012-06-06 06:47:03'),(120,5,36,'2012-06-06 06:47:03','2012-06-06 06:47:03'),(121,5,37,'2012-06-06 06:47:03','2012-06-06 06:47:03'),(122,5,38,'2012-06-06 06:47:03','2012-06-06 06:47:03'),(123,5,39,'2012-06-06 06:47:03','2012-06-06 06:47:03'),(124,5,40,'2012-06-06 06:47:03','2012-06-06 06:47:03'),(125,5,41,'2012-06-06 06:47:03','2012-06-06 06:47:03'),(126,5,42,'2012-06-06 06:47:03','2012-06-06 06:47:03'),(127,5,43,'2012-06-06 06:47:03','2012-06-06 06:47:03'),(128,5,44,'2012-06-06 06:47:03','2012-06-06 06:47:03'),(129,5,45,'2012-06-06 06:47:03','2012-06-06 06:47:03'),(130,5,46,'2012-06-06 06:47:03','2012-06-06 06:47:03'),(134,5,50,'2012-06-06 06:47:03','2012-06-06 06:47:03'),(135,5,51,'2012-06-06 06:47:03','2012-06-06 06:47:03'),(136,5,52,'2012-06-06 06:47:03','2012-06-06 06:47:03'),(137,5,53,'2012-06-06 06:47:03','2012-06-06 06:47:03'),(138,5,54,'2012-06-06 06:47:03','2012-06-06 06:47:03'),(141,1,23,'2012-06-09 04:29:56','2012-06-09 04:29:56'),(142,1,25,'2012-06-09 04:29:56','2012-06-09 04:29:56'),(143,5,1,'2012-06-20 03:01:10','2012-06-20 03:01:10'),(144,5,2,'2012-06-20 03:01:10','2012-06-20 03:01:10'),(145,5,3,'2012-06-20 03:01:10','2012-06-20 03:01:10'),(146,5,4,'2012-06-20 03:01:10','2012-06-20 03:01:10'),(147,5,5,'2012-06-20 03:01:10','2012-06-20 03:01:10'),(148,5,6,'2012-06-20 03:01:10','2012-06-20 03:01:10'),(149,5,7,'2012-07-01 04:52:46','2012-07-01 04:52:46'),(150,5,47,'2012-07-01 04:52:46','2012-07-01 04:52:46'),(151,5,48,'2012-07-01 04:52:46','2012-07-01 04:52:46'),(152,5,49,'2012-07-01 04:52:46','2012-07-01 04:52:46'),(153,1,47,'2012-07-01 07:52:50','2012-07-01 07:52:50'),(154,1,48,'2012-07-01 07:52:50','2012-07-01 07:52:50'),(155,1,49,'2012-07-01 07:52:50','2012-07-01 07:52:50'),(169,1,10,'2012-07-24 05:57:53','2012-07-24 05:57:53'),(172,1,50,'2012-07-24 05:57:53','2012-07-24 05:57:53'),(173,1,51,'2012-07-24 05:57:53','2012-07-24 05:57:53'),(176,3,31,'2012-07-24 07:06:01','2012-07-24 07:06:01'),(177,3,33,'2012-07-24 07:06:01','2012-07-24 07:06:01'),(178,3,34,'2012-07-24 07:06:01','2012-07-24 07:06:01'),(179,2,26,'2012-07-24 07:06:51','2012-07-24 07:06:51'),(180,2,28,'2012-07-24 07:06:51','2012-07-24 07:06:51'),(181,2,30,'2012-07-24 07:06:51','2012-07-24 07:06:51'),(182,2,31,'2012-07-24 07:06:51','2012-07-24 07:06:51'),(183,2,33,'2012-07-24 07:06:51','2012-07-24 07:06:51'),(184,2,34,'2012-07-24 07:06:51','2012-07-24 07:06:51'),(185,2,50,'2012-07-24 07:06:51','2012-07-24 07:06:51'),(186,2,51,'2012-07-24 07:06:51','2012-07-24 07:06:51'),(187,2,52,'2012-07-24 07:06:51','2012-07-24 07:06:51'),(188,2,54,'2012-07-24 07:06:51','2012-07-24 07:06:51'),(189,4,17,'2012-07-24 07:10:15','2012-07-24 07:10:15'),(190,4,22,'2012-07-24 07:10:15','2012-07-24 07:10:15'),(191,4,24,'2012-07-24 10:16:56','2012-07-24 10:16:56'),(194,3,12,'2012-07-24 12:34:58','2012-07-24 12:34:58'),(195,3,16,'2012-07-24 12:34:58','2012-07-24 12:34:58'),(198,4,50,'2012-07-25 08:13:58','2012-07-25 08:13:58'),(199,4,52,'2012-07-25 08:13:58','2012-07-25 08:13:58'),(200,3,8,'2012-07-25 08:15:26','2012-07-25 08:15:26'),(201,3,9,'2012-07-25 08:15:26','2012-07-25 08:15:26'),(202,3,10,'2012-07-25 08:15:26','2012-07-25 08:15:26'),(203,3,17,'2012-07-25 08:15:26','2012-07-25 08:15:26'),(204,3,22,'2012-07-25 08:15:26','2012-07-25 08:15:26'),(205,3,24,'2012-07-25 08:15:26','2012-07-25 08:15:26'),(206,3,50,'2012-07-25 08:15:26','2012-07-25 08:15:26'),(207,3,51,'2012-07-25 08:15:26','2012-07-25 08:15:26');
/*!40000 ALTER TABLE `department_powers` ENABLE KEYS */;
UNLOCK TABLES;

--
-- Table structure for table `department_users`
--

DROP TABLE IF EXISTS `department_users`;
/*!40101 SET @saved_cs_client     = @@character_set_client */;
/*!40101 SET character_set_client = utf8 */;
CREATE TABLE `department_users` (
  `id` int(11) NOT NULL AUTO_INCREMENT,
  `user_id` int(11) DEFAULT NULL,
  `department_id` int(11) DEFAULT NULL,
  PRIMARY KEY (`id`)
) ENGINE=InnoDB AUTO_INCREMENT=34 DEFAULT CHARSET=utf8 COLLATE=utf8_unicode_ci;
/*!40101 SET character_set_client = @saved_cs_client */;

--
-- Dumping data for table `department_users`
--

LOCK TABLES `department_users` WRITE;
/*!40000 ALTER TABLE `department_users` DISABLE KEYS */;
INSERT INTO `department_users` VALUES (1,1,1),(2,1,2),(3,1,3),(4,1,4),(6,1,5),(9,5,1),(10,6,1),(12,2,1),(14,4,5),(15,3,3),(16,2,3),(17,3,1),(18,5,1),(19,6,1),(20,7,6),(21,8,5),(22,9,1),(23,9,4),(24,10,1),(25,11,1),(26,12,3),(28,12,1),(29,13,1),(30,14,1),(31,14,3),(32,15,1),(33,16,1);
/*!40000 ALTER TABLE `department_users` ENABLE KEYS */;
UNLOCK TABLES;

--
-- Table structure for table `departments`
--

DROP TABLE IF EXISTS `departments`;
/*!40101 SET @saved_cs_client     = @@character_set_client */;
/*!40101 SET character_set_client = utf8 */;
CREATE TABLE `departments` (
  `id` int(11) NOT NULL AUTO_INCREMENT,
  `name` varchar(255) COLLATE utf8_unicode_ci DEFAULT NULL,
  PRIMARY KEY (`id`)
) ENGINE=InnoDB AUTO_INCREMENT=7 DEFAULT CHARSET=utf8 COLLATE=utf8_unicode_ci;
/*!40101 SET character_set_client = @saved_cs_client */;

--
-- Dumping data for table `departments`
--

LOCK TABLES `departments` WRITE;
/*!40000 ALTER TABLE `departments` DISABLE KEYS */;
INSERT INTO `departments` VALUES (1,'前台'),(2,'财务部'),(3,'经理'),(4,'前台组长'),(5,'系统管理员');
/*!40000 ALTER TABLE `departments` ENABLE KEYS */;
UNLOCK TABLES;

--
-- Table structure for table `goods`
--

DROP TABLE IF EXISTS `goods`;
/*!40101 SET @saved_cs_client     = @@character_set_client */;
/*!40101 SET character_set_client = utf8 */;
CREATE TABLE `goods` (
  `id` int(11) NOT NULL AUTO_INCREMENT,
  `name` varchar(255) COLLATE utf8_unicode_ci DEFAULT NULL,
  `name_pinyin` varchar(255) COLLATE utf8_unicode_ci DEFAULT NULL,
  `pinyin_abbr` varchar(255) COLLATE utf8_unicode_ci DEFAULT NULL,
  `good_type` int(11) DEFAULT NULL,
  `purchasing_price` decimal(10,2) DEFAULT NULL,
  `price` decimal(10,2) DEFAULT '0.00',
  `state` varchar(255) COLLATE utf8_unicode_ci DEFAULT NULL,
  `created_at` datetime DEFAULT NULL,
  `updated_at` datetime DEFAULT NULL,
  `count_total_now` int(11) NOT NULL DEFAULT '0',
  `count_back_stock` int(11) NOT NULL DEFAULT '0',
  `count_front_stock` int(11) NOT NULL DEFAULT '0',
  `count_back_stock_in` int(11) DEFAULT '0',
  `count_back_stock_out` int(11) DEFAULT '0',
  `count_front_stock_in` int(11) DEFAULT '0',
  `count_front_stock_out` int(11) DEFAULT '0',
  `good_source` int(11) DEFAULT '0',
  PRIMARY KEY (`id`)
) ENGINE=InnoDB AUTO_INCREMENT=131 DEFAULT CHARSET=utf8 COLLATE=utf8_unicode_ci;
/*!40101 SET character_set_client = @saved_cs_client */;

--
-- Dumping data for table `goods`
--

LOCK TABLES `goods` WRITE;
/*!40000 ALTER TABLE `goods` DISABLE KEYS */;
INSERT INTO `goods` VALUES (32,'耐克（446998－691）',NULL,'nk446998691',12,NULL,369.00,'enabled','2012-07-25 02:59:00','2012-07-25 02:59:00',8,8,0,0,0,0,0,13),(33,'耐克（449779－100）',NULL,'nk449779100',13,NULL,329.00,'enabled','2012-07-25 03:00:06','2012-07-25 03:00:06',6,6,0,0,0,0,0,13),(34,'耐克（488136－104）',NULL,'nk488136104',14,NULL,489.00,'enabled','2012-07-25 03:01:14','2012-07-25 03:01:14',6,6,0,0,0,0,0,13),(35,'耐克（488141－102）',NULL,'nk488141102',14,NULL,489.00,'enabled','2012-07-25 03:02:09','2012-07-25 03:02:09',10,10,0,0,0,0,0,13),(36,'王子（7TS10）',NULL,'wz7TS10',15,NULL,1180.00,'enabled','2012-07-25 03:05:25','2012-07-25 03:05:25',1,1,0,0,0,0,0,13),(37,'王子（7TQ32）',NULL,'wz7TQ32',15,NULL,2480.00,'enabled','2012-07-25 03:06:21','2012-07-25 03:06:21',1,1,0,0,0,0,0,13),(38,'王子（7TQ28）',NULL,'wz7TQ28',15,NULL,2380.00,'enabled','2012-07-25 03:07:23','2012-07-25 03:07:23',1,1,0,0,0,0,0,13),(39,'王子（7TQ27）',NULL,'wz7TQ27',15,NULL,2680.00,'enabled','2012-07-25 03:08:06','2012-07-25 03:08:06',1,1,0,0,0,0,0,13),(40,'王子（7TZ76）',NULL,'wz7TZ76',15,NULL,750.00,'enabled','2012-07-25 03:09:15','2012-07-25 03:09:15',1,1,0,0,0,0,0,13),(41,'王子（7TS54）',NULL,'wz7TS54',15,NULL,850.00,'enabled','2012-07-25 03:09:54','2012-07-25 03:09:54',1,1,0,0,0,0,0,13),(42,'王子（7TS28）',NULL,'wz7TS28',15,NULL,920.00,'enabled','2012-07-25 03:10:57','2012-07-25 03:10:57',1,1,0,0,0,0,0,13),(43,'王子（7TS29）',NULL,'wz7TS29',15,NULL,920.00,'enabled','2012-07-25 03:11:40','2012-07-25 03:11:40',1,1,0,0,0,0,0,13),(44,'维尔胜（7033）',NULL,'wes7033',15,NULL,1880.00,'enabled','2012-07-25 03:12:29','2012-07-25 03:12:29',1,1,0,0,0,0,0,13),(45,'维尔胜（7060）',NULL,'wes7060',15,NULL,2180.00,'enabled','2012-07-25 03:13:10','2012-07-25 03:13:10',1,1,0,0,0,0,0,13),(46,'维尔胜（4475）',NULL,'wes4475',15,NULL,2380.00,'enabled','2012-07-25 03:13:51','2012-07-25 03:13:51',1,1,0,0,0,0,0,13),(47,'维尔胜（7006）',NULL,'wes7006',15,NULL,2180.00,'enabled','2012-07-25 03:14:33','2012-07-25 03:14:33',1,1,0,0,0,0,0,13),(48,'维尔胜（7973）',NULL,'wes7973',15,NULL,1780.00,'enabled','2012-07-25 03:15:24','2012-07-25 03:15:24',1,1,0,0,0,0,0,13),(49,'维尔胜（996543）',NULL,'wes996543',15,NULL,2380.00,'enabled','2012-07-25 03:16:13','2012-07-25 03:16:13',1,1,0,0,0,0,0,13),(50,'维尔胜（7019）',NULL,'wes7019',15,NULL,2480.00,'enabled','2012-07-25 03:17:03','2012-07-25 03:17:03',1,1,0,0,0,0,0,13),(51,'维尔胜（7012）',NULL,'wes7012',15,NULL,2380.00,'enabled','2012-07-25 03:17:39','2012-07-25 03:17:39',1,1,0,0,0,0,0,13),(52,'邓禄普（675302）',NULL,'dlp675302',15,NULL,490.00,'enabled','2012-07-25 03:18:30','2012-07-25 03:18:30',1,1,0,0,0,0,0,13),(53,'邓禄普（672882）',NULL,'dlp672882',15,NULL,2380.00,'enabled','2012-07-25 03:19:12','2012-07-25 03:19:12',1,1,0,0,0,0,0,13),(54,'邓禄普（674796）',NULL,'dlp674796',15,NULL,1790.00,'enabled','2012-07-25 03:19:56','2012-07-25 03:19:56',1,1,0,0,0,0,0,13),(55,'邓禄普（674660）',NULL,'dlp674660',15,NULL,890.00,'enabled','2012-07-25 03:36:34','2012-07-25 03:36:34',1,1,0,0,0,0,0,13),(56,'邓禄普（675407）',NULL,'dlp675407',15,NULL,1280.00,'enabled','2012-07-25 03:37:14','2012-07-25 03:37:14',1,1,0,0,0,0,0,13),(57,'邓禄普（675298）',NULL,'dlp675298',15,NULL,1280.00,'enabled','2012-07-25 03:38:03','2012-07-25 03:38:03',1,1,0,0,0,0,0,13),(58,'邓禄普（675117）',NULL,'dlp675117',15,NULL,1990.00,'enabled','2012-07-25 03:40:16','2012-07-25 03:40:16',1,1,0,0,0,0,0,13),(59,'邓禄普（674589）',NULL,'dlp674589',15,NULL,980.00,'enabled','2012-07-25 03:41:18','2012-07-25 03:41:18',1,1,0,0,0,0,0,13),(60,'维尔胜',NULL,'wes',7,NULL,60.00,'enabled','2012-07-25 04:03:14','2012-07-25 04:03:14',24,24,0,0,0,0,0,13),(61,'耐克',NULL,'nk',7,NULL,25.00,'enabled','2012-07-25 04:03:51','2012-07-25 04:03:51',10,10,0,0,0,0,0,13),(62,'邓禄普',NULL,'dlp',16,NULL,60.00,'enabled','2012-07-25 04:05:02','2012-07-25 04:05:02',8,8,0,0,0,0,0,13),(63,'B护腕（23312）',NULL,'Bhw23312',8,NULL,60.00,'enabled','2012-07-25 04:06:17','2012-07-25 04:06:17',5,5,0,0,0,0,0,13),(64,'B护腕（23316）',NULL,'Bhw23316',8,NULL,60.00,'enabled','2012-07-25 04:07:11','2012-07-25 04:07:11',5,5,0,0,0,0,0,13),(65,'李宁',NULL,'ln',8,NULL,20.00,'enabled','2012-07-25 04:08:02','2012-07-25 04:08:02',10,10,0,0,0,0,0,13),(66,'王子（9005－110）',NULL,'wz9005110',9,NULL,75.00,'enabled','2012-07-25 04:09:12','2012-07-25 04:09:12',5,5,0,0,0,0,0,13),(67,'邓禄普（帽子）',NULL,'dlpmz',9,NULL,70.00,'enabled','2012-07-25 04:10:44','2012-07-25 04:10:44',10,10,0,0,0,0,0,13),(68,'六角线（灰）',NULL,'ljxh',10,NULL,60.00,'enabled','2012-07-25 04:11:55','2012-07-25 04:11:55',10,10,0,0,0,0,0,13),(69,'六角线（黄）',NULL,'ljxh',10,NULL,60.00,'enabled','2012-07-25 04:12:49','2012-07-25 04:12:49',10,10,0,0,0,0,0,13),(70,'B仿羊肠线（散）',NULL,'Bfycxs',10,NULL,100.00,'enabled','2012-07-25 04:15:44','2012-07-25 04:15:44',10,10,0,0,0,0,0,13),(71,'维尔胜（散）',NULL,'wess',10,NULL,50.00,'enabled','2012-07-25 04:16:31','2012-07-25 04:16:31',10,10,0,0,0,0,0,13),(72,'维尔胜（8102）',NULL,'wes8102',11,NULL,580.00,'enabled','2012-07-25 04:17:16','2012-07-25 04:17:16',2,2,0,0,0,0,0,13),(73,'维尔胜（8072）',NULL,'wes8072',11,NULL,580.00,'enabled','2012-07-25 04:17:46','2012-07-25 04:17:46',2,2,0,0,0,0,0,13),(74,'维尔胜（8952）',NULL,'wes8952',11,NULL,760.00,'enabled','2012-07-25 04:21:24','2012-07-25 04:21:24',1,1,0,0,0,0,0,13),(75,'邓禄普（816936）',NULL,'dlp816936',11,NULL,380.00,'enabled','2012-07-25 04:22:13','2012-07-25 04:22:13',1,1,0,0,0,0,0,13),(76,'沃克（VK2842）',NULL,'wkVK2842',12,NULL,169.00,'enabled','2012-07-25 04:23:23','2012-07-25 04:23:23',1,1,0,0,0,0,0,13),(77,'沃克（5830A）',NULL,'wk5830A',12,NULL,169.00,'enabled','2012-07-25 04:24:10','2012-07-25 04:24:10',1,1,0,0,0,0,0,13),(78,'沃克（5804）',NULL,'wk5804',12,NULL,169.00,'enabled','2012-07-25 04:24:52','2012-07-25 04:24:52',1,1,0,0,0,0,0,13),(79,'沃克（6851B）',NULL,'wk6851B',12,NULL,169.00,'enabled','2012-07-25 04:25:36','2012-07-25 04:25:36',1,1,0,0,0,0,0,13),(80,'沃克（7846A）',NULL,'wk7846A',12,NULL,169.00,'enabled','2012-07-25 04:26:13','2012-07-25 04:26:13',1,1,0,0,0,0,0,13),(81,'邓禄普（DT09S44ZB）',NULL,'dlpDT09S44ZB',12,NULL,228.00,'enabled','2012-07-25 04:27:12','2012-07-25 04:27:12',2,2,0,0,0,0,0,13),(82,'邓禄普（DT09S40ZB）',NULL,'dlpDT09S40ZB',12,NULL,228.00,'enabled','2012-07-25 04:27:40','2012-07-25 04:27:40',1,1,0,0,0,0,0,13),(83,'邓禄普（DT09S42ZB）',NULL,'dlpDT09S42ZB',12,NULL,228.00,'enabled','2012-07-25 04:28:12','2012-07-25 04:28:12',1,1,0,0,0,0,0,13),(84,'维尔胜（WST07ZA）',NULL,'wesWST07ZA',12,NULL,328.00,'enabled','2012-07-25 04:29:22','2012-07-25 04:29:22',1,1,0,0,0,0,0,13),(85,'维尔胜（5W51ZA）',NULL,'wes5W51ZA',12,NULL,328.00,'enabled','2012-07-25 04:30:11','2012-07-25 04:30:11',2,2,0,0,0,0,0,13),(86,'维尔胜（6G07ZB）',NULL,'wes6G07ZB',12,NULL,328.00,'enabled','2012-07-25 04:30:57','2012-07-25 04:30:57',4,4,0,0,0,0,0,13),(87,'维尔胜（6G07ZC）',NULL,'wes6G07ZC',12,NULL,328.00,'enabled','2012-07-25 04:32:43','2012-07-25 04:32:43',3,3,0,0,0,0,0,13),(88,'脉动',NULL,'md',4,NULL,5.00,'enabled','2012-07-25 06:31:46','2012-07-28 01:48:15',64,30,34,0,0,26,0,31),(89,'红茶',NULL,'hc',4,NULL,4.00,'enabled','2012-07-25 06:33:00','2012-07-27 13:36:56',79,75,4,0,0,11,0,31),(90,'绿茶',NULL,'lc',4,NULL,4.00,'enabled','2012-07-25 06:38:49','2012-07-27 13:36:56',101,30,71,0,0,2,0,31),(91,'宝矿力水特',NULL,'bklst',4,NULL,6.00,'enabled','2012-07-25 06:41:52','2012-07-28 04:27:26',21,8,13,0,0,15,0,31),(92,'可口可乐',NULL,'kkkl',4,NULL,4.00,'enabled','2012-07-25 06:43:16','2012-07-27 10:27:55',134,96,38,0,0,2,0,31),(93,'雪碧',NULL,'xb',4,NULL,4.00,'enabled','2012-07-25 06:43:50','2012-07-28 03:47:22',86,48,38,0,0,4,0,31),(94,'佳得乐',NULL,'jdl',4,NULL,6.00,'enabled','2012-07-25 06:45:10','2012-07-28 04:27:26',68,24,44,0,0,5,0,31),(95,'屈臣氏苏打水（听）',NULL,'qcssdst',4,NULL,6.00,'enabled','2012-07-25 06:47:50','2012-07-27 10:50:17',50,24,26,0,0,1,0,31),(96,'红牛',NULL,'hn',4,NULL,10.00,'enabled','2012-07-25 07:02:45','2012-07-28 03:47:22',90,48,42,0,0,1,0,31),(97,'麦矿水（大）',NULL,'mksd',4,NULL,4.00,'enabled','2012-07-25 07:14:43','2012-07-28 06:03:38',586,550,36,0,0,14,0,31),(99,'室外场优惠卡（非黄金）',NULL,'swcyhkfhj',19,NULL,1000.00,'enabled','2012-07-25 07:23:13','2012-07-25 08:36:22',1000,500,500,0,0,0,0,31),(101,'室外场优惠卡（黄金）',NULL,'swcyhkhj',19,NULL,2500.00,'enabled','2012-07-25 07:25:07','2012-07-25 08:36:16',1000,500,500,0,0,0,0,31),(102,'5000元储值卡',NULL,'5000yczk',17,NULL,5000.00,'enabled','2012-07-25 07:26:33','2012-07-25 08:36:11',1000,500,500,0,0,0,0,31),(103,'10000元储值卡',NULL,'10000yczk',17,NULL,10000.00,'enabled','2012-07-25 07:27:35','2012-07-25 08:36:02',1000,500,500,0,0,0,0,31),(104,'20000元储值卡',NULL,'20000yczk',17,NULL,20000.00,'enabled','2012-07-25 07:28:10','2012-07-25 08:35:57',1000,500,500,0,0,0,0,31),(105,'5000元金卡',NULL,'5000yjk',18,NULL,5000.00,'enabled','2012-07-25 07:29:12','2012-07-25 08:35:47',1000,500,500,0,0,0,0,31),(106,'10000元铂金卡',NULL,'10000ybjk',18,NULL,10000.00,'enabled','2012-07-25 07:30:15','2012-07-25 08:35:41',1000,500,500,0,0,0,0,31),(107,'30000元钻石卡',NULL,'30000yzsk',18,NULL,30000.00,'enabled','2012-07-25 07:31:28','2012-07-25 08:35:34',1000,500,500,0,0,0,0,31),(108,'巧乐滋',NULL,'qlz',4,NULL,5.00,'enabled','2012-07-25 07:34:28','2012-07-27 10:30:44',28,0,28,0,0,2,0,31),(109,'双棒',NULL,'sb',4,NULL,3.00,'enabled','2012-07-25 07:35:44','2012-07-25 07:43:54',15,0,15,0,0,0,0,31),(110,'可爱多',NULL,'kad',4,NULL,5.00,'enabled','2012-07-25 07:36:55','2012-07-27 11:53:30',36,0,36,0,0,6,0,31),(111,'红枣牛奶',NULL,'hznn',4,NULL,5.00,'enabled','2012-07-25 07:38:01','2012-07-25 07:43:38',17,0,17,0,0,0,0,31),(112,'绿色情怡',NULL,'lsqy',4,NULL,3.00,'enabled','2012-07-25 07:38:44','2012-07-25 07:43:30',22,0,22,0,0,0,0,31),(113,'冰工厂',NULL,'bgc',4,NULL,3.00,'enabled','2012-07-25 07:40:17','2012-07-25 07:43:21',40,0,40,0,0,0,0,31),(114,'火炬',NULL,'hj',4,NULL,5.00,'enabled','2012-07-25 07:40:48','2012-07-25 07:43:13',43,0,43,0,0,0,0,31),(115,'200克杯',NULL,'200kb',4,NULL,7.00,'enabled','2012-07-25 07:42:11','2012-07-27 10:31:59',5,0,5,0,0,1,0,31),(116,'奶昔',NULL,'nx',4,NULL,7.00,'enabled','2012-07-25 07:42:48','2012-07-25 07:42:58',7,0,7,0,0,0,0,31),(117,'储物柜',NULL,'cwj',22,NULL,1.00,'enabled','2012-07-25 07:52:07','2012-07-25 07:54:26',1000,500,500,0,0,0,0,31),(118,'麦矿水（小）',NULL,'mksx',4,NULL,3.00,'enabled','2012-07-25 08:40:27','2012-07-25 08:40:27',684,684,0,0,0,0,0,31),(119,'租球（20个）',NULL,'zq20g',23,NULL,20.00,'enabled','2012-07-25 08:48:49','2012-07-27 13:40:19',1000,500,500,0,0,0,0,31),(120,'租拍',NULL,'zp',23,NULL,20.00,'enabled','2012-07-25 08:49:32','2012-07-27 13:40:10',1000,500,500,0,0,0,0,31),(121,'租鞋',NULL,'zx',23,NULL,20.00,'enabled','2012-07-25 08:50:15','2012-07-27 13:40:00',1000,500,500,0,0,0,0,31),(122,'10元卡',NULL,'10yk',24,NULL,10.00,'enabled','2012-07-27 13:11:42','2012-07-27 13:32:38',88,50,38,0,0,12,0,31),(123,'花茶',NULL,'hc',5,NULL,20.00,'enabled','2012-07-27 13:35:36','2012-07-27 13:39:44',1000,500,500,0,0,0,0,31),(124,'菊花',NULL,'jh',5,NULL,20.00,'enabled','2012-07-27 13:36:08','2012-07-27 13:39:35',1000,500,500,0,0,0,0,31),(125,'毛尖',NULL,'mj',5,NULL,30.00,'enabled','2012-07-27 13:36:31','2012-07-27 13:39:26',1000,500,500,0,0,0,0,31),(126,'铁观音',NULL,'tgy',5,NULL,30.00,'enabled','2012-07-27 13:36:59','2012-07-27 13:39:19',1000,500,500,0,0,0,0,31),(127,'普洱',NULL,'pe',5,NULL,30.00,'enabled','2012-07-27 13:37:27','2012-07-27 13:39:11',1000,500,500,0,0,0,0,31),(128,'咖啡',NULL,'kf',5,NULL,15.00,'enabled','2012-07-27 13:38:12','2012-07-27 13:39:04',1000,500,500,0,0,0,0,31),(129,'奶茶',NULL,'nc',5,NULL,15.00,'enabled','2012-07-27 13:38:43','2012-07-27 13:38:57',1000,500,500,0,0,0,0,31),(130,'穿线',NULL,'cx',23,NULL,20.00,'enabled','2012-07-27 13:42:35','2012-07-27 13:42:48',1000,500,500,0,0,0,0,31);
/*!40000 ALTER TABLE `goods` ENABLE KEYS */;
UNLOCK TABLES;

--
-- Table structure for table `lockers`
--

DROP TABLE IF EXISTS `lockers`;
/*!40101 SET @saved_cs_client     = @@character_set_client */;
/*!40101 SET character_set_client = utf8 */;
CREATE TABLE `lockers` (
  `id` int(11) NOT NULL AUTO_INCREMENT,
  `num` varchar(255) COLLATE utf8_unicode_ci DEFAULT NULL,
  `locker_type` varchar(255) COLLATE utf8_unicode_ci DEFAULT NULL,
  `state` varchar(255) COLLATE utf8_unicode_ci DEFAULT NULL,
  `remark` varchar(255) COLLATE utf8_unicode_ci DEFAULT NULL,
  `created_at` datetime DEFAULT NULL,
  `updated_at` datetime DEFAULT NULL,
  PRIMARY KEY (`id`)
) ENGINE=InnoDB AUTO_INCREMENT=70 DEFAULT CHARSET=utf8 COLLATE=utf8_unicode_ci;
/*!40101 SET character_set_client = @saved_cs_client */;

--
-- Dumping data for table `lockers`
--

LOCK TABLES `lockers` WRITE;
/*!40000 ALTER TABLE `lockers` DISABLE KEYS */;
INSERT INTO `lockers` VALUES (1,'001','48','rented','','2012-07-04 07:19:45','2012-07-12 07:48:52'),(2,'002','48','empty','','2012-07-04 07:19:51','2012-07-04 07:19:51'),(3,'003','48','empty','','2012-07-04 07:19:56','2012-07-04 07:19:56'),(4,'004','48','empty','','2012-07-04 07:20:01','2012-07-04 07:20:01'),(5,'005','48','empty','','2012-07-04 07:20:14','2012-07-04 07:20:14'),(6,'006','48','empty','','2012-07-04 07:20:18','2012-07-04 07:20:18'),(7,'007','48','empty','','2012-07-04 07:20:21','2012-07-04 07:20:21'),(8,'008','48','empty','','2012-07-04 07:20:45','2012-07-04 07:20:45'),(9,'009','48','empty','','2012-07-04 07:20:50','2012-07-04 07:20:50'),(10,'010','48','empty','','2012-07-04 07:21:02','2012-07-04 07:21:02'),(11,'011','48','empty','','2012-07-04 07:21:06','2012-07-04 07:21:06'),(12,'012','48','empty','','2012-07-04 07:21:14','2012-07-04 07:21:14'),(13,'013','48','empty','','2012-07-04 07:21:18','2012-07-04 07:21:18'),(14,'014','48','empty','','2012-07-04 07:21:33','2012-07-04 07:21:33'),(15,'015','48','empty','','2012-07-04 07:21:37','2012-07-04 07:21:37'),(16,'016','48','empty','','2012-07-04 07:21:41','2012-07-04 07:21:41'),(17,'017','48','empty','','2012-07-04 07:21:50','2012-07-04 07:21:50'),(18,'018','48','empty','','2012-07-04 07:21:54','2012-07-04 07:21:54'),(19,'019','48','empty','','2012-07-04 07:21:58','2012-07-04 07:21:58'),(20,'020','48','empty','','2012-07-04 07:22:02','2012-07-04 07:22:02'),(21,'021','48','rented','','2012-07-04 07:22:05','2012-07-04 07:30:29'),(22,'022','48','rented','','2012-07-04 07:22:12','2012-07-12 07:51:56'),(23,'023','48','empty','','2012-07-04 07:22:18','2012-07-04 07:24:52'),(24,'024','48','empty','','2012-07-04 07:22:25','2012-07-04 07:24:58'),(25,'025','48','empty','','2012-07-04 07:22:29','2012-07-04 07:25:03'),(26,'026','48','empty','','2012-07-04 07:22:33','2012-07-04 07:25:09'),(27,'027','48','empty','','2012-07-04 07:22:37','2012-07-04 07:25:14'),(28,'028','48','empty','','2012-07-04 07:22:41','2012-07-04 07:25:20'),(29,'029','48','empty','','2012-07-04 07:22:45','2012-07-04 07:25:25'),(30,'030','48','empty','','2012-07-04 07:22:49','2012-07-04 07:25:32'),(31,'031','48','empty','','2012-07-04 07:22:53','2012-07-04 07:25:39'),(32,'032','48','empty','','2012-07-04 07:22:56','2012-07-04 07:25:44'),(33,'033','48','empty','','2012-07-04 07:22:59','2012-07-04 07:25:48'),(34,'034','48','empty','','2012-07-04 07:23:02','2012-07-04 07:25:53'),(35,'035','48','empty','','2012-07-04 07:26:00','2012-07-04 07:26:00'),(36,'036','48','empty','','2012-07-04 07:26:04','2012-07-04 07:26:04'),(37,'037','48','empty','','2012-07-04 07:26:07','2012-07-04 07:26:07'),(38,'038','48','empty','','2012-07-04 07:26:11','2012-07-04 07:26:11'),(39,'039','48','empty','','2012-07-04 07:26:17','2012-07-04 07:26:17'),(40,'040','48','empty','','2012-07-04 07:26:25','2012-07-04 07:26:25'),(41,'041','48','empty','','2012-07-04 07:26:30','2012-07-04 07:26:30'),(42,'042','48','empty','','2012-07-04 07:26:33','2012-07-04 07:26:33'),(43,'043','48','empty','','2012-07-04 07:26:37','2012-07-04 07:26:37'),(44,'044','48','empty','','2012-07-04 07:26:41','2012-07-04 07:26:41'),(45,'045','48','empty','','2012-07-04 07:26:44','2012-07-04 07:26:44'),(46,'046','48','empty','','2012-07-04 07:26:47','2012-07-04 07:26:47'),(47,'047','48','empty','','2012-07-04 07:26:51','2012-07-04 07:26:51'),(48,'048','48','empty','','2012-07-04 07:26:55','2012-07-04 07:26:55'),(49,'049','48','empty','','2012-07-04 07:26:59','2012-07-04 07:26:59'),(50,'050','48','empty','','2012-07-04 07:27:03','2012-07-04 07:27:03'),(51,'051','48','empty','','2012-07-04 07:27:06','2012-07-04 07:27:06'),(52,'052','48','empty','','2012-07-04 07:27:10','2012-07-04 07:27:10'),(53,'053','48','empty','','2012-07-04 07:27:14','2012-07-04 07:27:14'),(54,'054','48','empty','','2012-07-04 07:27:19','2012-07-04 07:27:19'),(55,'055','48','empty','','2012-07-04 07:27:23','2012-07-04 07:27:23'),(56,'056','48','empty','','2012-07-04 07:27:31','2012-07-04 07:27:31'),(57,'057','48','empty','','2012-07-04 07:27:35','2012-07-04 07:27:45'),(58,'058','48','empty','','2012-07-04 07:27:49','2012-07-04 07:27:49'),(59,'059','48','empty','','2012-07-04 07:27:53','2012-07-04 07:27:53'),(60,'060','48','empty','','2012-07-04 07:27:58','2012-07-04 07:27:58'),(61,'061','48','empty','','2012-07-04 07:28:01','2012-07-04 07:28:01'),(62,'062','48','empty','','2012-07-04 07:28:06','2012-07-04 07:28:06'),(63,'063','48','empty','','2012-07-04 07:28:09','2012-07-04 07:28:09'),(64,'064','48','empty','','2012-07-04 07:28:13','2012-07-04 07:28:13'),(65,'065','48','empty','','2012-07-04 07:28:17','2012-07-04 07:28:17'),(66,'066','48','rented','','2012-07-04 07:28:21','2012-07-20 10:30:49'),(67,'067','48','empty','','2012-07-04 07:28:24','2012-07-04 07:28:24'),(68,'068','48','rented','','2012-07-04 07:28:29','2012-07-22 12:14:42'),(69,'069','48','empty','','2012-07-04 07:28:36','2012-07-04 07:28:36');
/*!40000 ALTER TABLE `lockers` ENABLE KEYS */;
UNLOCK TABLES;

--
-- Table structure for table `logs`
--

DROP TABLE IF EXISTS `logs`;
/*!40101 SET @saved_cs_client     = @@character_set_client */;
/*!40101 SET character_set_client = utf8 */;
CREATE TABLE `logs` (
  `id` int(11) NOT NULL AUTO_INCREMENT,
  `user_name` varchar(255) COLLATE utf8_unicode_ci DEFAULT NULL,
  `user_id` int(11) DEFAULT NULL,
  `desc` varchar(255) COLLATE utf8_unicode_ci DEFAULT NULL,
  `log_type` varchar(255) COLLATE utf8_unicode_ci DEFAULT NULL,
  `created_at` datetime DEFAULT NULL,
  `updated_at` datetime DEFAULT NULL,
  `remote_ip` varchar(255) COLLATE utf8_unicode_ci DEFAULT NULL,
  `item_type` varchar(255) COLLATE utf8_unicode_ci DEFAULT NULL,
  `item_id` int(11) DEFAULT NULL,
  `order_person` varchar(255) COLLATE utf8_unicode_ci DEFAULT NULL,
  `item_name` varchar(255) COLLATE utf8_unicode_ci DEFAULT NULL,
  `order_time` datetime DEFAULT NULL,
  `period` varchar(255) COLLATE utf8_unicode_ci DEFAULT NULL,
  `description` varchar(255) COLLATE utf8_unicode_ci DEFAULT NULL,
  PRIMARY KEY (`id`)
) ENGINE=InnoDB AUTO_INCREMENT=228 DEFAULT CHARSET=utf8 COLLATE=utf8_unicode_ci;
/*!40101 SET character_set_client = @saved_cs_client */;

--
-- Dumping data for table `logs`
--

LOCK TABLES `logs` WRITE;
/*!40000 ALTER TABLE `logs` DISABLE KEYS */;
INSERT INTO `logs` VALUES (1,'吴帅',8,NULL,'kaika','2012-07-24 05:16:25','2012-07-24 05:16:25','192.168.0.4','MembersCard',1,'','A000001',NULL,'','A000001开卡()'),(2,'吴帅',8,NULL,'kaika','2012-07-24 05:22:34','2012-07-24 05:22:34','192.168.0.4','MembersCard',2,'','A000003',NULL,'','A000003开卡()'),(3,'吴帅',8,NULL,'kaika','2012-07-24 05:28:00','2012-07-24 05:28:00','192.168.0.4','MembersCard',3,'','A000005',NULL,'','A000005开卡()'),(4,'吴帅',8,NULL,'kaika','2012-07-24 05:31:19','2012-07-24 05:31:19','192.168.0.4','MembersCard',4,'','A000006',NULL,'','A000006开卡()'),(5,'吴帅',8,NULL,'kaika','2012-07-24 05:35:55','2012-07-24 05:35:55','192.168.0.4','MembersCard',5,'','A000007',NULL,'','A000007开卡()'),(6,'吴帅',8,NULL,'kaika','2012-07-24 05:38:55','2012-07-24 05:38:55','192.168.0.4','MembersCard',6,'','A000008',NULL,'','A000008开卡()'),(7,'吴帅',8,NULL,'kaika','2012-07-24 05:42:54','2012-07-24 05:42:54','192.168.0.4','MembersCard',7,'','A000009',NULL,'','A000009开卡()'),(8,'吴帅',8,NULL,'kaika','2012-07-24 05:45:30','2012-07-24 05:45:30','192.168.0.4','MembersCard',8,'','A000010',NULL,'','A000010开卡()'),(9,'吴帅',8,NULL,'kaika','2012-07-24 05:47:55','2012-07-24 05:47:55','192.168.0.4','MembersCard',9,'','A000011',NULL,'','A000011开卡()'),(10,'吴帅',8,NULL,'kaika','2012-07-24 05:51:09','2012-07-24 05:51:09','192.168.0.4','MembersCard',10,'','A000012',NULL,'','A000012开卡()'),(11,'吴帅',8,NULL,'kaika','2012-07-24 05:53:40','2012-07-24 05:53:40','192.168.0.4','MembersCard',11,'','A000013',NULL,'','A000013开卡()'),(12,'吴帅',8,NULL,'kaika','2012-07-24 06:01:28','2012-07-24 06:01:28','192.168.0.4','MembersCard',12,'','A000014',NULL,'','A000014开卡()'),(13,'吴帅',8,'－420元，0次','chongzhi','2012-07-24 06:04:10','2012-07-24 06:04:10','192.168.0.4','MembersCard',12,'','A000014',NULL,'','A000014充值(－420元，0次)'),(14,'吴帅',8,NULL,'kaika','2012-07-24 06:06:24','2012-07-24 06:06:24','192.168.0.4','MembersCard',13,'','A000014',NULL,'','A000014开卡()'),(15,'吴帅',8,NULL,'kaika','2012-07-24 06:09:15','2012-07-24 06:09:15','192.168.0.4','MembersCard',14,'','A000016',NULL,'','A000016开卡()'),(16,'吴帅',8,NULL,'kaika','2012-07-24 06:13:57','2012-07-24 06:13:57','192.168.0.4','MembersCard',15,'','A000017',NULL,'','A000017开卡()'),(17,'吴帅',8,NULL,'kaika','2012-07-24 06:16:24','2012-07-24 06:16:24','192.168.0.4','MembersCard',16,'','A000018',NULL,'','A000018开卡()'),(18,'吴帅',8,NULL,'kaika','2012-07-24 06:19:22','2012-07-24 06:19:22','192.168.0.4','MembersCard',17,'','A000019',NULL,'','A000019开卡()'),(19,'吴帅',8,NULL,'kaika','2012-07-24 06:24:10','2012-07-24 06:24:10','192.168.0.4','MembersCard',18,'','A000020',NULL,'','A000020开卡()'),(20,'吴帅',8,NULL,'kaika','2012-07-24 06:28:43','2012-07-24 06:28:43','192.168.0.4','MembersCard',19,'','A000021',NULL,'','A000021开卡()'),(21,'吴帅',8,NULL,'kaika','2012-07-24 06:31:25','2012-07-24 06:31:25','192.168.0.4','MembersCard',20,'','A000022',NULL,'','A000022开卡()'),(22,'吴帅',8,NULL,'kaika','2012-07-24 06:35:15','2012-07-24 06:35:15','192.168.0.4','MembersCard',21,'','A000023',NULL,'','A000023开卡()'),(23,'吴帅',8,NULL,'kaika','2012-07-24 06:39:27','2012-07-24 06:39:27','192.168.0.4','MembersCard',22,'','A000024',NULL,'','A000024开卡()'),(24,'吴帅',8,NULL,'kaika','2012-07-24 06:41:25','2012-07-24 06:41:25','192.168.0.4','MembersCard',23,'','A000025',NULL,'','A000025开卡()'),(25,'吴帅',8,NULL,'kaika','2012-07-24 06:45:02','2012-07-24 06:45:02','192.168.0.4','MembersCard',24,'','A000027',NULL,'','A000027开卡()'),(26,'吴帅',8,NULL,'kaika','2012-07-24 06:48:24','2012-07-24 06:48:24','192.168.0.4','MembersCard',25,'','A000028',NULL,'','A000028开卡()'),(27,'吴帅',8,NULL,'kaika','2012-07-24 06:50:29','2012-07-24 06:50:29','192.168.0.4','MembersCard',26,'','A000029',NULL,'','A000029开卡()'),(28,'吴帅',8,NULL,'kaika','2012-07-24 06:52:43','2012-07-24 06:52:43','192.168.0.4','MembersCard',27,'','A000030',NULL,'','A000030开卡()'),(29,'吴帅',8,NULL,'kaika','2012-07-24 06:55:38','2012-07-24 06:55:38','192.168.0.4','MembersCard',28,'','A000031',NULL,'','A000031开卡()'),(30,'吴帅',8,NULL,'kaika','2012-07-24 06:57:17','2012-07-24 06:57:17','192.168.0.4','MembersCard',29,'','A000032',NULL,'','A000032开卡()'),(31,'吴帅',8,NULL,'kaika','2012-07-24 07:00:04','2012-07-24 07:00:04','192.168.0.4','MembersCard',30,'','A000033',NULL,'','A000033开卡()'),(32,'吴帅',8,NULL,'kaika','2012-07-24 07:17:16','2012-07-24 07:17:16','192.168.0.4','MembersCard',31,'','A000034',NULL,'','A000034开卡()'),(33,'吴帅',8,NULL,'kaika','2012-07-24 07:20:56','2012-07-24 07:20:56','192.168.0.4','MembersCard',32,'','A000035',NULL,'','A000035开卡()'),(34,'吴帅',8,NULL,'kaika','2012-07-24 07:26:29','2012-07-24 07:26:29','192.168.0.4','MembersCard',33,'','A000036',NULL,'','A000036开卡()'),(35,'吴帅',8,NULL,'kaika','2012-07-24 07:30:18','2012-07-24 07:30:18','192.168.0.4','MembersCard',34,'','A000037',NULL,'','A000037开卡()'),(36,'吴帅',8,NULL,'kaika','2012-07-24 07:35:04','2012-07-24 07:35:04','192.168.0.4','MembersCard',35,'','A000038',NULL,'','A000038开卡()'),(37,'吴帅',8,NULL,'kaika','2012-07-24 07:43:04','2012-07-24 07:43:04','192.168.0.4','MembersCard',36,'','A000039',NULL,'','A000039开卡()'),(38,'吴帅',8,NULL,'kaika','2012-07-24 07:46:03','2012-07-24 07:46:03','192.168.0.4','MembersCard',37,'','A000040',NULL,'','A000040开卡()'),(39,'吴帅',8,NULL,'kaika','2012-07-24 07:49:59','2012-07-24 07:49:59','192.168.0.4','MembersCard',38,'','A000041',NULL,'','A000041开卡()'),(40,'吴帅',8,NULL,'kaika','2012-07-24 07:52:24','2012-07-24 07:52:24','192.168.0.4','MembersCard',39,'','A000042',NULL,'','A000042开卡()'),(41,'吴帅',8,NULL,'kaika','2012-07-24 07:55:43','2012-07-24 07:55:43','192.168.0.4','MembersCard',40,'','A000043',NULL,'','A000043开卡()'),(42,'吴帅',8,NULL,'kaika','2012-07-24 08:02:38','2012-07-24 08:02:38','192.168.0.4','MembersCard',41,'','A000044',NULL,'','A000044开卡()'),(43,'吴帅',8,NULL,'kaika','2012-07-24 08:04:36','2012-07-24 08:04:36','192.168.0.4','MembersCard',42,'','A000045',NULL,'','A000045开卡()'),(44,'吴帅',8,NULL,'kaika','2012-07-24 08:07:30','2012-07-24 08:07:30','192.168.0.4','MembersCard',43,'','A000046',NULL,'','A000046开卡()'),(45,'吴帅',8,NULL,'kaika','2012-07-24 08:08:45','2012-07-24 08:08:45','192.168.0.4','MembersCard',44,'','A000047',NULL,'','A000047开卡()'),(46,'吴帅',8,NULL,'kaika','2012-07-24 08:09:54','2012-07-24 08:09:54','192.168.0.4','MembersCard',45,'','A000048',NULL,'','A000048开卡()'),(47,'吴帅',8,NULL,'kaika','2012-07-24 08:11:04','2012-07-24 08:11:04','192.168.0.4','MembersCard',46,'','A000049',NULL,'','A000049开卡()'),(48,'吴帅',8,NULL,'kaika','2012-07-24 08:12:50','2012-07-24 08:12:50','192.168.0.4','MembersCard',47,'','A000050',NULL,'','A000050开卡()'),(49,'吴帅',8,NULL,'kaika','2012-07-24 08:14:14','2012-07-24 08:14:14','192.168.0.4','MembersCard',48,'','A000051',NULL,'','A000051开卡()'),(50,'吴帅',8,NULL,'kaika','2012-07-24 08:17:40','2012-07-24 08:17:40','192.168.0.4','MembersCard',49,'','B000001',NULL,'','B000001开卡()'),(51,'吴帅',8,NULL,'kaika','2012-07-24 08:22:30','2012-07-24 08:22:30','192.168.0.4','MembersCard',50,'','B000003',NULL,'','B000003开卡()'),(52,'吴帅',8,NULL,'kaika','2012-07-24 08:23:37','2012-07-24 08:23:37','192.168.0.4','MembersCard',51,'','B000004',NULL,'','B000004开卡()'),(53,'吴帅',8,NULL,'kaika','2012-07-24 08:25:14','2012-07-24 08:25:14','192.168.0.4','MembersCard',52,'','B000005',NULL,'','B000005开卡()'),(54,'吴帅',8,NULL,'kaika','2012-07-24 08:27:49','2012-07-24 08:27:49','192.168.0.4','MembersCard',53,'','B000006',NULL,'','B000006开卡()'),(55,'吴帅',8,NULL,'kaika','2012-07-24 08:29:07','2012-07-24 08:29:07','192.168.0.4','MembersCard',54,'','B000007',NULL,'','B000007开卡()'),(56,'吴帅',8,NULL,'kaika','2012-07-24 08:30:34','2012-07-24 08:30:34','192.168.0.4','MembersCard',55,'','B000008',NULL,'','B000008开卡()'),(57,'吴帅',8,NULL,'kaika','2012-07-24 08:32:41','2012-07-24 08:32:41','192.168.0.4','MembersCard',56,'','B000009',NULL,'','B000009开卡()'),(58,'吴帅',8,NULL,'kaika','2012-07-24 08:34:55','2012-07-24 08:34:55','192.168.0.4','MembersCard',57,'','B000010',NULL,'','B000010开卡()'),(59,'吴帅',8,NULL,'kaika','2012-07-24 08:36:15','2012-07-24 08:36:15','192.168.0.4','MembersCard',58,'','B000011',NULL,'','B000011开卡()'),(60,'吴帅',8,NULL,'kaika','2012-07-24 08:37:31','2012-07-24 08:37:31','192.168.0.4','MembersCard',59,'','B000012',NULL,'','B000012开卡()'),(61,'吴帅',8,NULL,'kaika','2012-07-24 08:38:50','2012-07-24 08:38:50','192.168.0.4','MembersCard',60,'','B000013',NULL,'','B000013开卡()'),(62,'吴帅',8,NULL,'kaika','2012-07-24 08:40:37','2012-07-24 08:40:37','192.168.0.4','MembersCard',61,'','B000015',NULL,'','B000015开卡()'),(63,'吴帅',8,NULL,'kaika','2012-07-24 08:45:19','2012-07-24 08:45:19','192.168.0.4','MembersCard',62,'','B000016',NULL,'','B000016开卡()'),(64,'吴帅',8,NULL,'kaika','2012-07-24 08:47:31','2012-07-24 08:47:31','192.168.0.4','MembersCard',63,'','B000017',NULL,'','B000017开卡()'),(65,'吴帅',8,NULL,'kaika','2012-07-24 08:49:52','2012-07-24 08:49:52','192.168.0.4','MembersCard',64,'','C000001',NULL,'','C000001开卡()'),(66,'吴帅',8,NULL,'kaika','2012-07-24 08:50:56','2012-07-24 08:50:56','192.168.0.4','MembersCard',65,'','C000002',NULL,'','C000002开卡()'),(67,'吴帅',8,NULL,'kaika','2012-07-24 08:52:07','2012-07-24 08:52:07','192.168.0.4','MembersCard',66,'','C000003',NULL,'','C000003开卡()'),(68,'吴帅',8,NULL,'kaika','2012-07-24 08:55:12','2012-07-24 08:55:12','192.168.0.4','MembersCard',67,'','C000004',NULL,'','C000004开卡()'),(69,'吴帅',8,NULL,'kaika','2012-07-24 08:57:31','2012-07-24 08:57:31','192.168.0.4','MembersCard',68,'','C000005',NULL,'','C000005开卡()'),(70,'吴帅',8,NULL,'kaika','2012-07-24 08:58:55','2012-07-24 08:58:55','192.168.0.4','MembersCard',69,'','C000006',NULL,'','C000006开卡()'),(71,'吴帅',8,NULL,'kaika','2012-07-24 09:00:25','2012-07-24 09:00:25','192.168.0.4','MembersCard',70,'','C000007',NULL,'','C000007开卡()'),(72,'吴帅',8,NULL,'kaika','2012-07-24 09:02:33','2012-07-24 09:02:33','192.168.0.4','MembersCard',71,'','C000008',NULL,'','C000008开卡()'),(73,'吴帅',8,NULL,'kaika','2012-07-24 09:03:39','2012-07-24 09:03:39','192.168.0.4','MembersCard',72,'','C000009',NULL,'','C000009开卡()'),(74,'吴帅',8,NULL,'kaika','2012-07-24 09:10:44','2012-07-24 09:10:44','192.168.0.4','MembersCard',73,'','S000001',NULL,'','S000001开卡()'),(75,'吴帅',8,NULL,'kaika','2012-07-24 09:13:55','2012-07-24 09:13:55','192.168.0.4','MembersCard',74,'','S100001',NULL,'','S100001开卡()'),(76,'吴帅',8,NULL,'kaika','2012-07-24 09:14:30','2012-07-24 09:14:30','192.168.0.4','MembersCard',75,'','S100002',NULL,'','S100002开卡()'),(77,'吴帅',8,NULL,'kaika','2012-07-24 09:15:31','2012-07-24 09:15:31','192.168.0.4','MembersCard',76,'','S100003',NULL,'','S100003开卡()'),(78,'吴帅',8,NULL,'kaika','2012-07-24 09:16:37','2012-07-24 09:16:37','192.168.0.4','MembersCard',77,'','S100004',NULL,'','S100004开卡()'),(79,'吴帅',8,NULL,'kaika','2012-07-24 09:17:27','2012-07-24 09:17:27','192.168.0.4','MembersCard',78,'','S100005',NULL,'','S100005开卡()'),(80,'吴帅',8,NULL,'kaika','2012-07-24 09:18:30','2012-07-24 09:18:30','192.168.0.4','MembersCard',79,'','S100006',NULL,'','S100006开卡()'),(81,'吴帅',8,NULL,'kaika','2012-07-24 09:20:21','2012-07-24 09:20:21','192.168.0.4','MembersCard',80,'','S100007',NULL,'','S100007开卡()'),(82,'吴帅',8,NULL,'kaika','2012-07-24 09:21:15','2012-07-24 09:21:15','192.168.0.4','MembersCard',81,'','S100008',NULL,'','S100008开卡()'),(83,'吴帅',8,NULL,'kaika','2012-07-24 09:23:32','2012-07-24 09:23:32','192.168.0.4','MembersCard',82,'','S100009',NULL,'','S100009开卡()'),(84,'吴帅',8,NULL,'kaika','2012-07-24 09:24:29','2012-07-24 09:24:29','192.168.0.4','MembersCard',83,'','S100010',NULL,'','S100010开卡()'),(85,'吴帅',8,NULL,'kaika','2012-07-24 09:25:41','2012-07-24 09:25:41','192.168.0.4','MembersCard',84,'','S100011',NULL,'','S100011开卡()'),(86,'吴帅',8,NULL,'kaika','2012-07-24 09:26:37','2012-07-24 09:26:37','192.168.0.4','MembersCard',85,'','S100012',NULL,'','S100012开卡()'),(87,'吴帅',8,NULL,'kaika','2012-07-24 09:28:09','2012-07-24 09:28:09','192.168.0.4','MembersCard',86,'','S100013',NULL,'','S100013开卡()'),(88,'吴帅',8,NULL,'kaika','2012-07-24 09:28:55','2012-07-24 09:28:55','192.168.0.4','MembersCard',87,'','S100014',NULL,'','S100014开卡()'),(89,'吴帅',8,NULL,'kaika','2012-07-24 09:29:45','2012-07-24 09:29:45','192.168.0.4','MembersCard',88,'','S100015',NULL,'','S100015开卡()'),(90,'吴帅',8,NULL,'kaika','2012-07-24 09:30:37','2012-07-24 09:30:37','192.168.0.4','MembersCard',89,'','S100016',NULL,'','S100016开卡()'),(91,'吴帅',8,NULL,'kaika','2012-07-24 09:31:36','2012-07-24 09:31:36','192.168.0.4','MembersCard',90,'','S100017',NULL,'','S100017开卡()'),(92,'吴帅',8,NULL,'kaika','2012-07-24 09:32:23','2012-07-24 09:32:23','192.168.0.4','MembersCard',91,'','S100018',NULL,'','S100018开卡()'),(93,'吴帅',8,NULL,'kaika','2012-07-24 09:33:09','2012-07-24 09:33:09','192.168.0.4','MembersCard',92,'','S100019',NULL,'','S100019开卡()'),(94,'吴帅',8,NULL,'kaika','2012-07-24 09:33:53','2012-07-24 09:33:53','192.168.0.4','MembersCard',93,'','S100020',NULL,'','S100020开卡()'),(95,'吴帅',8,NULL,'kaika','2012-07-24 09:34:44','2012-07-24 09:34:44','192.168.0.4','MembersCard',94,'','S100021',NULL,'','S100021开卡()'),(96,'吴帅',8,NULL,'kaika','2012-07-24 09:35:46','2012-07-24 09:35:46','192.168.0.4','MembersCard',95,'','S100022',NULL,'','S100022开卡()'),(97,'吴帅',8,NULL,'kaika','2012-07-24 09:36:54','2012-07-24 09:36:54','192.168.0.4','MembersCard',96,'','S100024',NULL,'','S100024开卡()'),(98,'吴帅',8,NULL,'kaika','2012-07-24 09:42:47','2012-07-24 09:42:47','192.168.0.4','MembersCard',97,'','S200001',NULL,'','S200001开卡()'),(99,'吴帅',8,NULL,'kaika','2012-07-24 09:43:29','2012-07-24 09:43:29','192.168.0.4','MembersCard',98,'','S200002',NULL,'','S200002开卡()'),(100,'吴帅',8,NULL,'kaika','2012-07-24 09:44:21','2012-07-24 09:44:21','192.168.0.4','MembersCard',99,'','S200003',NULL,'','S200003开卡()'),(101,'吴帅',8,NULL,'kaika','2012-07-24 09:45:14','2012-07-24 09:45:14','192.168.0.4','MembersCard',100,'','S200004',NULL,'','S200004开卡()'),(102,'吴帅',8,NULL,'kaika','2012-07-24 09:45:55','2012-07-24 09:45:55','192.168.0.4','MembersCard',101,'','S200005',NULL,'','S200005开卡()'),(103,'吴帅',8,NULL,'kaika','2012-07-24 09:46:52','2012-07-24 09:46:52','192.168.0.4','MembersCard',102,'','S200006',NULL,'','S200006开卡()'),(104,'吴帅',8,NULL,'kaika','2012-07-24 09:47:26','2012-07-24 09:47:26','192.168.0.4','MembersCard',103,'','S200007',NULL,'','S200007开卡()'),(105,'吴帅',8,NULL,'kaika','2012-07-24 09:48:11','2012-07-24 09:48:11','192.168.0.4','MembersCard',104,'','S200008',NULL,'','S200008开卡()'),(106,'吴帅',8,NULL,'kaika','2012-07-24 09:49:03','2012-07-24 09:49:03','192.168.0.4','MembersCard',105,'','S200009',NULL,'','S200009开卡()'),(107,'吴帅',8,NULL,'kaika','2012-07-24 09:50:30','2012-07-24 09:50:30','192.168.0.4','MembersCard',106,'','S200010',NULL,'','S200010开卡()'),(108,'吴帅',8,NULL,'kaika','2012-07-24 09:52:16','2012-07-24 09:52:16','192.168.0.4','MembersCard',107,'','S200011',NULL,'','S200011开卡()'),(109,'吴帅',8,NULL,'kaika','2012-07-24 09:53:54','2012-07-24 09:53:54','192.168.0.4','MembersCard',108,'','S200012',NULL,'','S200012开卡()'),(110,'吴帅',8,NULL,'kaika','2012-07-24 10:05:15','2012-07-24 10:05:15','192.168.0.3','MembersCard',109,'','D000001',NULL,'','D000001开卡()'),(111,'吴帅',8,NULL,'kaika','2012-07-24 10:06:46','2012-07-24 10:06:46','192.168.0.3','MembersCard',110,'','E00001',NULL,'','E00001开卡()'),(112,'吴帅',8,NULL,'kaika','2012-07-24 10:07:30','2012-07-24 10:07:30','192.168.0.3','MembersCard',111,'','E00002',NULL,'','E00002开卡()'),(113,'吴帅',8,NULL,'kaika','2012-07-24 10:08:50','2012-07-24 10:08:50','192.168.0.3','MembersCard',112,'','F00001',NULL,'','F00001开卡()'),(114,'吴帅',8,NULL,'kaika','2012-07-24 10:09:17','2012-07-24 10:09:17','192.168.0.3','MembersCard',113,'','F00002',NULL,'','F00002开卡()'),(115,'俞晓航',9,'7:00-8:00','book','2012-07-25 00:11:58','2012-07-25 00:11:58','192.168.0.3','BookRecord',1,'xxx','室外P1','2012-07-25 00:11:58','7:00 - 8:00','室外P1预定(7:00-8:00)'),(116,'俞晓航',9,'7:00-8:00','cancel','2012-07-25 00:12:06','2012-07-25 00:12:06','192.168.0.3','BookRecord',1,'xxx','室外P1','2012-07-25 00:11:58','7:00 - 8:00','室外P1取消预定(7:00-8:00)'),(117,'俞晓航',9,'7:00-8:00','cancel','2012-07-25 00:12:14','2012-07-25 00:12:14','192.168.0.3','BookRecord',1,'xxx','室外P1','2012-07-25 00:11:58','7:00 - 8:00','室外P1取消预定(7:00-8:00)'),(118,'俞晓航',9,'13:00-15:00','book','2012-07-25 04:13:39','2012-07-25 04:13:39','192.168.0.3','BookRecord',2,'彭冠骐','室内A1','2012-07-25 05:00:00','13:00 - 15:00','室内A1预定(13:00-15:00)'),(119,'俞晓航',9,'19:00-21:00','book','2012-07-25 04:17:50','2012-07-25 04:17:50','192.168.0.3','BookRecord',3,'陈继生（中欧）','室内A3','2012-07-25 11:00:00','19:00 - 21:00','室内A3预定(19:00-21:00)'),(120,'俞晓航',9,'19:00-21:00','cancel','2012-07-25 04:18:34','2012-07-25 04:18:34','192.168.0.3','BookRecord',3,'陈继生（中欧）','室内A3','2012-07-25 11:00:00','19:00 - 21:00','室内A3取消预定(19:00-21:00)'),(121,'俞晓航',9,'7:00-8:00','book','2012-07-25 04:24:06','2012-07-25 04:24:06','192.168.0.3','BookRecord',4,'李先生','室外P1','2012-07-24 23:00:00','7:00 - 8:00','室外P1预定(7:00-8:00)'),(122,'俞晓航',9,'7:00-8:00','cancel','2012-07-25 04:27:57','2012-07-25 04:27:57','192.168.0.3','BookRecord',4,'李先生','室外P1','2012-07-24 23:00:00','7:00 - 8:00','室外P1取消预定(7:00-8:00)'),(123,'俞晓航',9,'7:00-8:00','cancel','2012-07-25 04:28:05','2012-07-25 04:28:05','192.168.0.3','BookRecord',4,'李先生','室外P1','2012-07-24 23:00:00','7:00 - 8:00','室外P1取消预定(7:00-8:00)'),(124,'俞晓航',9,'7:00-8:00','book','2012-07-25 04:28:31','2012-07-25 04:28:31','192.168.0.3','BookRecord',5,'李先生','室外P1','2012-07-24 23:00:00','7:00 - 8:00','室外P1预定(7:00-8:00)'),(125,'俞晓航',9,'7:00-8:00','cancel','2012-07-25 04:29:37','2012-07-25 04:29:37','192.168.0.3','BookRecord',5,'李先生','室外P1','2012-07-24 23:00:00','7:00 - 8:00','室外P1取消预定(7:00-8:00)'),(126,'俞晓航',9,'7:00-8:00','cancel','2012-07-25 04:29:51','2012-07-25 04:29:51','192.168.0.3','BookRecord',5,'李先生','室外P1','2012-07-24 23:00:00','7:00 - 8:00','室外P1取消预定(7:00-8:00)'),(127,'俞晓航',9,'7:00-8:00','book','2012-07-25 04:30:15','2012-07-25 04:30:15','192.168.0.3','BookRecord',6,'李先生','室外P1','2012-07-24 23:00:00','7:00 - 8:00','室外P1预定(7:00-8:00)'),(128,'俞晓航',9,'17:00-18:00 ','change','2012-07-25 04:31:57','2012-07-25 04:31:57','192.168.0.3','BookRecord',6,'李先生','室外P1','2012-07-25 09:00:00','17:00 - 18:00','室外P1变更(17:00-18:00 )'),(129,'俞晓航',9,'17:00-18:00','cancel','2012-07-25 04:32:07','2012-07-25 04:32:07','192.168.0.3','BookRecord',6,'李先生','室外P1','2012-07-25 09:00:00','17:00 - 18:00','室外P1取消预定(17:00-18:00)'),(130,'俞晓航',9,'17:00-18:00','book','2012-07-25 04:32:31','2012-07-25 04:32:31','192.168.0.3','BookRecord',7,'李先生','室外P1','2012-07-25 09:00:00','17:00 - 18:00','室外P1预定(17:00-18:00)'),(131,'俞晓航',9,'17:00-18:00','want_sell','2012-07-25 04:35:18','2012-07-25 04:35:18','192.168.0.3','BookRecord',7,'李先生','室外P1','2012-07-25 09:00:00','17:00 - 18:00','室外P1申请代卖(17:00-18:00)'),(132,'俞晓航',9,'17:00-18:00','want_sell','2012-07-25 04:35:25','2012-07-25 04:35:25','192.168.0.3','BookRecord',7,'李先生','室外P1','2012-07-25 09:00:00','17:00 - 18:00','室外P1申请代卖(17:00-18:00)'),(133,'俞晓航',9,'17:00-18:00  ','sell','2012-07-25 04:35:35','2012-07-25 04:35:35','192.168.0.3','BookRecord',8,'李先生','室外P1','2012-07-25 09:00:00','17:00 - 18:00','室外P1代卖(17:00-18:00  )'),(134,'俞晓航',9,'17:00-18:00','cancel','2012-07-25 04:35:51','2012-07-25 04:35:51','192.168.0.3','BookRecord',8,'李先生','室外P1','2012-07-25 09:00:00','17:00 - 18:00','室外P1取消预定(17:00-18:00)'),(135,'俞晓航',9,'21:00-22:00','book','2012-07-25 04:41:16','2012-07-25 04:41:16','192.168.0.3','BookRecord',9,'张曙光','室外P2','2012-07-25 13:00:00','21:00 - 22:00','室外P2预定(21:00-22:00)'),(136,'俞晓航',9,'21:00-22:00','cancel','2012-07-25 04:42:10','2012-07-25 04:42:10','192.168.0.3','BookRecord',9,'张曙光','室外P2','2012-07-25 13:00:00','21:00 - 22:00','室外P2取消预定(21:00-22:00)'),(137,'俞晓航',9,'13:00-15:00','cancel','2012-07-25 04:42:19','2012-07-25 04:42:19','192.168.0.3','BookRecord',2,'彭冠骐','室内A1','2012-07-25 05:00:00','13:00 - 15:00','室内A1取消预定(13:00-15:00)'),(138,'吴帅',8,NULL,'kaika','2012-07-25 04:42:54','2012-07-25 04:42:54','192.168.0.4','MembersCard',114,'','E000001',NULL,'','E000001开卡()'),(139,'吴帅',8,NULL,'kaika','2012-07-25 04:48:14','2012-07-25 04:48:14','192.168.0.4','MembersCard',115,'','E000002',NULL,'','E000002开卡()'),(140,'吴帅',8,NULL,'kaika','2012-07-25 04:49:35','2012-07-25 04:49:35','192.168.0.4','MembersCard',116,'','F000001',NULL,'','F000001开卡()'),(141,'吴帅',8,NULL,'kaika','2012-07-25 04:50:55','2012-07-25 04:50:55','192.168.0.4','MembersCard',117,'','F000002',NULL,'','F000002开卡()'),(142,'吴帅',8,NULL,'kaika','2012-07-25 06:02:24','2012-07-25 06:02:24','192.168.0.4','MembersCard',118,'','VIP00001',NULL,'','VIP00001开卡()'),(143,'俞晓航',9,'15:00-16:00','book','2012-07-25 06:03:33','2012-07-25 06:03:33','192.168.0.3','BookRecord',10,'接待','室外P1','2012-07-25 07:00:00','15:00 - 16:00','室外P1预定(15:00-16:00)'),(144,'俞晓航',9,'15:00-16:00','activate','2012-07-25 06:03:39','2012-07-25 06:03:39','192.168.0.3','BookRecord',10,'接待','室外P1','2012-07-25 07:00:00','15:00 - 16:00','室外P1开场(15:00-16:00)'),(145,'俞晓航',9,'','balance','2012-07-25 06:03:57','2012-07-25 06:03:57','192.168.0.3','BookRecord',10,'接待','室外P1','2012-07-25 07:00:00','15:00 - 16:00','室外P1结算()'),(146,'俞晓航',9,'15:00-16:00','cancel','2012-07-25 06:04:07','2012-07-25 06:04:07','192.168.0.3','BookRecord',10,'接待','室外P1','2012-07-25 07:00:00','15:00 - 16:00','室外P1取消预定(15:00-16:00)'),(147,'俞晓航',9,'15:00-16:00','cancel','2012-07-25 06:04:13','2012-07-25 06:04:13','192.168.0.3','BookRecord',10,'接待','室外P1','2012-07-25 07:00:00','15:00 - 16:00','室外P1取消预定(15:00-16:00)'),(148,'俞晓航',9,'15:00-16:00','cancel','2012-07-25 06:04:16','2012-07-25 06:04:16','192.168.0.3','BookRecord',10,'接待','室外P1','2012-07-25 07:00:00','15:00 - 16:00','室外P1取消预定(15:00-16:00)'),(149,'俞晓航',9,'15:00-16:00','cancel','2012-07-25 06:04:26','2012-07-25 06:04:26','192.168.0.3','BookRecord',10,'接待','室外P1','2012-07-25 07:00:00','15:00 - 16:00','室外P1取消预定(15:00-16:00)'),(150,'吴帅',8,'15:00-16:00','cancel','2012-07-25 06:05:00','2012-07-25 06:05:00','192.168.0.3','BookRecord',10,'接待','室外P1','2012-07-25 07:00:00','15:00 - 16:00','室外P1取消预定(15:00-16:00)'),(151,'吴帅',8,'15:00-16:00','cancel','2012-07-25 06:05:02','2012-07-25 06:05:02','192.168.0.3','BookRecord',10,'接待','室外P1','2012-07-25 07:00:00','15:00 - 16:00','室外P1取消预定(15:00-16:00)'),(152,'吴帅',8,'15:00-16:00','cancel','2012-07-25 06:05:53','2012-07-25 06:05:53','192.168.0.4','BookRecord',10,'接待','室外P1','2012-07-25 07:00:00','15:00 - 16:00','室外P1取消预定(15:00-16:00)'),(153,'吴帅',8,NULL,'destroy','2012-07-25 06:08:17','2012-07-25 06:08:17','192.168.0.4','BookRecord',10,'接待','室外P1','2012-07-25 07:00:00','15:00 - 16:00','室外P1场地删除()'),(154,'吴帅',8,NULL,'kaika','2012-07-25 08:01:25','2012-07-25 08:01:25','192.168.0.4','MembersCard',119,'','S100023',NULL,'','S100023开卡()'),(155,'吴帅',8,NULL,'kaika','2012-07-25 08:04:43','2012-07-25 08:04:43','192.168.0.4','MembersCard',120,'','C000010',NULL,'','C000010开卡()'),(156,'杨婷',11,'20:00-22:00','book','2012-07-26 00:32:57','2012-07-26 00:32:57','192.168.0.3','BookRecord',11,'常勇','室内A1','2012-07-27 12:00:00','20:00 - 22:00','室内A1预定(20:00-22:00)'),(157,'杨婷',11,'20:00-22:00','book','2012-07-26 00:33:20','2012-07-26 00:33:20','192.168.0.3','BookRecord',12,'常勇','室内A2','2012-07-27 12:00:00','20:00 - 22:00','室内A2预定(20:00-22:00)'),(158,'杨婷',11,'19:00-21:00','book','2012-07-26 01:18:45','2012-07-26 01:18:45','192.168.0.3','BookRecord',13,'熊斌','室内A1','2012-07-26 11:00:00','19:00 - 21:00','室内A1预定(19:00-21:00)'),(159,'杨婷',11,'18:00-20:00','book','2012-07-26 10:05:59','2012-07-26 10:05:59','192.168.0.3','BookRecord',14,'唐文军','室内A2','2012-07-26 10:00:00','18:00 - 20:00','室内A2预定(18:00-20:00)'),(160,'杨婷',11,'18:00-20:00','activate','2012-07-26 10:06:14','2012-07-26 10:06:14','192.168.0.3','BookRecord',14,'唐文军','室内A2','2012-07-26 10:00:00','18:00 - 20:00','室内A2开场(18:00-20:00)'),(161,'杨婷',11,'19:00-21:00','book','2012-07-26 10:48:41','2012-07-26 10:48:41','192.168.0.3','BookRecord',15,'熊斌','室内A3','2012-07-26 11:00:00','19:00 - 21:00','室内A3预定(19:00-21:00)'),(162,'杨婷',11,'19:00-21:00','activate','2012-07-26 10:48:45','2012-07-26 10:48:45','192.168.0.3','BookRecord',13,'熊斌','室内A1','2012-07-26 11:00:00','19:00 - 21:00','室内A1开场(19:00-21:00)'),(163,'杨婷',11,'19:00-21:00','activate','2012-07-26 10:48:49','2012-07-26 10:48:49','192.168.0.3','BookRecord',15,'熊斌','室内A3','2012-07-26 11:00:00','19:00 - 21:00','室内A3开场(19:00-21:00)'),(164,'杨婷',11,'','balance','2012-07-26 12:15:38','2012-07-26 12:15:38','192.168.0.3','BookRecord',14,'唐文军','室内A2','2012-07-26 10:00:00','18:00 - 20:00','室内A2结算()'),(165,'杨婷',11,'','balance','2012-07-26 13:24:11','2012-07-26 13:24:11','192.168.0.3','BookRecord',13,'熊斌','室内A1','2012-07-26 11:00:00','19:00 - 21:00','室内A1结算()'),(166,'杨婷',11,'','balance','2012-07-26 13:25:29','2012-07-26 13:25:29','192.168.0.3','BookRecord',15,'熊斌','室内A3','2012-07-26 11:00:00','19:00 - 21:00','室内A3结算()'),(167,'王晓霞',15,'20:00-22:00','activate','2012-07-27 02:00:36','2012-07-27 02:00:36','192.168.0.3','BookRecord',11,'常勇','室内A1','2012-07-27 12:00:00','20:00 - 22:00','室内A1开场(20:00-22:00)'),(168,'王晓霞',15,'20:00-22:00','book','2012-07-27 02:26:09','2012-07-27 02:26:09','192.168.0.3','BookRecord',16,'常勇','室内A3','2012-07-27 12:00:00','20:00 - 22:00','室内A3预定(20:00-22:00)'),(169,'王晓霞',15,'18:00-20:00','book','2012-07-27 02:27:20','2012-07-27 02:27:20','192.168.0.3','BookRecord',17,'杨杰','室内A1','2012-07-27 10:00:00','18:00 - 20:00','室内A1预定(18:00-20:00)'),(170,'王晓霞',15,'18:00-20:00','book','2012-07-27 02:27:40','2012-07-27 02:27:40','192.168.0.3','BookRecord',18,'杨杰','室内A2','2012-07-27 10:00:00','18:00 - 20:00','室内A2预定(18:00-20:00)'),(171,'王晓霞',15,'16:00-17:00','book','2012-07-27 06:54:40','2012-07-27 06:54:40','192.168.0.3','BookRecord',19,'周大农','室内A4','2012-07-27 08:00:00','16:00 - 17:00','室内A4预定(16:00-17:00)'),(172,'王晓霞',15,'16:00-17:00','activate','2012-07-27 07:45:24','2012-07-27 07:45:24','192.168.0.3','BookRecord',19,'周大农','室内A4','2012-07-27 08:00:00','16:00 - 17:00','室内A4开场(16:00-17:00)'),(173,'王晓霞',15,'20:00-21:00','book','2012-07-27 09:05:04','2012-07-27 09:05:04','192.168.0.3','BookRecord',20,'陈曦','室内A4','2012-07-27 12:00:00','20:00 - 21:00','室内A4预定(20:00-21:00)'),(174,'吴帅',8,NULL,'kaika','2012-07-27 09:34:04','2012-07-27 09:34:04','192.168.0.3','MembersCard',121,'','C000005',NULL,'','C000005开卡()'),(175,'吴滨滨',16,'18:00-20:00','book','2012-07-27 09:35:29','2012-07-27 09:35:29','192.168.0.3','BookRecord',21,'徐杰','室内B1','2012-07-27 10:00:00','18:00 - 20:00','室内B1预定(18:00-20:00)'),(176,'吴滨滨',16,'18:00-20:00','book','2012-07-27 09:45:29','2012-07-27 09:45:29','192.168.0.3','BookRecord',22,'陈曦','室内A3','2012-07-27 10:00:00','18:00 - 20:00','室内A3预定(18:00-20:00)'),(177,'吴滨滨',16,'18:00-20:00','activate','2012-07-27 09:48:53','2012-07-27 09:48:53','192.168.0.3','BookRecord',17,'杨杰','室内A1','2012-07-27 10:00:00','18:00 - 20:00','室内A1开场(18:00-20:00)'),(178,'吴滨滨',16,'18:00-20:00','activate','2012-07-27 09:49:12','2012-07-27 09:49:12','192.168.0.3','BookRecord',18,'杨杰','室内A2','2012-07-27 10:00:00','18:00 - 20:00','室内A2开场(18:00-20:00)'),(179,'吴滨滨',16,'18:00-20:00','activate','2012-07-27 09:49:54','2012-07-27 09:49:54','192.168.0.3','BookRecord',22,'陈曦','室内A3','2012-07-27 10:00:00','18:00 - 20:00','室内A3开场(18:00-20:00)'),(180,'吴滨滨',16,'18:00-20:00','activate','2012-07-27 10:51:52','2012-07-27 10:51:52','192.168.0.3','BookRecord',21,'徐杰','室内B1','2012-07-27 10:00:00','18:00 - 20:00','室内B1开场(18:00-20:00)'),(181,'吴滨滨',16,'20:00-22:00','activate','2012-07-27 12:02:51','2012-07-27 12:02:51','192.168.0.3','BookRecord',12,'常勇','室内A2','2012-07-27 12:00:00','20:00 - 22:00','室内A2开场(20:00-22:00)'),(182,'吴滨滨',16,'20:00-22:00','activate','2012-07-27 12:02:55','2012-07-27 12:02:55','192.168.0.3','BookRecord',16,'常勇','室内A3','2012-07-27 12:00:00','20:00 - 22:00','室内A3开场(20:00-22:00)'),(183,'吴滨滨',16,'20:00-21:00','activate','2012-07-27 12:07:15','2012-07-27 12:07:15','192.168.0.3','BookRecord',20,'陈曦','室内A4','2012-07-27 12:00:00','20:00 - 21:00','室内A4开场(20:00-21:00)'),(184,'吴滨滨',16,'18:00-20:00','book','2012-07-27 12:15:58','2012-07-27 12:15:58','192.168.0.3','BookRecord',23,'杨杰','室内A2','2012-07-28 10:00:00','18:00 - 20:00','室内A2预定(18:00-20:00)'),(185,'吴帅',8,'0元，30次','chongzhi','2012-07-27 12:31:12','2012-07-27 12:31:12','114.243.215.179','MembersCard',115,'','E000002',NULL,'','E000002充值(0元，30次)'),(186,'吴滨滨',16,'','balance','2012-07-27 12:32:42','2012-07-27 12:32:42','192.168.0.3','BookRecord',17,'杨杰','室内A1','2012-07-27 10:00:00','18:00 - 20:00','室内A1结算()'),(187,'吴滨滨',16,'','balance','2012-07-27 12:33:48','2012-07-27 12:33:48','192.168.0.3','BookRecord',18,'杨杰','室内A2','2012-07-27 10:00:00','18:00 - 20:00','室内A2结算()'),(188,'吴滨滨',16,'','balance','2012-07-27 12:41:30','2012-07-27 12:41:30','192.168.0.3','BookRecord',22,'陈曦','室内A3','2012-07-27 10:00:00','18:00 - 20:00','室内A3结算()'),(189,'吴滨滨',16,'','balance','2012-07-27 12:41:56','2012-07-27 12:41:56','192.168.0.3','BookRecord',22,'陈曦','室内A3','2012-07-27 10:00:00','18:00 - 20:00','室内A3结算()'),(190,'吴滨滨',16,'','balance','2012-07-27 12:47:14','2012-07-27 12:47:14','192.168.0.3','BookRecord',21,'徐杰','室内B1','2012-07-27 10:00:00','18:00 - 20:00','室内B1结算()'),(191,'吴滨滨',16,'','balance','2012-07-27 13:00:40','2012-07-27 13:00:40','192.168.0.3','BookRecord',19,'周大农','室内A4','2012-07-27 08:00:00','16:00 - 17:00','室内A4结算()'),(192,'吴帅',8,'20:00-21:00','cancel','2012-07-27 13:30:04','2012-07-27 13:30:04','114.243.215.179','BookRecord',20,'陈曦','室内A4','2012-07-27 12:00:00','20:00 - 21:00','室内A4取消预定(20:00-21:00)'),(193,'吴帅',8,'20:00-21:00','cancel','2012-07-27 13:30:39','2012-07-27 13:30:39','114.243.215.179','BookRecord',20,'陈曦','室内A4','2012-07-27 12:00:00','20:00 - 21:00','室内A4取消预定(20:00-21:00)'),(194,'吴滨滨',16,'','balance','2012-07-27 14:24:53','2012-07-27 14:24:53','192.168.0.3','BookRecord',11,'常勇','室内A1','2012-07-27 12:00:00','20:00 - 22:00','室内A1结算()'),(195,'吴滨滨',16,'','balance','2012-07-27 14:26:55','2012-07-27 14:26:55','192.168.0.3','BookRecord',12,'常勇','室内A2','2012-07-27 12:00:00','20:00 - 22:00','室内A2结算()'),(196,'吴滨滨',16,'','balance','2012-07-27 14:27:36','2012-07-27 14:27:36','192.168.0.3','BookRecord',16,'常勇','室内A3','2012-07-27 12:00:00','20:00 - 22:00','室内A3结算()'),(197,'俞晓航',9,'10:00-12:00','book','2012-07-28 01:49:13','2012-07-28 01:49:13','192.168.0.3','BookRecord',25,'赵小川','室内A3','2012-07-28 02:00:00','10:00 - 12:00','室内A3预定(10:00-12:00)'),(198,'俞晓航',9,'10:00-12:00','activate','2012-07-28 01:49:22','2012-07-28 01:49:22','192.168.0.3','BookRecord',25,'赵小川','室内A3','2012-07-28 02:00:00','10:00 - 12:00','室内A3开场(10:00-12:00)'),(199,'俞晓航',9,'10:00-12:00','book','2012-07-28 01:51:35','2012-07-28 01:51:35','192.168.0.3','BookRecord',26,'史兴宇','室内B1','2012-07-28 02:00:00','10:00 - 12:00','室内B1预定(10:00-12:00)'),(200,'俞晓航',9,'10:00-11:00','book','2012-07-28 01:53:09','2012-07-28 01:53:09','192.168.0.3','BookRecord',27,'史兴宇','室内B2','2012-07-28 02:00:00','10:00 - 11:00','室内B2预定(10:00-11:00)'),(201,'俞晓航',9,'10:00-11:00','activate','2012-07-28 01:53:13','2012-07-28 01:53:13','192.168.0.3','BookRecord',27,'史兴宇','室内B2','2012-07-28 02:00:00','10:00 - 11:00','室内B2开场(10:00-11:00)'),(202,'俞晓航',9,'10:00-12:00','activate','2012-07-28 01:53:16','2012-07-28 01:53:16','192.168.0.3','BookRecord',26,'史兴宇','室内B1','2012-07-28 02:00:00','10:00 - 12:00','室内B1开场(10:00-12:00)'),(203,'俞晓航',9,'10:00-12:00','book','2012-07-28 01:59:30','2012-07-28 01:59:30','192.168.0.3','BookRecord',28,'刘少伟','室内B3','2012-07-28 02:00:00','10:00 - 12:00','室内B3预定(10:00-12:00)'),(204,'俞晓航',9,'10:00-12:00','book','2012-07-28 01:59:46','2012-07-28 01:59:46','192.168.0.3','BookRecord',29,'刘少伟','室内B4','2012-07-28 02:00:00','10:00 - 12:00','室内B4预定(10:00-12:00)'),(205,'俞晓航',9,'10:00-12:00','activate','2012-07-28 01:59:52','2012-07-28 01:59:52','192.168.0.3','BookRecord',28,'刘少伟','室内B3','2012-07-28 02:00:00','10:00 - 12:00','室内B3开场(10:00-12:00)'),(206,'俞晓航',9,'10:00-12:00','activate','2012-07-28 01:59:55','2012-07-28 01:59:55','192.168.0.3','BookRecord',29,'刘少伟','室内B4','2012-07-28 02:00:00','10:00 - 12:00','室内B4开场(10:00-12:00)'),(207,'俞晓航',9,'10:00-12:00 ','change','2012-07-28 02:10:17','2012-07-28 02:10:17','192.168.0.3','BookRecord',28,'刘少伟','室内A1','2012-07-28 02:00:00','10:00 - 12:00','室内A1变更(10:00-12:00 )'),(208,'俞晓航',9,'10:00-12:00 ','change','2012-07-28 02:10:31','2012-07-28 02:10:31','192.168.0.3','BookRecord',29,'刘少伟','室内A4','2012-07-28 02:00:00','10:00 - 12:00','室内A4变更(10:00-12:00 )'),(209,'俞晓航',9,'11:00-12:00','book','2012-07-28 02:28:22','2012-07-28 02:28:22','192.168.0.3','BookRecord',30,'刘少伟','室内A1','2012-07-29 03:00:00','11:00 - 12:00','室内A1预定(11:00-12:00)'),(210,'俞晓航',9,'11:00-12:00','book','2012-07-28 02:28:42','2012-07-28 02:28:42','192.168.0.3','BookRecord',31,'刘少伟','室内A2','2012-07-29 03:00:00','11:00 - 12:00','室内A2预定(11:00-12:00)'),(211,'俞晓航',9,'13:00-15:00','book','2012-07-28 02:29:07','2012-07-28 02:29:07','192.168.0.3','BookRecord',32,'刘少伟','室内A1','2012-07-29 05:00:00','13:00 - 15:00','室内A1预定(13:00-15:00)'),(212,'俞晓航',9,'15:00-17:00','book','2012-07-28 02:29:30','2012-07-28 02:29:30','192.168.0.3','BookRecord',33,'刘少伟','室内A1','2012-07-29 07:00:00','15:00 - 17:00','室内A1预定(15:00-17:00)'),(213,'俞晓航',9,'15:00-17:00','book','2012-07-28 02:29:45','2012-07-28 02:29:45','192.168.0.3','BookRecord',34,'刘少伟','室内A2','2012-07-29 07:00:00','15:00 - 17:00','室内A2预定(15:00-17:00)'),(214,'俞晓航',9,'18:00-19:00','book','2012-07-28 02:30:12','2012-07-28 02:30:12','192.168.0.3','BookRecord',35,'刘少伟','室内A1','2012-07-29 10:00:00','18:00 - 19:00','室内A1预定(18:00-19:00)'),(215,'俞晓航',9,'18:00-20:00','book','2012-07-28 02:31:46','2012-07-28 02:31:46','192.168.0.3','BookRecord',36,'杨杰','室内A4','2012-07-29 10:00:00','18:00 - 20:00','室内A4预定(18:00-20:00)'),(216,'俞晓航',9,'18:00-20:00','cancel','2012-07-28 02:32:12','2012-07-28 02:32:12','192.168.0.3','BookRecord',23,'杨杰','室内A2','2012-07-28 10:00:00','18:00 - 20:00','室内A2取消预定(18:00-20:00)'),(217,'俞晓航',9,'8:00-10:00','book','2012-07-28 02:39:43','2012-07-28 02:39:43','192.168.0.3','BookRecord',37,'郭俊辰','室内A2','2012-07-28 00:00:00','8:00 - 10:00','室内A2预定(8:00-10:00)'),(218,'俞晓航',9,'','balance','2012-07-28 02:40:29','2012-07-28 02:40:29','192.168.0.3','BookRecord',37,'郭俊辰','室内A2','2012-07-28 00:00:00','8:00 - 10:00','室内A2结算()'),(219,'俞晓航',9,'','balance','2012-07-28 03:58:45','2012-07-28 03:58:45','192.168.0.3','BookRecord',25,'赵小川','室内A3','2012-07-28 02:00:00','10:00 - 12:00','室内A3结算()'),(220,'俞晓航',9,'18:00-19:00','book','2012-07-28 04:25:15','2012-07-28 04:25:15','192.168.0.3','BookRecord',39,'史兴宇','室内A1','2012-07-31 10:00:00','18:00 - 19:00','室内A1预定(18:00-19:00)'),(221,'俞晓航',9,'19:00-21:00','book','2012-07-28 04:33:20','2012-07-28 04:33:20','192.168.0.3','BookRecord',40,'陈继生（中欧）','室内A3','2012-08-01 11:00:00','19:00 - 21:00','室内A3预定(19:00-21:00)'),(222,'俞晓航',9,'19:00-21:00','book','2012-07-28 04:33:39','2012-07-28 04:33:39','192.168.0.3','BookRecord',41,'陈继生（中欧）','室内A4','2012-08-01 11:00:00','19:00 - 21:00','室内A4预定(19:00-21:00)'),(223,'俞晓航',9,'7:00-9:00','book','2012-07-28 05:15:20','2012-07-28 05:15:20','192.168.0.3','BookRecord',42,'袁永鑫','室内B1','2012-07-28 23:00:00','7:00 - 9:00','室内B1预定(7:00-9:00)'),(224,'俞晓航',9,'18:00-21:00','book','2012-07-28 05:38:58','2012-07-28 05:38:58','192.168.0.3','BookRecord',43,'黄主任','室内A3','2012-07-29 10:00:00','18:00 - 21:00','室内A3预定(18:00-21:00)'),(225,'俞晓航',9,'18:00-20:00','book','2012-07-28 05:40:26','2012-07-28 05:40:26','192.168.0.3','BookRecord',44,'黄主任','室内A1','2012-07-28 10:00:00','18:00 - 20:00','室内A1预定(18:00-20:00)'),(226,'俞晓航',9,'14:00-15:00','book','2012-07-28 05:59:13','2012-07-28 05:59:13','192.168.0.3','BookRecord',45,'郭琪','室内A2','2012-07-28 06:00:00','14:00 - 15:00','室内A2预定(14:00-15:00)'),(227,'俞晓航',9,'14:00-15:00','activate','2012-07-28 06:02:25','2012-07-28 06:02:25','192.168.0.3','BookRecord',45,'郭琪','室内A2','2012-07-28 06:00:00','14:00 - 15:00','室内A2开场(14:00-15:00)');
/*!40000 ALTER TABLE `logs` ENABLE KEYS */;
UNLOCK TABLES;

--
-- Table structure for table `member_card_granters`
--

DROP TABLE IF EXISTS `member_card_granters`;
/*!40101 SET @saved_cs_client     = @@character_set_client */;
/*!40101 SET character_set_client = utf8 */;
CREATE TABLE `member_card_granters` (
  `id` int(11) NOT NULL AUTO_INCREMENT,
  `member_card_id` int(11) DEFAULT NULL,
  `granter_id` int(11) DEFAULT NULL,
  `member_id` int(11) DEFAULT NULL,
  `created_at` datetime DEFAULT NULL,
  `updated_at` datetime DEFAULT NULL,
  `state` varchar(255) COLLATE utf8_unicode_ci DEFAULT NULL,
  PRIMARY KEY (`id`)
) ENGINE=InnoDB DEFAULT CHARSET=utf8 COLLATE=utf8_unicode_ci;
/*!40101 SET character_set_client = @saved_cs_client */;

--
-- Dumping data for table `member_card_granters`
--

LOCK TABLES `member_card_granters` WRITE;
/*!40000 ALTER TABLE `member_card_granters` DISABLE KEYS */;
/*!40000 ALTER TABLE `member_card_granters` ENABLE KEYS */;
UNLOCK TABLES;

--
-- Table structure for table `member_cards`
--

DROP TABLE IF EXISTS `member_cards`;
/*!40101 SET @saved_cs_client     = @@character_set_client */;
/*!40101 SET character_set_client = utf8 */;
CREATE TABLE `member_cards` (
  `id` int(11) NOT NULL AUTO_INCREMENT,
  `member_id` int(11) DEFAULT NULL,
  `card_id` int(11) DEFAULT NULL,
  `card_serial_num` varchar(255) COLLATE utf8_unicode_ci DEFAULT NULL,
  `left_fee` decimal(10,2) DEFAULT '0.00',
  `left_times` int(11) DEFAULT '0',
  `expire_date` datetime DEFAULT NULL,
  `description` text COLLATE utf8_unicode_ci,
  `user_id` int(11) DEFAULT NULL,
  `password` varchar(255) COLLATE utf8_unicode_ci DEFAULT NULL,
  `state` varchar(255) COLLATE utf8_unicode_ci DEFAULT NULL,
  `created_at` datetime DEFAULT NULL,
  `updated_at` datetime DEFAULT NULL,
  PRIMARY KEY (`id`)
) ENGINE=InnoDB AUTO_INCREMENT=122 DEFAULT CHARSET=utf8 COLLATE=utf8_unicode_ci;
/*!40101 SET character_set_client = @saved_cs_client */;

--
-- Dumping data for table `member_cards`
--

LOCK TABLES `member_cards` WRITE;
/*!40000 ALTER TABLE `member_cards` DISABLE KEYS */;
INSERT INTO `member_cards` VALUES (1,1,1,'A000001',2150.00,0,'2013-03-23 16:00:00','',NULL,NULL,'enabled','2012-07-24 05:16:25','2012-07-24 05:16:25'),(2,2,1,'A000003',2795.00,0,'2013-03-28 16:00:00','',NULL,NULL,'enabled','2012-07-24 05:22:34','2012-07-24 05:22:34'),(3,3,1,'A000005',2105.00,0,'2013-04-14 16:00:00','',NULL,NULL,'enabled','2012-07-24 05:28:00','2012-07-24 05:28:00'),(4,4,1,'A000006',4020.00,0,'2013-04-23 16:00:00','',NULL,NULL,'enabled','2012-07-24 05:31:19','2012-07-24 05:31:19'),(5,5,1,'A000007',4850.00,0,'2013-04-18 16:00:00','',NULL,NULL,'enabled','2012-07-24 05:35:55','2012-07-24 05:35:55'),(6,6,1,'A000008',170.00,0,'2013-04-20 16:00:00','',NULL,NULL,'enabled','2012-07-24 05:38:55','2012-07-24 05:38:55'),(7,7,1,'A000009',1895.00,0,'2013-04-25 16:00:00','',NULL,NULL,'enabled','2012-07-24 05:42:54','2012-07-24 05:42:54'),(8,8,1,'A000010',4580.00,0,'2013-04-28 16:00:00','',NULL,NULL,'enabled','2012-07-24 05:45:30','2012-07-24 05:45:30'),(9,9,1,'A000011',2560.00,0,'2013-05-04 16:00:00','',NULL,NULL,'enabled','2012-07-24 05:47:55','2012-07-24 05:47:55'),(10,10,1,'A000012',4677.00,0,'2013-05-04 16:00:00','',NULL,NULL,'enabled','2012-07-24 05:51:09','2012-07-24 05:51:09'),(11,11,1,'A000013',2572.00,0,'2013-05-06 16:00:00','',NULL,NULL,'enabled','2012-07-24 05:53:40','2012-07-24 05:53:40'),(13,12,1,'A000014',3090.00,0,'2013-05-08 16:00:00','',NULL,NULL,'enabled','2012-07-24 06:06:24','2012-07-24 06:06:24'),(14,18,1,'A000016',3260.00,0,'2013-05-05 16:00:00','',NULL,NULL,'enabled','2012-07-24 06:09:15','2012-07-24 06:09:15'),(15,21,1,'A000017',5000.00,0,'2013-05-11 16:00:00','',NULL,NULL,'enabled','2012-07-24 06:13:57','2012-07-24 06:13:57'),(16,24,1,'A000018',3950.00,0,'2013-05-25 16:00:00','',NULL,NULL,'enabled','2012-07-24 06:16:24','2012-07-24 06:16:24'),(17,27,1,'A000019',2530.00,0,'2013-05-25 16:00:00','',NULL,NULL,'enabled','2012-07-24 06:19:22','2012-07-24 06:19:22'),(18,31,1,'A000020',3911.00,0,'2013-05-28 16:00:00','',NULL,NULL,'enabled','2012-07-24 06:24:10','2012-07-24 06:24:10'),(19,36,1,'A000021',2660.00,0,'2013-05-30 16:00:00','',NULL,NULL,'enabled','2012-07-24 06:28:43','2012-07-24 06:28:43'),(20,40,1,'A000022',3864.00,0,'2013-06-01 16:00:00','',NULL,NULL,'enabled','2012-07-24 06:31:25','2012-07-24 06:31:25'),(21,45,1,'A000023',2888.00,0,'2013-06-01 16:00:00','',NULL,NULL,'enabled','2012-07-24 06:35:15','2012-07-24 06:35:15'),(22,50,1,'A000024',2971.00,0,'2013-06-01 16:00:00','',NULL,NULL,'enabled','2012-07-24 06:39:27','2012-07-24 06:39:27'),(23,52,1,'A000025',4280.00,0,'2013-06-07 16:00:00','',NULL,NULL,'enabled','2012-07-24 06:41:25','2012-07-24 06:41:25'),(24,56,1,'A000027',4790.00,0,'2013-06-09 16:00:00','',NULL,NULL,'enabled','2012-07-24 06:45:02','2012-07-24 06:45:02'),(25,63,1,'A000028',4930.00,0,'2013-06-16 16:00:00','',NULL,NULL,'enabled','2012-07-24 06:48:24','2012-07-24 06:48:24'),(26,68,1,'A000029',3216.00,0,'2013-06-16 16:00:00','',NULL,NULL,'enabled','2012-07-24 06:50:29','2012-07-24 06:50:29'),(27,74,1,'A000030',4720.00,0,'2013-06-16 16:00:00','',NULL,NULL,'enabled','2012-07-24 06:52:43','2012-07-24 06:52:43'),(28,78,1,'A000031',4827.00,0,'2013-06-18 16:00:00','',NULL,NULL,'enabled','2012-07-24 06:55:38','2012-07-24 06:55:38'),(29,82,1,'A000032',3854.00,0,'2013-06-22 16:00:00','',NULL,NULL,'enabled','2012-07-24 06:57:17','2012-07-24 06:57:17'),(30,87,1,'A000033',4425.00,0,'2013-06-29 16:00:00','',NULL,NULL,'enabled','2012-07-24 07:00:04','2012-07-24 07:00:04'),(31,102,1,'A000034',4390.00,0,'2013-06-29 16:00:00','',NULL,NULL,'enabled','2012-07-24 07:17:16','2012-07-24 07:17:16'),(32,103,1,'A000035',4008.00,0,'2013-06-29 16:00:00','',NULL,NULL,'enabled','2012-07-24 07:20:56','2012-07-24 07:20:56'),(33,104,1,'A000036',3870.00,0,'2013-06-30 16:00:00','',NULL,NULL,'enabled','2012-07-24 07:26:29','2012-07-24 07:26:29'),(34,105,1,'A000037',5000.00,0,'2013-07-02 16:00:00','',NULL,NULL,'enabled','2012-07-24 07:30:18','2012-07-24 07:30:18'),(35,106,1,'A000038',4690.00,0,'2013-07-06 16:00:00','',NULL,NULL,'enabled','2012-07-24 07:35:04','2012-07-24 07:35:04'),(37,108,1,'A000040',3440.00,0,'2013-07-09 16:00:00','',NULL,NULL,'enabled','2012-07-24 07:46:03','2012-07-24 07:46:03'),(38,109,1,'A000041',4920.00,0,'2013-07-11 16:00:00','',NULL,NULL,'enabled','2012-07-24 07:49:59','2012-07-24 07:49:59'),(39,110,1,'A000042',4698.00,0,'2013-07-12 16:00:00','',NULL,NULL,'enabled','2012-07-24 07:52:24','2012-07-24 07:52:24'),(40,111,1,'A000043',4730.00,0,'2013-07-13 16:00:00','',NULL,NULL,'enabled','2012-07-24 07:55:43','2012-07-24 07:55:43'),(41,112,1,'A000044',3110.00,0,'2013-07-14 16:00:00','',NULL,NULL,'enabled','2012-07-24 08:02:38','2012-07-24 08:02:38'),(42,13,1,'A000045',3910.00,0,'2013-07-14 16:00:00','',NULL,NULL,'enabled','2012-07-24 08:04:36','2012-07-24 08:04:36'),(43,14,1,'A000046',3200.00,0,'2013-07-14 16:00:00','',NULL,NULL,'enabled','2012-07-24 08:07:30','2012-07-24 08:07:30'),(44,15,1,'A000047',4630.00,0,'2013-07-15 16:00:00','',NULL,NULL,'enabled','2012-07-24 08:08:45','2012-07-24 08:08:45'),(45,16,1,'A000048',4640.00,0,'2013-07-18 16:00:00','',NULL,NULL,'enabled','2012-07-24 08:09:54','2012-07-24 08:09:54'),(46,17,1,'A000049',4418.00,0,'2013-07-19 16:00:00','',NULL,NULL,'enabled','2012-07-24 08:11:04','2012-07-24 08:11:04'),(47,19,1,'A000050',4900.00,0,'2013-07-21 16:00:00','',NULL,NULL,'enabled','2012-07-24 08:12:50','2012-07-24 08:12:50'),(48,20,1,'A000051',4250.00,0,'2013-07-22 16:00:00','',NULL,NULL,'enabled','2012-07-24 08:14:14','2012-07-28 02:40:29'),(49,22,2,'B000001',3320.00,0,'2013-03-21 16:00:00','',NULL,NULL,'enabled','2012-07-24 08:17:40','2012-07-24 08:17:40'),(50,25,2,'B000003',8000.00,0,'2013-04-17 16:00:00','',NULL,NULL,'enabled','2012-07-24 08:22:30','2012-07-24 08:22:30'),(51,26,2,'B000004',9193.00,0,'2013-05-27 16:00:00','',NULL,NULL,'enabled','2012-07-24 08:23:37','2012-07-24 08:23:37'),(52,28,2,'B000005',8287.00,0,'2013-05-27 16:00:00','',NULL,NULL,'enabled','2012-07-24 08:25:14','2012-07-24 08:25:14'),(53,47,2,'B000006',9936.00,0,'2013-05-29 16:00:00','',NULL,NULL,'enabled','2012-07-24 08:27:49','2012-07-24 08:27:49'),(54,30,2,'B000007',9260.00,0,'2013-06-13 16:00:00','',NULL,NULL,'enabled','2012-07-24 08:29:07','2012-07-24 08:29:07'),(55,32,2,'B000008',10000.00,0,'2013-06-14 16:00:00','',NULL,NULL,'enabled','2012-07-24 08:30:34','2012-07-24 08:30:34'),(56,33,2,'B000009',8740.00,0,'2013-06-16 16:00:00','',NULL,NULL,'enabled','2012-07-24 08:32:41','2012-07-24 08:32:41'),(57,34,2,'B000010',8480.00,0,'2013-06-21 16:00:00','',NULL,NULL,'enabled','2012-07-24 08:34:55','2012-07-24 08:34:55'),(58,35,2,'B000011',9460.00,0,'2013-06-23 16:00:00','',NULL,NULL,'enabled','2012-07-24 08:36:15','2012-07-24 08:36:15'),(59,37,2,'B000012',7106.00,0,'2013-06-27 16:00:00','',NULL,NULL,'enabled','2012-07-24 08:37:31','2012-07-24 08:37:31'),(60,38,2,'B000013',9530.00,0,'2013-07-15 16:00:00','',NULL,NULL,'enabled','2012-07-24 08:38:50','2012-07-27 13:32:38'),(61,39,2,'B000015',8196.00,0,'2013-07-04 16:00:00','',NULL,NULL,'enabled','2012-07-24 08:40:37','2012-07-26 12:15:38'),(62,41,2,'B000016',10000.00,0,'2013-07-18 16:00:00','',NULL,NULL,'enabled','2012-07-24 08:45:19','2012-07-24 08:45:19'),(63,23,2,'B000017',10100.00,0,'2013-07-22 16:00:00','',NULL,NULL,'enabled','2012-07-24 08:47:31','2012-07-24 08:47:31'),(64,43,3,'C000001',17499.00,0,'2013-03-30 16:00:00','',NULL,NULL,'enabled','2012-07-24 08:49:52','2012-07-28 03:58:45'),(65,44,3,'C000002',20000.00,0,'2013-04-26 16:00:00','',NULL,NULL,'enabled','2012-07-24 08:50:56','2012-07-24 08:50:56'),(66,46,3,'C000003',17492.00,0,'2013-05-04 16:00:00','',NULL,NULL,'enabled','2012-07-24 08:52:07','2012-07-24 08:52:07'),(67,47,3,'C000004',16450.00,0,'2013-05-29 16:00:00','',NULL,NULL,'enabled','2012-07-24 08:55:12','2012-07-24 08:55:12'),(69,49,3,'C000006',17860.00,0,'2013-06-08 16:00:00','',NULL,NULL,'enabled','2012-07-24 08:58:55','2012-07-24 08:58:55'),(70,51,3,'C000007',10180.00,0,'2013-07-07 16:00:00','',NULL,NULL,'enabled','2012-07-24 09:00:25','2012-07-24 09:00:25'),(71,53,3,'C000008',18740.00,0,'2013-07-07 16:00:00','',NULL,NULL,'enabled','2012-07-24 09:02:33','2012-07-24 09:02:33'),(72,54,3,'C000009',18255.00,0,'2013-07-09 16:00:00','',NULL,NULL,'enabled','2012-07-24 09:03:39','2012-07-26 13:25:29'),(74,55,8,'S100001',0.00,22,'2013-03-20 16:00:00','',NULL,NULL,'enabled','2012-07-24 09:13:55','2012-07-24 09:13:55'),(75,57,8,'S100002',0.00,28,'2013-03-25 16:00:00','',NULL,NULL,'enabled','2012-07-24 09:14:30','2012-07-24 09:14:30'),(76,58,8,'S100003',0.00,25,'2013-04-01 16:00:00','',NULL,NULL,'enabled','2012-07-24 09:15:31','2012-07-24 09:15:31'),(77,59,8,'S100004',0.00,19,'2013-04-05 16:00:00','',NULL,NULL,'enabled','2012-07-24 09:16:37','2012-07-24 09:16:37'),(78,60,8,'S100005',0.00,10,'2013-04-07 16:00:00','',NULL,NULL,'enabled','2012-07-24 09:17:27','2012-07-24 09:17:27'),(79,61,8,'S100006',0.00,15,'2013-04-11 16:00:00','',NULL,NULL,'enabled','2012-07-24 09:18:30','2012-07-24 09:18:30'),(80,64,8,'S100007',0.00,20,'2013-04-30 16:00:00','',NULL,NULL,'enabled','2012-07-24 09:20:21','2012-07-24 09:20:21'),(81,65,8,'S100008',0.00,26,'2013-05-06 16:00:00','',NULL,NULL,'enabled','2012-07-24 09:21:15','2012-07-24 09:21:15'),(82,6,8,'S100009',0.00,8,'2013-04-15 16:00:00','',NULL,NULL,'enabled','2012-07-24 09:23:32','2012-07-24 09:23:32'),(83,83,8,'S100010',0.00,26,'2013-05-08 16:00:00','',NULL,NULL,'enabled','2012-07-24 09:24:29','2012-07-24 09:24:29'),(84,66,8,'S100011',0.00,24,'2013-05-21 16:00:00','',NULL,NULL,'enabled','2012-07-24 09:25:41','2012-07-24 09:25:41'),(85,67,8,'S100012',0.00,29,'2013-05-23 16:00:00','',NULL,NULL,'enabled','2012-07-24 09:26:37','2012-07-24 09:26:37'),(86,69,8,'S100013',0.00,23,'2013-05-28 16:00:00','',NULL,NULL,'enabled','2012-07-24 09:28:09','2012-07-24 09:28:09'),(87,70,8,'S100014',0.00,30,'2013-06-09 16:00:00','',NULL,NULL,'enabled','2012-07-24 09:28:55','2012-07-24 09:28:55'),(88,71,8,'S100015',0.00,28,'2013-06-09 16:00:00','',NULL,NULL,'enabled','2012-07-24 09:29:45','2012-07-24 09:29:45'),(89,72,8,'S100016',0.00,26,'2013-06-12 16:00:00','',NULL,NULL,'enabled','2012-07-24 09:30:37','2012-07-24 09:30:37'),(90,73,8,'S100017',0.00,25,'2013-06-13 16:00:00','',NULL,NULL,'enabled','2012-07-24 09:31:36','2012-07-24 09:31:36'),(91,75,8,'S100018',0.00,29,'2013-06-13 16:00:00','',NULL,NULL,'enabled','2012-07-24 09:32:23','2012-07-24 09:32:23'),(92,76,8,'S100019',0.00,25,'2013-06-24 16:00:00','',NULL,NULL,'enabled','2012-07-24 09:33:09','2012-07-24 09:33:09'),(93,77,8,'S100020',0.00,24,'2013-06-26 16:00:00','',NULL,NULL,'enabled','2012-07-24 09:33:53','2012-07-24 09:33:53'),(94,81,8,'S100021',0.00,20,'2013-07-09 16:00:00','',NULL,NULL,'enabled','2012-07-24 09:34:44','2012-07-24 09:34:44'),(95,80,8,'S100022',0.00,27,'2013-07-17 16:00:00','',NULL,NULL,'enabled','2012-07-24 09:35:46','2012-07-24 09:35:46'),(96,79,8,'S100024',0.00,30,'2013-07-16 16:00:00','',NULL,NULL,'enabled','2012-07-24 09:36:54','2012-07-24 09:36:54'),(97,84,9,'S200001',0.00,27,'2013-03-26 16:00:00','',NULL,NULL,'enabled','2012-07-24 09:42:47','2012-07-24 09:42:47'),(98,85,9,'S200002',0.00,18,'2013-04-07 16:00:00','',NULL,NULL,'enabled','2012-07-24 09:43:29','2012-07-24 09:43:29'),(99,86,9,'S200003',0.00,20,'2013-04-16 16:00:00','',NULL,NULL,'enabled','2012-07-24 09:44:21','2012-07-24 09:44:21'),(100,88,9,'S200004',0.00,28,'2013-04-19 16:00:00','',NULL,NULL,'enabled','2012-07-24 09:45:14','2012-07-24 09:45:14'),(101,89,9,'S200005',0.00,2,'2013-04-25 16:00:00','',NULL,NULL,'enabled','2012-07-24 09:45:55','2012-07-24 09:45:55'),(102,90,9,'S200006',0.00,19,'2013-04-28 16:00:00','',NULL,NULL,'enabled','2012-07-24 09:46:52','2012-07-24 09:46:52'),(103,91,9,'S200007',0.00,12,'2013-05-03 16:00:00','',NULL,NULL,'enabled','2012-07-24 09:47:26','2012-07-24 09:47:26'),(104,92,9,'S200008',0.00,23,'2013-05-21 16:00:00','',NULL,NULL,'enabled','2012-07-24 09:48:11','2012-07-24 09:48:11'),(105,93,9,'S200009',0.00,21,'2013-05-21 16:00:00','',NULL,NULL,'enabled','2012-07-24 09:49:03','2012-07-24 09:49:03'),(106,94,9,'S200010',0.00,25,'2013-06-07 16:00:00','',NULL,NULL,'enabled','2012-07-24 09:50:30','2012-07-24 09:50:30'),(107,95,9,'S200011',0.00,26,'2013-07-07 16:00:00','',NULL,NULL,'enabled','2012-07-24 09:52:16','2012-07-24 09:52:16'),(108,96,9,'S200012',0.00,30,'2013-07-21 16:00:00','',NULL,NULL,'enabled','2012-07-24 09:53:54','2012-07-24 09:53:54'),(109,97,4,'D000001',0.00,0,'2013-06-28 16:00:00','',NULL,NULL,'enabled','2012-07-24 10:05:15','2012-07-24 10:05:15'),(114,98,5,'E000001',0.00,14,'2013-07-12 16:00:00','',NULL,NULL,'enabled','2012-07-25 04:42:54','2012-07-27 14:27:36'),(115,99,5,'E000002',0.00,26,'2013-07-19 16:00:00','',NULL,NULL,'enabled','2012-07-25 04:48:14','2012-07-27 12:33:48'),(116,100,7,'F000001',20000.00,88,'2013-06-23 16:00:00','',NULL,NULL,'enabled','2012-07-25 04:49:35','2012-07-25 04:49:35'),(117,101,7,'F000002',7832.00,96,'2013-07-01 16:00:00','',NULL,NULL,'enabled','2012-07-25 04:50:55','2012-07-25 04:50:55'),(118,113,11,'VIP00001',0.00,0,'2013-07-24 16:00:00','',NULL,NULL,'enabled','2012-07-25 06:02:24','2012-07-25 06:02:24'),(119,114,8,'S100023',0.00,30,'2013-07-23 16:00:00','',NULL,NULL,'enabled','2012-07-25 08:01:25','2012-07-25 08:01:25'),(120,115,3,'C000010',20000.00,0,'2013-07-24 16:00:00','',NULL,NULL,'enabled','2012-07-25 08:04:43','2012-07-25 08:04:43'),(121,48,3,'C000005',3348.00,0,'2013-05-11 16:00:00','',NULL,NULL,'enabled','2012-07-27 09:34:04','2012-07-27 12:47:14');
/*!40000 ALTER TABLE `member_cards` ENABLE KEYS */;
UNLOCK TABLES;

--
-- Table structure for table `members`
--

DROP TABLE IF EXISTS `members`;
/*!40101 SET @saved_cs_client     = @@character_set_client */;
/*!40101 SET character_set_client = utf8 */;
CREATE TABLE `members` (
  `id` int(11) NOT NULL AUTO_INCREMENT,
  `name` varchar(255) COLLATE utf8_unicode_ci DEFAULT NULL,
  `name_pinyin` varchar(255) COLLATE utf8_unicode_ci DEFAULT NULL,
  `pinyin_abbr` varchar(255) COLLATE utf8_unicode_ci DEFAULT NULL,
  `nickname` varchar(255) COLLATE utf8_unicode_ci DEFAULT NULL,
  `gender` varchar(255) COLLATE utf8_unicode_ci DEFAULT NULL,
  `birthday` date DEFAULT NULL,
  `telephone` varchar(255) COLLATE utf8_unicode_ci DEFAULT NULL,
  `mobile` varchar(255) COLLATE utf8_unicode_ci DEFAULT NULL,
  `email` varchar(255) COLLATE utf8_unicode_ci DEFAULT NULL,
  `address` varchar(255) COLLATE utf8_unicode_ci DEFAULT NULL,
  `job` varchar(255) COLLATE utf8_unicode_ci DEFAULT NULL,
  `cert_type` int(11) DEFAULT NULL,
  `cert_num` varchar(255) COLLATE utf8_unicode_ci DEFAULT NULL,
  `memo` varchar(255) COLLATE utf8_unicode_ci DEFAULT NULL,
  `mentor` varchar(255) COLLATE utf8_unicode_ci DEFAULT NULL,
  `fax` int(11) DEFAULT NULL,
  `description` text COLLATE utf8_unicode_ci,
  `state` varchar(255) COLLATE utf8_unicode_ci DEFAULT NULL,
  `granter` tinyint(1) DEFAULT NULL,
  `created_at` datetime DEFAULT NULL,
  `updated_at` datetime DEFAULT NULL,
  `standby_phone` varchar(16) COLLATE utf8_unicode_ci NOT NULL DEFAULT '',
  `consume_amount` decimal(10,0) NOT NULL DEFAULT '0',
  `consume_counter` int(11) NOT NULL DEFAULT '0',
  PRIMARY KEY (`id`)
) ENGINE=InnoDB AUTO_INCREMENT=116 DEFAULT CHARSET=utf8 COLLATE=utf8_unicode_ci;
/*!40101 SET character_set_client = @saved_cs_client */;

--
-- Dumping data for table `members`
--

LOCK TABLES `members` WRITE;
/*!40000 ALTER TABLE `members` DISABLE KEYS */;
INSERT INTO `members` VALUES (1,'李燕','liyan','ly','','2','1979-09-01','','13693365715','LiYan7991@hotmail.com','',NULL,9,'',NULL,'',NULL,'','enabled',NULL,'2012-07-24 05:10:53','2012-07-24 05:10:53','',0,0),(2,'周建平','zhoujianping','zjp','','1','1986-04-20','','13811990974','wenchenzjp198604@163.com','',NULL,9,'',NULL,'',NULL,'','enabled',NULL,'2012-07-24 05:20:36','2012-07-24 05:20:36','',0,0),(3,'崔健','cuijian','cj','','1','2001-03-10','','13381151022','bjdfms615801@yahoo.com.cn','',NULL,9,'',NULL,'',NULL,'','enabled',NULL,'2012-07-24 05:26:33','2012-07-24 05:26:33','',0,0),(4,'杨洋','yangyang','yy','','1',NULL,'','18910828566','','',NULL,9,'',NULL,'',NULL,'','enabled',NULL,'2012-07-24 05:29:33','2012-07-24 05:29:33','',0,0),(5,'张轶文','zhangyiwen','zyw','','2','1981-06-22','','13910503030','','',NULL,9,'',NULL,'',NULL,'','enabled',NULL,'2012-07-24 05:34:36','2012-07-24 05:34:36','',0,0),(6,'王敏','wangmin','wm','','1',NULL,'','13811009113','','海淀区农大南路博雅西园',NULL,9,'',NULL,'',NULL,'','enabled',NULL,'2012-07-24 05:38:00','2012-07-24 05:38:00','13910019175',0,0),(7,'王学辉','wangxuehui','wxh','','1','1981-11-13','','13910135902','wxh@ili2hi.com','',NULL,9,'',NULL,'',NULL,'','enabled',NULL,'2012-07-24 05:41:50','2012-07-24 05:41:50','',0,0),(8,'温宏','wenhong','wh','','1',NULL,'','18601355658','','',NULL,9,'',NULL,'',NULL,'','enabled',NULL,'2012-07-24 05:44:39','2012-07-24 05:44:39','',0,0),(9,'王锦涛','wangjintao','wjt','','1',NULL,'','13910955456','','',NULL,9,'',NULL,'',NULL,'','enabled',NULL,'2012-07-24 05:47:05','2012-07-24 05:47:05','',0,0),(10,'薛蛮','xueman','xm','','1',NULL,'','13901213788','','',NULL,9,'',NULL,'',NULL,'','enabled',NULL,'2012-07-24 05:50:20','2012-07-24 05:50:20','',0,0),(11,'苏军','su-jun','s-','','1',NULL,'','15901269117','','',NULL,9,'',NULL,'',NULL,'','enabled',NULL,'2012-07-24 05:52:51','2012-07-24 05:52:51','',0,0),(12,'王乐林','wanglelin','wll','','1','1985-10-13','','18701572553','wangyuelin_sue@163.com','朝阳门外北大街22号',NULL,9,'',NULL,'',NULL,'','enabled',NULL,'2012-07-24 05:54:55','2012-07-24 05:59:46','',0,0),(13,'吴淑红','wushuhong','wsh','','2','1971-08-14','','13911888019','wush@petrochina.com.cn','',NULL,9,'',NULL,'',NULL,'','enabled',NULL,'2012-07-24 06:02:11','2012-07-24 06:02:11','',0,0),(14,'樊舒非','fanshufei','fsf','','1',NULL,'','13911368839','','',NULL,9,'',NULL,'',NULL,'','enabled',NULL,'2012-07-24 06:03:47','2012-07-24 08:06:53','',0,0),(15,'刘力','liuli','ll','','2',NULL,'','13651303598','shijunniuniu@163.com','',NULL,9,'',NULL,'',NULL,'','enabled',NULL,'2012-07-24 06:05:43','2012-07-24 06:05:43','',0,0),(16,'赵强','zhaoqiang','zq','','2',NULL,'','13311367766','zq6939@126.com','',NULL,9,'',NULL,'',NULL,'','enabled',NULL,'2012-07-24 06:06:34','2012-07-24 06:06:34','',0,0),(17,'徐彬','xubin','xb','','1',NULL,'','13901370605','itlawyer@263.net','',NULL,9,'',NULL,'',NULL,'','enabled',NULL,'2012-07-24 06:07:24','2012-07-24 06:07:24','',0,0),(18,'蔡红戈','caihongge','chg','','2',NULL,'','13601151006','','',NULL,9,'',NULL,'',NULL,'','enabled',NULL,'2012-07-24 06:08:02','2012-07-24 06:08:02','',0,0),(19,'刘健','liujian','lj','','1','1972-07-19','','13801031197','liujian@100.cn','',NULL,9,'',NULL,'',NULL,'','enabled',NULL,'2012-07-24 06:08:46','2012-07-24 06:08:46','',0,0),(20,'郭俊辰','guojunchen','gjc','','1','1996-04-22','','13051699713','guozhentuan@126.com','',NULL,9,'',NULL,'',NULL,'','enabled',NULL,'2012-07-24 06:10:59','2012-07-24 06:10:59','',0,0),(21,'余洪','yuhong','yh','','1','1972-01-01','','13901353333','yuhong@vipsina.com','',NULL,9,'',NULL,'',NULL,'','enabled',NULL,'2012-07-24 06:13:06','2012-07-24 06:13:06','',0,0),(22,'哈斯','hasi','hs','','2','1975-10-05','','13701314502','hasibao@spirent.com','',NULL,9,'',NULL,'',NULL,'','enabled',NULL,'2012-07-24 06:13:11','2012-07-24 06:13:11','',0,0),(23,'陈永生','chenyongsheng','cys','','2','1956-01-21','','13911126831','','',NULL,9,'',NULL,'',NULL,'','enabled',NULL,'2012-07-24 06:14:11','2012-07-24 06:14:11','',0,0),(24,'黄载旭','huangzaixu','hzx','','1',NULL,'','18618452402','','',NULL,9,'',NULL,'',NULL,'','enabled',NULL,'2012-07-24 06:15:33','2012-07-24 06:15:33','',0,0),(25,'郭晶涛','guojingtao','gjt','','1',NULL,'67194085','18701007327','traznzng@cdtennis.cn','',NULL,9,'',NULL,'',NULL,'','enabled',NULL,'2012-07-24 06:16:34','2012-07-24 06:16:34','',0,0),(26,'刘苑谊','liuyuanyi','lyy','','2',NULL,'','13901225881','cathyevan@hotmail.com','',NULL,9,'',NULL,'',NULL,'','enabled',NULL,'2012-07-24 06:18:31','2012-07-24 06:18:31','',0,0),(27,'杜乐怡','duleyi','dly','','2','1996-09-24','','15110111073','leyi0924@sina.com','',NULL,9,'',NULL,'',NULL,'','enabled',NULL,'2012-07-24 06:18:39','2012-07-24 06:18:39','',0,0),(28,'孟栓生','mengshuansheng','mss','','1','1969-07-13','','18611996777','','',NULL,9,'',NULL,'',NULL,'','enabled',NULL,'2012-07-24 06:19:17','2012-07-24 06:19:17','',0,0),(30,'刘建民','liujianmin','ljm','','1','1959-08-30','','13810569518','','',NULL,9,'',NULL,'',NULL,'','enabled',NULL,'2012-07-24 06:21:57','2012-07-24 06:22:18','',0,0),(31,'李维伟','liweiwei','lww','','1','1980-11-25','','13911391293','lww_5257@sina.com','北京市海淀区西土城路8号',NULL,9,'',NULL,'',NULL,'','enabled',NULL,'2012-07-24 06:22:51','2012-07-24 06:22:51','',0,0),(32,'曹戎','caorong','cr','','1',NULL,'','13611327335','','',NULL,9,'',NULL,'',NULL,'','enabled',NULL,'2012-07-24 06:23:45','2012-07-24 06:23:45','',0,0),(33,'何建锋','hejianfeng','hjf','吴蔚','1',NULL,'13911180337','18901396788','','',NULL,9,'',NULL,'',NULL,'','enabled',NULL,'2012-07-24 06:25:17','2012-07-24 06:25:17','',0,0),(34,'赵靖','zhaojing','zj','','1',NULL,'','13701062981','','',NULL,9,'',NULL,'',NULL,'','enabled',NULL,'2012-07-24 06:26:12','2012-07-24 08:34:17','',0,0),(35,'张永红','zhangyonghong','zyh','','1','1984-08-16','','13522608700','','',NULL,9,'',NULL,'',NULL,'','enabled',NULL,'2012-07-24 06:27:04','2012-07-24 06:27:04','',0,0),(36,'贾培勤','jiapeiqin','jpq','','1',NULL,'','13901027522','jpq513@163.com','北三环西路48号3号楼',NULL,9,'',NULL,'',NULL,'','enabled',NULL,'2012-07-24 06:27:43','2012-07-24 06:27:43','',0,0),(37,'彭冠骐','pengguanqi','pgq','','1','2002-07-16','','13501072103','','',NULL,9,'',NULL,'',NULL,'','enabled',NULL,'2012-07-24 06:28:18','2012-07-24 06:28:18','',0,0),(38,'周大农','zhoudanong','zdn','','1','1958-01-20','','13901034450','zhoudanong@vip.163.com','',NULL,9,'',NULL,'',NULL,'','enabled',NULL,'2012-07-24 06:29:21','2012-07-24 06:29:21','',0,0),(39,'唐文军','tangwen-jun','tw-','','1',NULL,'','13601018806','','',NULL,9,'',NULL,'',NULL,'','enabled',NULL,'2012-07-24 06:30:06','2012-07-24 06:30:06','',0,0),(40,'康一','kangyi','ky','','1',NULL,'','13564317575','','',NULL,9,'',NULL,'',NULL,'','enabled',NULL,'2012-07-24 06:30:29','2012-07-24 06:30:29','',0,0),(41,'路丹','ludan','ld','','2',NULL,'','13401053683','','',NULL,9,'',NULL,'',NULL,'','enabled',NULL,'2012-07-24 06:30:46','2012-07-24 08:41:45','',0,0),(43,'赵小川','zhaoxiaochuan','zxc','','1','1983-06-03','','13901386617','','',NULL,9,'',NULL,'',NULL,'','enabled',NULL,'2012-07-24 06:33:12','2012-07-24 06:33:12','',0,0),(44,'林亮','linliang','ll','','1','1984-04-27','','13901300921','','',NULL,9,'',NULL,'',NULL,'','enabled',NULL,'2012-07-24 06:34:09','2012-07-24 06:34:09','',0,0),(45,'吕炎强','lu:yanqiang','lyq','','1','1968-10-28','','13585735800','brucellui001@hotmail.com','',NULL,9,'',NULL,'',NULL,'','enabled',NULL,'2012-07-24 06:34:28','2012-07-24 06:34:28','',0,0),(46,'计保军','jibao-jun','jb-','','1',NULL,'13693540689','13366591988','','',NULL,9,'',NULL,'',NULL,'','enabled',NULL,'2012-07-24 06:35:08','2012-07-24 06:35:08','',0,0),(47,'田顺华','tianshunhua','tsh','','1','1963-08-04','','13621273237','shunTCN@yahoo.com.CN','',NULL,9,'',NULL,'',NULL,'','enabled',NULL,'2012-07-24 06:36:24','2012-07-24 06:36:24','',0,0),(48,'徐杰','xujie','xj','贾旭光','1',NULL,'13910019175','13661069303','','',NULL,9,'',NULL,'',NULL,'','enabled',NULL,'2012-07-24 06:37:13','2012-07-24 06:37:13','',0,0),(49,'袁永鑫','yuanyongxin','yyx','','1','1973-01-29','','18910223223','lawyer1893@yahoo.com.cn','',NULL,9,'',NULL,'',NULL,'','enabled',NULL,'2012-07-24 06:38:26','2012-07-24 06:38:26','',0,0),(50,'李磊','lilei','ll','','1','1983-07-24','','15611048510','59021290@qq.com','海淀区清河嘉园东区甲1号楼',NULL,9,'',NULL,'',NULL,'','enabled',NULL,'2012-07-24 06:38:35','2012-07-24 06:38:35','',0,0),(51,'刘少伟','liushaowei','lsw','','1','1988-02-20','','15811101992','liusw@saidin.com','',NULL,9,'',NULL,'',NULL,'','enabled',NULL,'2012-07-24 06:39:48','2012-07-24 06:39:48','',0,0),(52,'步凡','bufan','bf','','1',NULL,'','13901021231','','',NULL,9,'',NULL,'',NULL,'','enabled',NULL,'2012-07-24 06:40:41','2012-07-24 06:40:41','',0,0),(53,'史兴宇','shixingyu','sxy','','1','1972-07-09','','13911254868','','',NULL,9,'',NULL,'',NULL,'','enabled',NULL,'2012-07-24 06:40:45','2012-07-24 06:40:45','',0,0),(54,'熊斌','xiongbin','xb','','1','1979-10-10','','13436519985','','',NULL,9,'',NULL,'',NULL,'','enabled',NULL,'2012-07-24 06:41:33','2012-07-24 06:41:33','',0,0),(55,'黄歆月','huangxinyue','hxy','','2',NULL,'','13811830493','','',NULL,9,'',NULL,'',NULL,'','enabled',NULL,'2012-07-24 06:43:32','2012-07-24 06:43:32','',0,0),(56,'李志文','lizhiwen','lzw','','1','1966-11-16','','13701370298','lizhiwen@sina.com','',NULL,9,'',NULL,'',NULL,'','enabled',NULL,'2012-07-24 06:43:40','2012-07-24 06:43:40','',0,0),(57,'吕文波','lu:wenbo','lwb','','1',NULL,'','18618261879','','',NULL,9,'',NULL,'',NULL,'','enabled',NULL,'2012-07-24 06:44:04','2012-07-24 06:44:04','',0,0),(58,'庞小锋','pangxiaofeng','pxf','','1',NULL,'','13718800358','','',NULL,9,'',NULL,'',NULL,'','enabled',NULL,'2012-07-24 06:44:53','2012-07-24 06:44:53','',0,0),(59,'覃曦','tanxi','tx','','2',NULL,'','13501113745','','',NULL,9,'',NULL,'',NULL,'','enabled',NULL,'2012-07-24 06:45:35','2012-07-24 06:45:35','',0,0),(60,'孙强','sunqiang','sq','','1',NULL,'','13701335639','','',NULL,9,'',NULL,'',NULL,'','enabled',NULL,'2012-07-24 06:45:55','2012-07-24 06:45:55','',0,0),(61,'李荣','lirong','lr','','2',NULL,'','13601227048','','',NULL,9,'',NULL,'',NULL,'','enabled',NULL,'2012-07-24 06:46:21','2012-07-24 06:46:21','',0,0),(63,'孙方超','sunfangchao','sfc','','1','1981-11-17','','13910903595','sun_fangchao@126.com','',NULL,9,'',NULL,'',NULL,'','enabled',NULL,'2012-07-24 06:47:30','2012-07-24 06:47:30','',0,0),(64,'路争鸣','luzhengming','lzm','','1',NULL,'','13801055802','','',NULL,9,'',NULL,'',NULL,'','enabled',NULL,'2012-07-24 06:47:48','2012-07-24 06:47:48','',0,0),(65,'叶子','yezi','yz','','2',NULL,'','15010302257','','',NULL,9,'',NULL,'',NULL,'','enabled',NULL,'2012-07-24 06:48:01','2012-07-24 06:48:01','',0,0),(66,'江伟阳','jiangweiyang','jwy','','1',NULL,'','15011401892','','',NULL,9,'',NULL,'',NULL,'','enabled',NULL,'2012-07-24 06:48:37','2012-07-24 06:48:37','',0,0),(67,'李晓红','lixiaohong','lxh','','1',NULL,'','13911039519','','',NULL,9,'',NULL,'',NULL,'','enabled',NULL,'2012-07-24 06:49:04','2012-07-24 06:49:04','',0,0),(68,'王进','wangjin','wj','','1',NULL,'','13301000065','','',NULL,9,'',NULL,'',NULL,'','enabled',NULL,'2012-07-24 06:49:31','2012-07-24 06:49:31','',0,0),(69,'鲍建','baojian','bj','','1',NULL,'','13901231304','','',NULL,9,'',NULL,'',NULL,'','enabled',NULL,'2012-07-24 06:49:32','2012-07-24 09:27:29','',0,0),(70,'原中亮','yuanzhongliang','yzl','','1',NULL,'','13701052953','','',NULL,9,'',NULL,'',NULL,'','enabled',NULL,'2012-07-24 06:50:03','2012-07-24 06:50:03','',0,0),(71,'刘惠军','liuhui-jun','lh-','','1',NULL,'','13801324013','','',NULL,9,'',NULL,'',NULL,'','enabled',NULL,'2012-07-24 06:50:41','2012-07-24 06:50:41','',0,0),(72,'李芮','lirui','lr','','2',NULL,'','13801135030','','',NULL,9,'',NULL,'',NULL,'','enabled',NULL,'2012-07-24 06:51:04','2012-07-24 06:51:04','',0,0),(73,'杨晓川','yangxiaochuan','yxc','','1',NULL,'','13501039723','','',NULL,9,'',NULL,'',NULL,'','enabled',NULL,'2012-07-24 06:51:32','2012-07-24 06:51:32','',0,0),(74,'吴千山','wuqianshan','wqs','','1','1981-09-12','','18600057912','','朝阳门内大街188号8层',NULL,9,'',NULL,'',NULL,'','enabled',NULL,'2012-07-24 06:51:56','2012-07-24 06:51:56','',0,0),(75,'肖阳升','xiaoyangsheng','xys','','1',NULL,'','18675590501','','',NULL,9,'',NULL,'',NULL,'','enabled',NULL,'2012-07-24 06:52:14','2012-07-24 06:52:14','',0,0),(76,'王爱莉','wangaili','wal','','2',NULL,'','13661307265','','',NULL,9,'',NULL,'',NULL,'','enabled',NULL,'2012-07-24 06:52:42','2012-07-24 06:52:42','',0,0),(77,'黄沙','huangsha','hs','','1',NULL,'','13914455454','','',NULL,9,'',NULL,'',NULL,'','enabled',NULL,'2012-07-24 06:53:45','2012-07-24 06:53:45','',0,0),(78,'曹戈锋','caogefeng','cgf','','1','1976-10-19','','13601351146','caogefeng@gmail.com','',NULL,9,'',NULL,'',NULL,'','enabled',NULL,'2012-07-24 06:54:50','2012-07-24 06:54:50','',0,0),(79,'胡同宇','hutongyu','hty','','1',NULL,'','15811215168','','',NULL,9,'',NULL,'',NULL,'','enabled',NULL,'2012-07-24 06:54:58','2012-07-24 06:54:58','',0,0),(80,'王钧涛','wang-juntao','w-t','','1',NULL,'','18601399206','','',NULL,9,'',NULL,'',NULL,'','enabled',NULL,'2012-07-24 06:55:58','2012-07-24 06:55:58','',0,0),(81,'路天宇','lutianyu','lty','','1',NULL,'','13001233210','','',NULL,9,'',NULL,'',NULL,'','enabled',NULL,'2012-07-24 06:56:20','2012-07-24 06:56:20','',0,0),(82,'林木','linmu','lm','','1',NULL,'','13701086326','','',NULL,9,'',NULL,'',NULL,'','enabled',NULL,'2012-07-24 06:56:33','2012-07-24 06:56:33','',0,0),(83,'王嘉','wangjia','wj','','2',NULL,'','13001233210','','',NULL,9,'',NULL,'',NULL,'','enabled',NULL,'2012-07-24 06:56:48','2012-07-24 06:56:48','',0,0),(84,'魏靖儒','weijingru','wjr','','1',NULL,'','13401097104','','',NULL,9,'',NULL,'',NULL,'','enabled',NULL,'2012-07-24 06:57:44','2012-07-24 06:57:44','',0,0),(85,'荣彦','rongyan','ry','','1',NULL,'','13810793626','','',NULL,9,'',NULL,'',NULL,'','enabled',NULL,'2012-07-24 06:58:47','2012-07-24 06:58:47','',0,0),(86,'潘运伟','panyunwei','pyw','','1',NULL,'','13581823226','','',NULL,9,'',NULL,'',NULL,'','enabled',NULL,'2012-07-24 06:59:15','2012-07-24 06:59:15','',0,0),(87,'白鹏','baipeng','bp','','1','1978-10-16','','13701017993','haobaipeng@126.com','融城嘉园3－3－1502',NULL,9,'',NULL,'',NULL,'','enabled',NULL,'2012-07-24 06:59:27','2012-07-24 06:59:27','',0,0),(88,'张希斌','zhangxibin','zxb','','1',NULL,'','13911891610','','',NULL,9,'',NULL,'',NULL,'','enabled',NULL,'2012-07-24 06:59:34','2012-07-24 06:59:34','',0,0),(89,'唐璐','tanglu','tl','','2',NULL,'','13911256087','','',NULL,9,'',NULL,'',NULL,'','enabled',NULL,'2012-07-24 06:59:58','2012-07-24 06:59:58','',0,0),(90,'王可馨','wangkexin','wkx','','2',NULL,'','18600816738','','',NULL,9,'',NULL,'',NULL,'','enabled',NULL,'2012-07-24 07:00:31','2012-07-24 07:00:31','',0,0),(91,'孟卓','mengzhuo','mz','','1',NULL,'','15011357155','','',NULL,9,'',NULL,'',NULL,'','enabled',NULL,'2012-07-24 07:01:03','2012-07-24 07:01:03','',0,0),(92,'王小川','wangxiaochuan','wxc','','1',NULL,'','18911309211','','',NULL,9,'',NULL,'',NULL,'','enabled',NULL,'2012-07-24 07:01:48','2012-07-24 07:01:48','',0,0),(93,'王岩','wangyan','wy','','1',NULL,'','13910815668','','',NULL,9,'',NULL,'',NULL,'','enabled',NULL,'2012-07-24 07:02:16','2012-07-24 07:02:16','',0,0),(94,'张曙光','zhangshuguang','zsg','','1',NULL,'','13910109802','','',NULL,9,'',NULL,'',NULL,'','enabled',NULL,'2012-07-24 07:02:37','2012-07-24 07:02:37','',0,0),(95,'阚艳丽','kanyanli','kyl','','2',NULL,'','18611112367','','',NULL,9,'',NULL,'',NULL,'','enabled',NULL,'2012-07-24 07:03:27','2012-07-24 07:03:27','',0,0),(96,'陆欣华','luxinhua','lxh','','2',NULL,'','13301009691','','',NULL,9,'',NULL,'',NULL,'','enabled',NULL,'2012-07-24 07:04:07','2012-07-24 09:53:18','',0,0),(97,'陈曦','chenxi','cx','','1','1973-08-07','','13701365431','','',NULL,9,'',NULL,'',NULL,'','enabled',NULL,'2012-07-24 07:05:17','2012-07-24 07:05:17','',0,0),(98,'常勇','changyong','cy','','1','1968-09-12','','18610308675','ri-chang@yahoo.com','',NULL,9,'',NULL,'',NULL,'','enabled',NULL,'2012-07-24 07:06:32','2012-07-24 07:06:32','',0,0),(99,'杨杰','yangjie','yj','','1',NULL,'','13001279966','j3ffyang@gmail.com','',NULL,9,'',NULL,'',NULL,'','enabled',NULL,'2012-07-24 07:07:17','2012-07-24 07:07:17','',0,0),(100,'陈继生（中欧）','chenjishengzhongou','cjszo','','1',NULL,'','13901085004','','',NULL,9,'',NULL,'',NULL,'','enabled',NULL,'2012-07-24 07:08:05','2012-07-24 07:08:05','',0,0),(101,'刘云鹏','liuyunpeng','lyp','','1','1965-11-17','','13910270707','','',NULL,9,'',NULL,'',NULL,'','enabled',NULL,'2012-07-24 07:08:51','2012-07-24 07:08:51','',0,0),(102,'钱学杰','qianxuejie','qxj','','1','1966-08-24','','13910309702','qianxuejie@shenwu.com.cn','',NULL,9,'',NULL,'',NULL,'','enabled',NULL,'2012-07-24 07:16:32','2012-07-24 07:16:32','',0,0),(103,'王静','wangjing','wj','','2','1977-08-04','','13811116296','rommon2008@163.com','',NULL,9,'',NULL,'',NULL,'','enabled',NULL,'2012-07-24 07:20:06','2012-07-24 07:20:06','',0,0),(104,'史哲伟','shizhewei','szw','','1','1972-09-01','','15801351200','','安立路60号',NULL,9,'',NULL,'',NULL,'','enabled',NULL,'2012-07-24 07:25:50','2012-07-24 07:25:50','',0,0),(105,'章立滨','zhanglibin','zlb','','1','1961-01-01','','13301239666','langfangsgy@163.com','北京市朝阳区裕民路甲3号A509',NULL,9,'',NULL,'',NULL,'','enabled',NULL,'2012-07-24 07:29:18','2012-07-24 07:29:18','',0,0),(106,'郭琪','guoqi','gq','','2',NULL,'','18601255692','wuxuzhao@gmail.com','国奥村',NULL,9,'',NULL,'',NULL,'','enabled',NULL,'2012-07-24 07:34:11','2012-07-24 07:34:11','',0,0),(108,'杨彬','yangbin','yb','','2','1967-09-22','','13501386285','yangbin@bjmu.edu.cn','',NULL,9,'',NULL,'',NULL,'','enabled',NULL,'2012-07-24 07:45:11','2012-07-24 07:45:11','',0,0),(109,'苏建宇','sujianyu','sjy','','1','1979-02-14','','18610291960','','北京市北四环西路15号',NULL,9,'',NULL,'',NULL,'','enabled',NULL,'2012-07-24 07:49:24','2012-07-24 07:49:24','',0,0),(110,'赵曼怡','zhaomanyi','zmy','','2','1977-11-02','','18600681112','','',NULL,9,'',NULL,'',NULL,'','enabled',NULL,'2012-07-24 07:51:43','2012-07-24 07:51:43','',0,0),(111,'韩子荣','hanzirong','hzr','','2',NULL,'','13911990100','hzr@bjzgh.org','',NULL,9,'',NULL,'',NULL,'','enabled',NULL,'2012-07-24 07:54:57','2012-07-24 07:54:57','',0,0),(112,'赵经隆','zhaojinglong','zjl','','1','1995-10-05','','13691530067','','',NULL,9,'',NULL,'',NULL,'','enabled',NULL,'2012-07-24 08:01:46','2012-07-24 08:01:46','',0,0),(113,'接待','jiedai','jd','','1',NULL,'','13000000000','','',NULL,9,'',NULL,'',NULL,'','enabled',NULL,'2012-07-25 05:59:27','2012-07-25 05:59:27','',0,0),(114,'宋涛','songtao','st','','1',NULL,'','13801165778','','',NULL,9,'',NULL,'',NULL,'','enabled',NULL,'2012-07-25 07:59:50','2012-07-25 07:59:50','',0,0),(115,'宋嘉川','songjiachuan','sjc','','1','1984-03-11','','13581990929','wicckeer@gmail.com','',NULL,9,'',NULL,'',NULL,'','enabled',NULL,'2012-07-25 08:03:37','2012-07-25 08:03:37','',0,0);
/*!40000 ALTER TABLE `members` ENABLE KEYS */;
UNLOCK TABLES;

--
-- Table structure for table `non_members`
--

DROP TABLE IF EXISTS `non_members`;
/*!40101 SET @saved_cs_client     = @@character_set_client */;
/*!40101 SET character_set_client = utf8 */;
CREATE TABLE `non_members` (
  `id` int(11) NOT NULL AUTO_INCREMENT,
  `name` varchar(255) COLLATE utf8_unicode_ci DEFAULT NULL,
  `name_pinyin` varchar(255) COLLATE utf8_unicode_ci DEFAULT NULL,
  `telephone` varchar(255) COLLATE utf8_unicode_ci DEFAULT NULL,
  `earnest` float DEFAULT NULL,
  `order_id` int(11) DEFAULT NULL,
  PRIMARY KEY (`id`)
) ENGINE=InnoDB AUTO_INCREMENT=39 DEFAULT CHARSET=utf8 COLLATE=utf8_unicode_ci;
/*!40101 SET character_set_client = @saved_cs_client */;

--
-- Dumping data for table `non_members`
--

LOCK TABLES `non_members` WRITE;
/*!40000 ALTER TABLE `non_members` DISABLE KEYS */;
INSERT INTO `non_members` VALUES (1,'xxx','xxx','111111111111',0,1),(2,'李先生','lixiansheng','152556488455',0,4),(3,'李先生','lixiansheng','15122201546',0,5),(4,'李先生','lixiansheng','15122564454',0,6),(5,'李先生','lixiansheng','15122014545',0,7),(6,'李先生','lixiansheng','15122014545',0,8),(7,'张伟',NULL,NULL,NULL,20),(8,'黄晓峰',NULL,NULL,NULL,21),(9,'江文红',NULL,NULL,NULL,22),(10,'赵春晖',NULL,NULL,NULL,23),(11,'张小飞',NULL,NULL,NULL,24),(12,'吴肖',NULL,NULL,NULL,26),(13,'杨天刚',NULL,NULL,NULL,28),(14,'方苏羽',NULL,NULL,NULL,30),(15,'王影',NULL,NULL,NULL,31),(16,'刘荣进',NULL,NULL,NULL,32),(17,'李莉',NULL,NULL,NULL,33),(18,'王鑫欣',NULL,NULL,NULL,34),(19,'陈宇涛',NULL,NULL,NULL,35),(20,'吴远达',NULL,NULL,NULL,36),(21,'黄永',NULL,NULL,NULL,37),(22,'林彬',NULL,NULL,NULL,38),(23,'林彬',NULL,NULL,NULL,39),(24,'常勇',NULL,NULL,NULL,40),(25,'武格明',NULL,NULL,NULL,41),(26,'武格明',NULL,NULL,NULL,42),(27,'王一',NULL,NULL,NULL,43),(28,'张斌',NULL,NULL,NULL,46),(29,'张斌',NULL,NULL,NULL,47),(30,'陈山',NULL,NULL,NULL,48),(31,'王先生',NULL,NULL,NULL,49),(32,'李先生',NULL,NULL,NULL,55),(33,'李先生',NULL,NULL,NULL,56),(34,'王先生',NULL,NULL,NULL,65),(35,'张小姐',NULL,NULL,NULL,67),(36,'黄主任','huangzhuren','13131315454',0,71),(37,'黄主任','huangzhuren','15122321212',0,72),(38,'郭骐',NULL,NULL,NULL,74);
/*!40000 ALTER TABLE `non_members` ENABLE KEYS */;
UNLOCK TABLES;

--
-- Table structure for table `order_items`
--

DROP TABLE IF EXISTS `order_items`;
/*!40101 SET @saved_cs_client     = @@character_set_client */;
/*!40101 SET character_set_client = utf8 */;
CREATE TABLE `order_items` (
  `id` int(11) NOT NULL AUTO_INCREMENT,
  `order_id` int(11) DEFAULT NULL,
  `item_id` int(11) DEFAULT NULL,
  `item_type` varchar(255) COLLATE utf8_unicode_ci DEFAULT NULL,
  `quantity` int(11) DEFAULT NULL,
  `user_id` int(11) DEFAULT NULL,
  `unit_money_price` decimal(10,2) DEFAULT NULL,
  `total_money_price` decimal(10,2) DEFAULT NULL,
  `total_count` int(11) DEFAULT NULL,
  `discount` decimal(8,1) DEFAULT NULL,
  `price_after_discount` decimal(8,2) DEFAULT NULL,
  `balance_id` int(11) DEFAULT NULL,
  `balanced` tinyint(1) DEFAULT NULL,
  PRIMARY KEY (`id`)
) ENGINE=InnoDB AUTO_INCREMENT=88 DEFAULT CHARSET=utf8 COLLATE=utf8_unicode_ci;
/*!40101 SET character_set_client = @saved_cs_client */;

--
-- Dumping data for table `order_items`
--

LOCK TABLES `order_items` WRITE;
/*!40000 ALTER TABLE `order_items` DISABLE KEYS */;
INSERT INTO `order_items` VALUES (11,11,11,'CourtBookRecord',2,NULL,NULL,260.00,2,NULL,2.00,34,1),(12,12,12,'CourtBookRecord',2,NULL,NULL,260.00,2,NULL,2.00,35,1),(13,13,13,'CourtBookRecord',2,NULL,NULL,360.00,2,10.0,360.00,3,1),(14,14,14,'CourtBookRecord',2,NULL,NULL,400.00,2,10.0,400.00,2,1),(15,15,15,'CourtBookRecord',2,NULL,NULL,360.00,2,10.0,360.00,4,1),(16,14,97,'Good',3,NULL,4.00,12.00,NULL,10.0,12.00,2,1),(17,15,88,'Good',3,NULL,5.00,15.00,NULL,10.0,15.00,4,1),(18,15,93,'Good',1,NULL,4.00,4.00,NULL,10.0,4.00,4,1),(19,16,16,'CourtBookRecord',2,NULL,NULL,260.00,2,NULL,2.00,36,1),(20,17,17,'CourtBookRecord',2,NULL,NULL,260.00,2,NULL,2.00,24,1),(21,18,18,'CourtBookRecord',2,NULL,NULL,260.00,2,NULL,2.00,25,1),(22,19,19,'CourtBookRecord',1,NULL,NULL,200.00,1,10.0,200.00,29,1),(23,20,93,'Good',1,NULL,4.00,4.00,NULL,1.0,4.00,5,1),(24,21,88,'Good',2,NULL,5.00,10.00,NULL,1.0,10.00,6,1),(25,22,94,'Good',3,NULL,6.00,18.00,NULL,1.0,18.00,7,1),(26,22,88,'Good',3,NULL,5.00,15.00,NULL,1.0,15.00,7,1),(27,23,97,'Good',8,NULL,4.00,32.00,NULL,1.0,32.00,8,1),(28,24,91,'Good',3,NULL,6.00,18.00,NULL,1.0,18.00,9,1),(29,24,90,'Good',1,NULL,4.00,4.00,NULL,1.0,4.00,9,1),(30,24,92,'Good',1,NULL,4.00,4.00,NULL,1.0,4.00,9,1),(32,26,88,'Good',10,NULL,5.00,50.00,NULL,1.0,50.00,10,1),(33,27,21,'CourtBookRecord',2,NULL,NULL,360.00,2,10.0,360.00,28,1),(34,28,97,'Good',2,NULL,4.00,8.00,NULL,1.0,8.00,11,1),(35,29,22,'CourtBookRecord',2,NULL,NULL,360.00,2,10.0,360.00,27,1),(36,29,88,'Good',2,NULL,5.00,10.00,NULL,10.0,10.00,26,1),(37,30,91,'Good',3,NULL,6.00,18.00,NULL,1.0,18.00,12,1),(38,31,89,'Good',2,NULL,4.00,8.00,NULL,1.0,8.00,13,1),(39,32,92,'Good',1,NULL,4.00,4.00,NULL,1.0,4.00,14,1),(40,33,108,'Good',2,NULL,5.00,10.00,NULL,1.0,10.00,15,1),(41,34,115,'Good',1,NULL,7.00,7.00,NULL,1.0,7.00,NULL,1),(42,35,110,'Good',5,NULL,5.00,25.00,NULL,1.0,25.00,16,1),(43,36,89,'Good',4,NULL,4.00,16.00,NULL,1.0,16.00,17,1),(44,37,89,'Good',1,NULL,4.00,4.00,NULL,1.0,4.00,NULL,1),(45,38,89,'Good',1,NULL,4.00,4.00,NULL,1.0,4.00,18,1),(46,39,88,'Good',1,NULL,5.00,5.00,NULL,1.0,5.00,19,1),(47,40,95,'Good',1,NULL,6.00,6.00,NULL,1.0,6.00,20,1),(48,41,93,'Good',1,NULL,4.00,4.00,NULL,1.0,4.00,21,1),(49,42,89,'Good',2,NULL,4.00,8.00,NULL,1.0,8.00,22,1),(50,43,91,'Good',2,NULL,6.00,12.00,NULL,1.0,12.00,23,1),(51,43,110,'Good',1,NULL,5.00,5.00,NULL,1.0,5.00,23,1),(53,45,122,'Good',12,NULL,10.00,120.00,NULL,1.0,120.00,30,1),(54,46,88,'Good',1,NULL,5.00,5.00,NULL,1.0,5.00,31,1),(55,47,89,'Good',1,NULL,4.00,4.00,NULL,1.0,4.00,32,1),(56,47,90,'Good',1,NULL,4.00,4.00,NULL,1.0,4.00,32,1),(57,48,88,'Good',1,NULL,5.00,5.00,NULL,1.0,5.00,33,1),(58,49,88,'Good',3,NULL,5.00,15.00,NULL,1.0,15.00,37,1),(59,50,25,'CourtBookRecord',2,NULL,NULL,0.00,2,10.0,400.00,NULL,NULL),(60,51,26,'CourtBookRecord',2,NULL,NULL,0.00,2,10.0,400.00,NULL,NULL),(61,52,27,'CourtBookRecord',1,NULL,NULL,0.00,1,10.0,200.00,NULL,NULL),(62,53,28,'CourtBookRecord',2,NULL,NULL,0.00,2,10.0,400.00,NULL,NULL),(63,54,29,'CourtBookRecord',2,NULL,NULL,0.00,2,10.0,400.00,NULL,NULL),(64,55,91,'Good',2,NULL,6.00,12.00,NULL,1.0,12.00,38,1),(65,56,94,'Good',1,NULL,6.00,6.00,NULL,1.0,6.00,39,1),(66,57,30,'CourtBookRecord',1,NULL,NULL,0.00,1,10.0,0.00,NULL,NULL),(67,58,31,'CourtBookRecord',1,NULL,NULL,0.00,1,10.0,0.00,NULL,NULL),(68,59,32,'CourtBookRecord',2,NULL,NULL,0.00,2,10.0,0.00,NULL,NULL),(69,60,33,'CourtBookRecord',2,NULL,NULL,0.00,2,10.0,0.00,NULL,NULL),(70,61,34,'CourtBookRecord',2,NULL,NULL,0.00,2,10.0,0.00,NULL,NULL),(71,62,35,'CourtBookRecord',1,NULL,NULL,0.00,1,10.0,0.00,NULL,NULL),(72,63,36,'CourtBookRecord',2,NULL,NULL,0.00,2,10.0,0.00,NULL,NULL),(73,50,91,'Good',4,NULL,6.00,24.00,NULL,10.0,24.00,42,1),(74,64,37,'CourtBookRecord',2,NULL,NULL,0.00,2,10.0,400.00,NULL,NULL),(75,64,38,'CoachBookRecord',2,NULL,200.00,400.00,NULL,7.5,300.00,40,1),(76,65,93,'Good',1,NULL,4.00,4.00,NULL,1.0,4.00,41,1),(77,65,96,'Good',1,NULL,10.00,10.00,NULL,1.0,10.00,41,1),(78,66,39,'CourtBookRecord',1,NULL,NULL,0.00,1,10.0,0.00,NULL,NULL),(79,67,94,'Good',1,NULL,6.00,6.00,NULL,1.0,6.00,43,1),(80,67,91,'Good',1,NULL,6.00,6.00,NULL,1.0,6.00,43,1),(81,68,40,'CourtBookRecord',2,NULL,NULL,200.00,2,10.0,200.00,NULL,NULL),(82,69,41,'CourtBookRecord',2,NULL,NULL,200.00,2,10.0,200.00,NULL,NULL),(83,70,42,'CourtBookRecord',2,NULL,NULL,0.00,2,10.0,0.00,NULL,NULL),(84,71,43,'CourtBookRecord',3,NULL,NULL,900.00,3,10.0,900.00,NULL,NULL),(85,72,44,'CourtBookRecord',2,NULL,NULL,600.00,2,10.0,600.00,NULL,NULL),(86,73,45,'CourtBookRecord',1,NULL,NULL,0.00,1,10.0,200.00,NULL,NULL),(87,74,97,'Good',1,NULL,4.00,4.00,NULL,1.0,4.00,44,1);
/*!40000 ALTER TABLE `order_items` ENABLE KEYS */;
UNLOCK TABLES;

--
-- Table structure for table `orders`
--

DROP TABLE IF EXISTS `orders`;
/*!40101 SET @saved_cs_client     = @@character_set_client */;
/*!40101 SET character_set_client = utf8 */;
CREATE TABLE `orders` (
  `id` int(11) NOT NULL AUTO_INCREMENT,
  `members_card_id` int(11) DEFAULT NULL,
  `member_id` int(11) DEFAULT NULL,
  `memo` varchar(255) COLLATE utf8_unicode_ci DEFAULT NULL,
  `type` varchar(255) COLLATE utf8_unicode_ci DEFAULT NULL,
  `created_at` datetime DEFAULT NULL,
  `updated_at` datetime DEFAULT NULL,
  `user_id` int(11) DEFAULT NULL,
  `telephone` varchar(255) COLLATE utf8_unicode_ci DEFAULT NULL,
  `state` varchar(255) COLLATE utf8_unicode_ci DEFAULT NULL,
  `order_date` date DEFAULT NULL,
  `is_member` tinyint(1) DEFAULT NULL,
  `wdate` int(11) DEFAULT NULL,
  `batch_number` varchar(255) COLLATE utf8_unicode_ci DEFAULT NULL,
  `end_date` date DEFAULT NULL,
  `is_advance_order` tinyint(1) DEFAULT NULL,
  PRIMARY KEY (`id`)
) ENGINE=InnoDB AUTO_INCREMENT=75 DEFAULT CHARSET=utf8 COLLATE=utf8_unicode_ci;
/*!40101 SET character_set_client = @saved_cs_client */;

--
-- Dumping data for table `orders`
--

LOCK TABLES `orders` WRITE;
/*!40000 ALTER TABLE `orders` DISABLE KEYS */;
INSERT INTO `orders` VALUES (11,114,98,'',NULL,'2012-07-26 00:32:57','2012-07-27 02:00:36',NULL,'18610308675','balanced','2012-07-27',1,NULL,'5583bf4b15793c11f16909fbcbd309d095a9b5c5','2012-07-27',NULL),(12,114,98,'',NULL,'2012-07-26 00:33:20','2012-07-27 12:02:51',NULL,'18610308675','balanced','2012-07-27',1,NULL,'d968d8f71e97ec32e3c511cd90fa2a46817377d8','2012-07-27',NULL),(13,72,54,'',NULL,'2012-07-26 01:18:45','2012-07-26 10:48:45',NULL,'13436519985','balanced','2012-07-26',1,NULL,'0a0fcc42da57d4826c80256941cba54b20ed61d9','2012-07-26',NULL),(14,61,39,'',NULL,'2012-07-26 10:05:59','2012-07-26 10:06:14',NULL,'13601018806','balanced','2012-07-26',1,NULL,'f1c9a071dc41637a8dfad0ab310aeef86036d43e','2012-07-26',NULL),(15,72,54,'',NULL,'2012-07-26 10:48:41','2012-07-26 10:48:49',NULL,'13436519985','balanced','2012-07-26',1,NULL,'365806e44ea9a19a1958c845c5a79e305a7eac7b','2012-07-26',NULL),(16,114,98,'',NULL,'2012-07-27 02:26:09','2012-07-27 12:02:55',NULL,'18610308675','balanced','2012-07-27',1,NULL,'f652bf271cefa13d5fea5e597407aa521d8a315b','2012-07-27',NULL),(17,115,99,'',NULL,'2012-07-27 02:27:20','2012-07-27 09:48:53',NULL,'13001279966','balanced','2012-07-27',1,NULL,'4cbb4dde4ea2694d341137e8a4e70049d50dd250','2012-07-27',NULL),(18,115,99,'',NULL,'2012-07-27 02:27:40','2012-07-27 09:49:12',NULL,'13001279966','balanced','2012-07-27',1,NULL,'187051369008beec2af9f44ac9e1c01e1e31e840','2012-07-27',NULL),(19,60,38,'',NULL,'2012-07-27 06:54:40','2012-07-27 07:45:24',NULL,'13901034450','balanced','2012-07-27',1,NULL,'6c9405394bdc72eb9a3f54a8c83ab7e6dc45f91c','2012-07-27',NULL),(20,NULL,NULL,NULL,NULL,'2012-07-27 07:00:45','2012-07-27 07:00:45',15,NULL,'balanced',NULL,0,NULL,'5bea62b14600a159db1652799f2b8bf7a5c62b59',NULL,NULL),(21,NULL,NULL,NULL,NULL,'2012-07-27 07:02:06','2012-07-27 07:02:06',15,NULL,'balanced',NULL,0,NULL,'51409185213185f3a3b1327c770511eeb70ffb73',NULL,NULL),(22,NULL,NULL,NULL,NULL,'2012-07-27 07:06:08','2012-07-27 07:06:08',15,NULL,'balanced',NULL,0,NULL,'23f61cda6a41cc6fc00c7a384d8a04495a2685c0',NULL,NULL),(23,NULL,NULL,NULL,NULL,'2012-07-27 07:32:53','2012-07-27 07:32:53',15,NULL,'balanced',NULL,0,NULL,'f0ea048b8ca8ad8a7274b4787fe9ffc7875e14a7',NULL,NULL),(24,NULL,NULL,NULL,NULL,'2012-07-27 07:34:32','2012-07-27 07:34:32',15,NULL,'balanced',NULL,0,NULL,'f2acf0f69447900c5ead106ac6da0b18075f3882',NULL,NULL),(26,NULL,NULL,NULL,NULL,'2012-07-27 09:20:31','2012-07-27 09:20:31',16,NULL,'balanced',NULL,0,NULL,'f2e29aa941dfed6f8b6ed7e4470173ed7ce7f09e',NULL,NULL),(27,121,48,'',NULL,'2012-07-27 09:35:29','2012-07-27 10:51:52',NULL,'13661069303','balanced','2012-07-27',1,NULL,'5b6b7ce5ee849495e214f8e8e2d0a5aed13729fb','2012-07-27',NULL),(28,NULL,NULL,NULL,NULL,'2012-07-27 09:43:21','2012-07-27 09:43:21',16,NULL,'balanced',NULL,0,NULL,'437f0ec8c74ac8d016757cc3145e37c155cafb26',NULL,NULL),(29,109,97,'',NULL,'2012-07-27 09:45:29','2012-07-27 09:49:54',NULL,'13701365431','balanced','2012-07-27',1,NULL,'abdbeceaee1c4951ea0b6638df4deecd89e17c51','2012-07-27',NULL),(30,NULL,NULL,NULL,NULL,'2012-07-27 10:24:58','2012-07-27 10:24:58',16,NULL,'balanced',NULL,0,NULL,'f46bb3577f2bedd2d0269c74a243af3eee48d0d3',NULL,NULL),(31,NULL,NULL,NULL,NULL,'2012-07-27 10:26:39','2012-07-27 10:26:39',16,NULL,'balanced',NULL,0,NULL,'e40c065dee73b785c28297535e1a88be0bf7892c',NULL,NULL),(32,NULL,NULL,NULL,NULL,'2012-07-27 10:27:55','2012-07-27 10:27:55',16,NULL,'balanced',NULL,0,NULL,'3b3781458f8bb786e16ce4897a9ca46c2b19c506',NULL,NULL),(33,NULL,NULL,NULL,NULL,'2012-07-27 10:30:44','2012-07-27 10:30:44',16,NULL,'balanced',NULL,0,NULL,'eca4c436ec9bfb2ea557cc0827dd447222e0ae0e',NULL,NULL),(34,NULL,NULL,NULL,NULL,'2012-07-27 10:31:59','2012-07-27 10:31:59',16,NULL,NULL,NULL,0,NULL,'4301ff1bc07e46cc72e1169a3e29fde10b30b712',NULL,NULL),(35,NULL,NULL,NULL,NULL,'2012-07-27 10:35:52','2012-07-27 10:35:52',16,NULL,'balanced',NULL,0,NULL,'448e48b249f1c9bba6ec46ef07ba054f2d52839a',NULL,NULL),(36,NULL,NULL,NULL,NULL,'2012-07-27 10:40:39','2012-07-27 10:40:39',16,NULL,'balanced',NULL,0,NULL,'61399afc11201d9f4a0b440afac8d87568bb3f59',NULL,NULL),(37,NULL,NULL,NULL,NULL,'2012-07-27 10:41:41','2012-07-27 10:41:41',16,NULL,NULL,NULL,0,NULL,'95d8c6a6a159a2e241bd5e4b182757c067677da4',NULL,NULL),(38,NULL,NULL,NULL,NULL,'2012-07-27 10:43:29','2012-07-27 10:43:29',16,NULL,'balanced',NULL,0,NULL,'317e4489fe6b74df8e4542e66866e0dec3b6cb79',NULL,NULL),(39,NULL,NULL,NULL,NULL,'2012-07-27 10:44:04','2012-07-27 10:44:04',16,NULL,'balanced',NULL,0,NULL,'3b03cce20cdb30030d7e75f9307e9b90635900a1',NULL,NULL),(40,NULL,NULL,NULL,NULL,'2012-07-27 10:50:17','2012-07-27 10:50:17',16,NULL,'balanced',NULL,0,NULL,'b3c0580fb55c4f6592bf64b66440ae91c002ddfc',NULL,NULL),(41,NULL,NULL,NULL,NULL,'2012-07-27 11:49:54','2012-07-27 11:49:54',16,NULL,'balanced',NULL,0,NULL,'b66bb129370fb2ead3facd357b14225393a79c31',NULL,NULL),(42,NULL,NULL,NULL,NULL,'2012-07-27 11:51:20','2012-07-27 11:51:20',16,NULL,'balanced',NULL,0,NULL,'fa95549dc295908cb568dda7d0867b9cd35401c6',NULL,NULL),(43,NULL,NULL,NULL,NULL,'2012-07-27 11:53:29','2012-07-27 11:53:29',16,NULL,'balanced',NULL,0,NULL,'394249bafa2855043dcf0ab66c8e84c26bed2333',NULL,NULL),(45,60,38,NULL,NULL,'2012-07-27 13:32:37','2012-07-27 13:32:37',16,NULL,'balanced',NULL,1,NULL,'2160b2ee0c11ded145b0f65c454f5802b713e09e',NULL,NULL),(46,NULL,NULL,NULL,NULL,'2012-07-27 13:36:12','2012-07-27 13:36:12',16,NULL,'balanced',NULL,0,NULL,'e7101dd41ae81d5413c87eaf592cc3a69f7918b9',NULL,NULL),(47,NULL,NULL,NULL,NULL,'2012-07-27 13:36:56','2012-07-27 13:36:56',16,NULL,'balanced',NULL,0,NULL,'dcefd66261b8144ee1e6ff0f7e6d7e2b5caf4105',NULL,NULL),(48,NULL,NULL,NULL,NULL,'2012-07-27 13:45:19','2012-07-27 13:45:19',16,NULL,'balanced',NULL,0,NULL,'21620c71332e0e5e1488016a695afc543ab0c148',NULL,NULL),(49,NULL,NULL,NULL,NULL,'2012-07-28 01:48:15','2012-07-28 01:48:15',9,NULL,'balanced',NULL,0,NULL,'531589de7d6f581d2b333b737ff7322919a1b712',NULL,NULL),(50,64,43,'',NULL,'2012-07-28 01:49:13','2012-07-28 01:49:22',NULL,'13901386617','activated','2012-07-28',1,NULL,'b1ac48c612217dcb33de389ae1725902dffd503e','2012-07-28',NULL),(51,71,53,'',NULL,'2012-07-28 01:51:35','2012-07-28 01:53:16',NULL,'13911254868','activated','2012-07-28',1,NULL,'983602dc8022fdd40f517b0d90e931661ebc81bc','2012-07-28',NULL),(52,71,53,'',NULL,'2012-07-28 01:53:09','2012-07-28 01:53:13',NULL,'13911254868','activated','2012-07-28',1,NULL,'a6f5636a61b8ef76216036d293f87d8aca542291','2012-07-28',NULL),(53,70,51,'',NULL,'2012-07-28 01:59:30','2012-07-28 01:59:52',NULL,'15811101992','activated','2012-07-28',1,NULL,'d8395ba90efda03deba3e1562590f6d70022574d','2012-07-28',NULL),(54,70,51,'',NULL,'2012-07-28 01:59:46','2012-07-28 01:59:55',NULL,'15811101992','activated','2012-07-28',1,NULL,'9c2a84de4f3c7fc691ab1185a8c9f271e0741c25','2012-07-28',NULL),(55,NULL,NULL,NULL,NULL,'2012-07-28 02:12:42','2012-07-28 02:12:42',9,NULL,'balanced',NULL,0,NULL,'524fd5a2cd929430f135ad62e59162b6002c256c',NULL,NULL),(56,NULL,NULL,NULL,NULL,'2012-07-28 02:13:47','2012-07-28 02:13:47',9,NULL,'balanced',NULL,0,NULL,'5e3a9532f6bbf9827e66e4e2eeef83429d31b1bb',NULL,NULL),(57,70,51,'',NULL,'2012-07-28 02:28:22','2012-07-28 02:28:22',NULL,'15811101992','booked','2012-07-29',1,NULL,'6848cc692985c11f9c8e2b47a0284a9128a34554','2012-07-29',NULL),(58,70,51,'',NULL,'2012-07-28 02:28:42','2012-07-28 02:28:42',NULL,'15811101992','booked','2012-07-29',1,NULL,'4f8cfff1c2b26c6844b6fffb2a6cb027a1c927c6','2012-07-29',NULL),(59,70,51,'',NULL,'2012-07-28 02:29:07','2012-07-28 02:29:07',NULL,'15811101992','booked','2012-07-29',1,NULL,'3512d7d7fd19e1af918b8d24f889573872bbe8b9','2012-07-29',NULL),(60,70,51,'',NULL,'2012-07-28 02:29:30','2012-07-28 02:29:30',NULL,'15811101992','booked','2012-07-29',1,NULL,'9966b6102e644f7d5a71064040a4fcad8b1ee1c4','2012-07-29',NULL),(61,70,51,'',NULL,'2012-07-28 02:29:45','2012-07-28 02:29:45',NULL,'15811101992','booked','2012-07-29',1,NULL,'3c798667c5178001e361e7b5d2edc5074ac827b8','2012-07-29',NULL),(62,70,51,'',NULL,'2012-07-28 02:30:12','2012-07-28 02:30:12',NULL,'15811101992','booked','2012-07-29',1,NULL,'14b4c5a56ddbde025ae1a68e72e54cd7c1f00512','2012-07-29',NULL),(63,115,99,'',NULL,'2012-07-28 02:31:46','2012-07-28 02:31:46',NULL,'13001279966','booked','2012-07-29',1,NULL,'ec7879920648b2771f73e3170d36bd8574968043','2012-07-29',NULL),(64,48,20,'',NULL,'2012-07-28 02:39:43','2012-07-28 02:39:46',NULL,'13051699713','activated','2012-07-28',1,NULL,'3177a343712eb8243f0ab851ff6d75ed74f08249','2012-07-28',NULL),(65,NULL,NULL,NULL,NULL,'2012-07-28 03:47:21','2012-07-28 03:47:21',9,NULL,'balanced',NULL,0,NULL,'a9ca4f0693672b432e3c35ca831e5d4d778f8943',NULL,NULL),(66,71,53,'',NULL,'2012-07-28 04:25:15','2012-07-28 04:25:15',NULL,'13911254868','booked','2012-07-31',1,NULL,'00a527015c5f8a897854d86dcb548ab3ec62e602','2012-07-31',NULL),(67,NULL,NULL,NULL,NULL,'2012-07-28 04:27:26','2012-07-28 04:27:26',9,NULL,'balanced',NULL,0,NULL,'c0cf3c1417f7b47e35fdb0fb582d4eb54279bde1',NULL,NULL),(68,116,100,'',NULL,'2012-07-28 04:33:20','2012-07-28 04:33:20',NULL,'13901085004','booked','2012-08-01',1,NULL,'f504b4ab08356f1a04680902e94a0dfb2c90b337','2012-08-01',NULL),(69,116,100,'',NULL,'2012-07-28 04:33:39','2012-07-28 04:33:39',NULL,'13901085004','booked','2012-08-01',1,NULL,'16812a40eb1055e2cfd8a6c77a4e10d381d67879','2012-08-01',NULL),(70,69,49,'',NULL,'2012-07-28 05:15:20','2012-07-28 05:15:20',NULL,'18910223223','booked','2012-07-29',1,NULL,'91334b65353a432b06ef716b0b06019ebb7395b6','2012-07-29',NULL),(71,NULL,NULL,'羽毛球卡A076',NULL,'2012-07-28 05:38:58','2012-07-28 05:38:58',NULL,'','booked','2012-07-29',0,NULL,'9c350d7345e736007b3b5aed3bf06f7375329152','2012-07-29',NULL),(72,NULL,NULL,'羽毛球卡A076',NULL,'2012-07-28 05:40:26','2012-07-28 05:40:26',NULL,'','booked','2012-07-28',0,NULL,'d48541cd0455f2c62a069efed0808b700bdc854f','2012-07-28',NULL),(73,35,106,'',NULL,'2012-07-28 05:59:13','2012-07-28 06:02:25',NULL,'18601255692','activated','2012-07-28',1,NULL,'323eca954fc644a5a6a993a0fc4e063144a866ac','2012-07-28',NULL),(74,NULL,NULL,NULL,NULL,'2012-07-28 06:03:38','2012-07-28 06:03:38',9,NULL,'balanced',NULL,0,NULL,'bcf138c485951a5c2de24b0daafafb06d756be7b',NULL,NULL);
/*!40000 ALTER TABLE `orders` ENABLE KEYS */;
UNLOCK TABLES;

--
-- Table structure for table `period_prices`
--

DROP TABLE IF EXISTS `period_prices`;
/*!40101 SET @saved_cs_client     = @@character_set_client */;
/*!40101 SET character_set_client = utf8 */;
CREATE TABLE `period_prices` (
  `id` int(11) NOT NULL AUTO_INCREMENT,
  `name` varchar(255) COLLATE utf8_unicode_ci DEFAULT NULL,
  `start_time` int(11) DEFAULT '7',
  `end_time` int(11) DEFAULT '7',
  `price` decimal(10,2) DEFAULT '0.00',
  `period_type` varchar(255) COLLATE utf8_unicode_ci DEFAULT NULL,
  `description` text COLLATE utf8_unicode_ci,
  `created_at` datetime DEFAULT NULL,
  `updated_at` datetime DEFAULT NULL,
  PRIMARY KEY (`id`)
) ENGINE=InnoDB AUTO_INCREMENT=10 DEFAULT CHARSET=utf8 COLLATE=utf8_unicode_ci;
/*!40101 SET character_set_client = @saved_cs_client */;

--
-- Dumping data for table `period_prices`
--

LOCK TABLES `period_prices` WRITE;
/*!40000 ALTER TABLE `period_prices` DISABLE KEYS */;
INSERT INTO `period_prices` VALUES (1,'室外场地非黄金时段',7,16,60.00,'34','','2012-05-26 03:36:31','2012-05-28 04:48:07'),(2,'室外场地黄金时段',16,23,100.00,'34','','2012-05-26 03:38:47','2012-05-28 04:47:57'),(3,'室外场地节假日',7,23,100.00,'6','','2012-05-26 03:40:08','2012-05-26 03:40:08'),(4,'室内硬地非黄金时段',7,16,200.00,'34','','2012-05-26 03:41:38','2012-05-28 04:47:47'),(5,'室内硬地黄金时段',16,23,300.00,'34','','2012-05-26 03:42:08','2012-05-28 04:47:38'),(6,'室内硬地节假日',7,23,300.00,'6','','2012-05-26 03:42:40','2012-05-26 03:42:40'),(7,'室内红土场非黄金时段',7,16,600.00,'34','','2012-05-26 03:43:49','2012-05-28 04:47:25'),(8,'室内红土场黄金时段',16,23,800.00,'34','','2012-05-26 03:44:09','2012-05-28 04:47:12'),(9,'室内红土场节假日',7,23,800.00,'6','','2012-05-26 03:44:46','2012-05-26 03:44:46');
/*!40000 ALTER TABLE `period_prices` ENABLE KEYS */;
UNLOCK TABLES;

--
-- Table structure for table `powers`
--

DROP TABLE IF EXISTS `powers`;
/*!40101 SET @saved_cs_client     = @@character_set_client */;
/*!40101 SET character_set_client = utf8 */;
CREATE TABLE `powers` (
  `id` int(11) NOT NULL AUTO_INCREMENT,
  `subject` varchar(255) COLLATE utf8_unicode_ci DEFAULT NULL,
  `string` varchar(255) COLLATE utf8_unicode_ci DEFAULT NULL,
  `action` varchar(255) COLLATE utf8_unicode_ci DEFAULT NULL,
  `description` varchar(255) COLLATE utf8_unicode_ci DEFAULT NULL,
  `created_at` datetime DEFAULT NULL,
  `updated_at` datetime DEFAULT NULL,
  `parent_id` int(11) DEFAULT NULL,
  `will_show` tinyint(1) DEFAULT NULL,
  PRIMARY KEY (`id`)
) ENGINE=InnoDB AUTO_INCREMENT=56 DEFAULT CHARSET=utf8 COLLATE=utf8_unicode_ci;
/*!40101 SET character_set_client = @saved_cs_client */;

--
-- Dumping data for table `powers`
--

LOCK TABLES `powers` WRITE;
/*!40000 ALTER TABLE `powers` DISABLE KEYS */;
INSERT INTO `powers` VALUES (1,'基础信息管理',NULL,NULL,NULL,'2012-02-13 14:30:46','2012-02-13 14:30:46',0,1),(2,'时段价格管理',NULL,NULL,NULL,'2012-02-13 14:30:46','2012-02-13 14:30:46',1,1),(3,'卡模板管理',NULL,NULL,NULL,'2012-02-13 14:30:46','2012-02-13 14:30:46',1,1),(4,'场地管理',NULL,NULL,NULL,'2012-02-13 14:30:46','2012-02-13 14:30:46',1,1),(5,'节假日管理',NULL,NULL,NULL,'2012-02-13 14:30:46','2012-02-13 14:30:46',1,1),(6,'教练管理',NULL,NULL,NULL,'2012-02-13 14:30:46','2012-02-13 14:30:46',1,1),(7,'储物柜管理',NULL,NULL,NULL,'2012-02-13 14:30:46','2012-02-13 14:30:46',1,1),(8,'会员管理',NULL,NULL,NULL,'2012-02-13 14:30:46','2012-02-13 14:30:46',0,1),(9,'会员列表',NULL,NULL,NULL,'2012-02-13 14:30:46','2012-02-13 14:30:46',8,1),(10,'添加会员',NULL,NULL,NULL,'2012-02-13 14:30:46','2012-02-13 14:30:46',8,1),(11,'高级查询',NULL,NULL,NULL,'2012-02-13 14:30:46','2012-02-13 14:30:46',8,1),(12,'会员卡管理',NULL,NULL,NULL,'2012-02-13 14:30:46','2012-02-13 14:30:46',0,1),(13,'会员卡绑定',NULL,NULL,NULL,'2012-02-13 14:30:46','2012-02-13 14:30:46',12,1),(14,'会员卡充值',NULL,NULL,NULL,'2012-02-13 14:30:46','2012-02-13 14:30:46',12,1),(15,'授权人管理',NULL,NULL,NULL,'2012-02-13 14:30:46','2012-02-13 14:30:46',12,1),(16,'停卡激活管理',NULL,NULL,NULL,'2012-02-13 14:30:46','2012-02-13 14:30:46',12,1),(17,'场地预定',NULL,NULL,NULL,'2012-02-13 14:30:46','2012-02-13 14:30:46',0,1),(18,'新场地预定',NULL,NULL,NULL,'2012-02-13 14:30:46','2012-02-13 14:30:46',17,1),(19,'新场地周期性预定',NULL,NULL,NULL,'2012-02-13 14:30:46','2012-02-13 14:30:46',17,1),(20,'场地预定情况查询',NULL,NULL,NULL,'2012-02-13 14:30:46','2012-02-13 14:30:46',17,1),(21,'教练日程查询',NULL,NULL,NULL,'2012-02-13 14:30:46','2012-02-13 14:30:46',17,1),(22,'修改场地',NULL,NULL,'xiugaichangdi','2012-02-13 14:30:46','2012-02-13 14:30:46',17,1),(23,'结算场地',NULL,NULL,'jiesuanchangdi','2012-02-13 14:30:46','2012-02-13 14:30:46',17,1),(24,'删除场地预定',NULL,NULL,'shanchuchangdi','2012-02-13 14:30:46','2012-02-13 14:30:46',17,1),(25,'过期预定',NULL,NULL,NULL,'2012-02-13 14:30:46','2012-02-13 14:30:46',17,1),(26,'库存管理',NULL,NULL,NULL,'2012-02-13 14:30:46','2012-02-13 14:30:46',0,1),(27,'基本信息管理',NULL,NULL,NULL,'2012-02-13 14:30:46','2012-02-13 14:30:46',26,1),(28,'后台库存管理',NULL,NULL,NULL,'2012-02-13 14:30:46','2012-02-13 14:30:46',26,1),(29,'前台出库管理',NULL,NULL,NULL,'2012-02-13 14:30:46','2012-02-13 14:30:46',26,1),(30,'分类管理',NULL,NULL,NULL,'2012-02-13 14:30:46','2012-02-13 14:30:46',26,1),(31,'分析报表',NULL,NULL,NULL,'2012-02-13 14:30:46','2012-02-13 14:30:46',0,1),(32,'教练分账报表',NULL,NULL,NULL,'2012-02-13 14:30:46','2012-02-13 14:30:46',31,1),(33,'日收入报表',NULL,NULL,NULL,'2012-02-13 14:30:46','2012-02-13 14:30:46',31,1),(34,'月收入报表',NULL,NULL,NULL,'2012-02-13 14:30:46','2012-02-13 14:30:46',31,1),(35,'会员消费明细',NULL,NULL,NULL,'2012-02-13 14:30:46','2012-02-13 14:30:46',31,1),(36,'场地使用率',NULL,NULL,NULL,'2012-02-13 14:30:46','2012-02-13 14:30:46',31,1),(37,'消费结算',NULL,NULL,NULL,'2012-02-13 14:30:46','2012-02-13 14:30:46',0,1),(38,'场地待结算列表',NULL,NULL,NULL,'2012-02-13 14:30:46','2012-02-13 14:30:46',37,1),(39,'场地已结算列表',NULL,NULL,NULL,'2012-02-13 14:30:46','2012-02-13 14:30:46',37,1),(40,'购买商品',NULL,NULL,NULL,'2012-02-13 14:30:46','2012-02-13 14:30:46',37,1),(41,'删除结算信息',NULL,NULL,NULL,'2012-02-13 14:30:46','2012-02-13 14:30:46',37,1),(42,'变更总价',NULL,NULL,NULL,'2012-02-13 14:30:46','2012-02-13 14:30:46',37,1),(43,'权限管理',NULL,NULL,NULL,'2012-02-13 14:30:46','2012-02-13 14:30:46',0,1),(44,'用户管理',NULL,NULL,NULL,'2012-02-13 14:30:46','2012-02-13 14:30:46',43,1),(45,'部门管理',NULL,NULL,NULL,'2012-02-13 14:30:46','2012-02-13 14:30:46',43,1),(46,'连锁店管理',NULL,NULL,NULL,'2012-02-13 14:30:46','2012-02-13 14:30:46',43,1),(47,'储物柜',NULL,NULL,NULL,'2012-02-13 14:30:46','2012-02-13 14:30:46',0,1),(48,'出租管理',NULL,NULL,NULL,'2012-02-13 14:30:46','2012-02-13 14:30:46',47,1),(49,'储物柜列表',NULL,NULL,NULL,'2012-02-13 14:30:46','2012-02-13 14:30:46',47,1),(50,'系统管理',NULL,NULL,NULL,'2012-02-13 14:30:46','2012-02-13 14:30:46',0,1),(51,'修改密码',NULL,NULL,NULL,'2012-02-13 14:30:46','2012-02-13 14:30:46',50,1),(52,'操作日志',NULL,NULL,NULL,'2012-02-13 14:30:46','2012-02-13 14:30:46',50,1),(53,'数据备份',NULL,NULL,NULL,'2012-02-13 14:30:46','2012-02-13 14:30:46',50,1),(54,'关于软件',NULL,NULL,NULL,'2012-02-13 14:30:46','2012-02-13 14:30:46',50,1),(55,'销售统计表',NULL,NULL,NULL,'2012-07-25 01:11:38','2012-07-25 01:11:38',31,1);
/*!40000 ALTER TABLE `powers` ENABLE KEYS */;
UNLOCK TABLES;

--
-- Table structure for table `recharge_records`
--

DROP TABLE IF EXISTS `recharge_records`;
/*!40101 SET @saved_cs_client     = @@character_set_client */;
/*!40101 SET character_set_client = utf8 */;
CREATE TABLE `recharge_records` (
  `id` int(11) NOT NULL AUTO_INCREMENT,
  `member_id` int(11) DEFAULT NULL,
  `member_card_id` int(11) DEFAULT NULL,
  `recharge_fee` decimal(10,2) DEFAULT NULL,
  `recharge_times` int(11) DEFAULT '0',
  `created_at` datetime DEFAULT NULL,
  `updated_at` datetime DEFAULT NULL,
  `recharge_person_name` varchar(255) COLLATE utf8_unicode_ci DEFAULT NULL,
  PRIMARY KEY (`id`)
) ENGINE=InnoDB AUTO_INCREMENT=3 DEFAULT CHARSET=utf8 COLLATE=utf8_unicode_ci;
/*!40101 SET character_set_client = @saved_cs_client */;

--
-- Dumping data for table `recharge_records`
--

LOCK TABLES `recharge_records` WRITE;
/*!40000 ALTER TABLE `recharge_records` DISABLE KEYS */;
INSERT INTO `recharge_records` VALUES (1,12,12,0.00,0,'2012-07-24 06:04:10','2012-07-24 06:04:10','吴帅'),(2,99,115,0.00,30,'2012-07-27 12:31:12','2012-07-27 12:31:12','吴帅');
/*!40000 ALTER TABLE `recharge_records` ENABLE KEYS */;
UNLOCK TABLES;

--
-- Table structure for table `rents`
--

DROP TABLE IF EXISTS `rents`;
/*!40101 SET @saved_cs_client     = @@character_set_client */;
/*!40101 SET character_set_client = utf8 */;
CREATE TABLE `rents` (
  `id` int(11) NOT NULL AUTO_INCREMENT,
  `locker_id` int(11) DEFAULT NULL,
  `member_id` int(11) DEFAULT NULL,
  `card_id` int(11) DEFAULT NULL,
  `start_date` date DEFAULT NULL,
  `end_date` date DEFAULT NULL,
  `total_fee` decimal(10,0) DEFAULT NULL,
  `pay_way` int(11) DEFAULT NULL,
  `remark` varchar(255) DEFAULT NULL,
  `created_at` datetime DEFAULT NULL,
  `updated_at` datetime DEFAULT NULL,
  `is_member` tinyint(1) DEFAULT NULL,
  `member_name` varchar(255) DEFAULT NULL,
  `random_member_name` varchar(255) DEFAULT NULL,
  `rent_state` varchar(255) DEFAULT NULL,
  PRIMARY KEY (`id`)
) ENGINE=MyISAM DEFAULT CHARSET=utf8;
/*!40101 SET character_set_client = @saved_cs_client */;

--
-- Dumping data for table `rents`
--

LOCK TABLES `rents` WRITE;
/*!40000 ALTER TABLE `rents` DISABLE KEYS */;
/*!40000 ALTER TABLE `rents` ENABLE KEYS */;
UNLOCK TABLES;

--
-- Table structure for table `schema_migrations`
--

DROP TABLE IF EXISTS `schema_migrations`;
/*!40101 SET @saved_cs_client     = @@character_set_client */;
/*!40101 SET character_set_client = utf8 */;
CREATE TABLE `schema_migrations` (
  `version` varchar(255) COLLATE utf8_unicode_ci NOT NULL,
  UNIQUE KEY `unique_schema_migrations` (`version`)
) ENGINE=InnoDB DEFAULT CHARSET=utf8 COLLATE=utf8_unicode_ci;
/*!40101 SET character_set_client = @saved_cs_client */;

--
-- Dumping data for table `schema_migrations`
--

LOCK TABLES `schema_migrations` WRITE;
/*!40000 ALTER TABLE `schema_migrations` DISABLE KEYS */;
INSERT INTO `schema_migrations` VALUES ('20100617082734'),('20100617082739'),('20100617082910'),('20100617084315'),('20100617084818'),('20100617171134'),('20100617171355'),('20100621173352'),('20100621173420'),('20100621173437'),('20100623150354'),('20100625051103'),('20100627002436'),('20100627002706'),('20100628145059'),('20100629163341'),('20100629170507'),('20100709142152'),('20100713230008'),('20100713230044'),('20100713230115'),('20100722162050'),('20100905094709'),('20100905094757'),('20100905094840'),('20101107132239'),('20101109144654'),('20110320134206'),('20110405104643'),('20110405145327'),('20110405155459'),('20110407151945'),('20110409055852'),('20110409060743'),('20110409084417'),('20110410031247'),('20110507134426'),('20110518121454'),('20110521130105'),('20110521131515'),('20110605000234'),('20110606095711'),('20110612062220'),('20110612070343'),('20110731101353'),('20110821040439'),('20111109073819'),('20111109095708'),('20111112015738'),('20111117124806'),('20111119034403'),('20111120043818'),('20111120080244'),('20111124133447'),('20111125114925'),('20111126012254'),('20111126045818'),('20111127090342'),('20111127100326'),('20111203051829'),('20111204075515'),('20111210060553'),('20111211040515'),('20111211060147'),('20120107131344'),('20120410045448'),('20120412060221'),('20120501030114'),('20120501052244'),('20120527141639'),('20120609055408'),('20120609082414'),('20120609091354'),('20120625130230'),('20120625131104'),('20120625132825'),('20120626132410'),('20120627135346'),('20120627142919'),('20120705133120'),('20120721131210');
/*!40000 ALTER TABLE `schema_migrations` ENABLE KEYS */;
UNLOCK TABLES;

--
-- Table structure for table `sessions`
--

DROP TABLE IF EXISTS `sessions`;
/*!40101 SET @saved_cs_client     = @@character_set_client */;
/*!40101 SET character_set_client = utf8 */;
CREATE TABLE `sessions` (
  `id` int(11) NOT NULL AUTO_INCREMENT,
  `session_id` varchar(255) COLLATE utf8_unicode_ci DEFAULT NULL,
  `data` text COLLATE utf8_unicode_ci,
  `created_at` datetime DEFAULT NULL,
  `updated_at` datetime DEFAULT NULL,
  PRIMARY KEY (`id`),
  KEY `index_sessions_on_session_id` (`session_id`),
  KEY `index_sessions_on_updated_at` (`updated_at`)
) ENGINE=InnoDB DEFAULT CHARSET=utf8 COLLATE=utf8_unicode_ci;
/*!40101 SET character_set_client = @saved_cs_client */;

--
-- Dumping data for table `sessions`
--

LOCK TABLES `sessions` WRITE;
/*!40000 ALTER TABLE `sessions` DISABLE KEYS */;
/*!40000 ALTER TABLE `sessions` ENABLE KEYS */;
UNLOCK TABLES;

--
-- Table structure for table `user_powers`
--

DROP TABLE IF EXISTS `user_powers`;
/*!40101 SET @saved_cs_client     = @@character_set_client */;
/*!40101 SET character_set_client = utf8 */;
CREATE TABLE `user_powers` (
  `id` int(11) NOT NULL AUTO_INCREMENT,
  `user_id` int(11) DEFAULT NULL,
  `power_id` int(11) DEFAULT NULL,
  `created_at` datetime DEFAULT NULL,
  `updated_at` datetime DEFAULT NULL,
  PRIMARY KEY (`id`)
) ENGINE=InnoDB AUTO_INCREMENT=421 DEFAULT CHARSET=utf8 COLLATE=utf8_unicode_ci;
/*!40101 SET character_set_client = @saved_cs_client */;

--
-- Dumping data for table `user_powers`
--

LOCK TABLES `user_powers` WRITE;
/*!40000 ALTER TABLE `user_powers` DISABLE KEYS */;
INSERT INTO `user_powers` VALUES (44,1,74,'2011-05-29 03:00:42','2011-05-29 03:00:42'),(45,1,75,'2011-05-29 03:00:42','2011-05-29 03:00:42'),(46,1,78,'2011-05-29 03:00:42','2011-05-29 03:00:42'),(47,1,77,'2011-05-29 03:00:42','2011-05-29 03:00:42'),(48,1,76,'2011-05-29 03:00:42','2011-05-29 03:00:42'),(49,1,72,'2011-05-29 03:00:42','2011-05-29 03:00:42'),(50,1,73,'2011-05-29 03:00:42','2011-05-29 03:00:42'),(51,1,68,'2011-05-29 03:00:42','2011-05-29 03:00:42'),(52,1,67,'2011-05-29 03:00:42','2011-05-29 03:00:42'),(53,1,71,'2011-05-29 03:00:42','2011-05-29 03:00:42'),(54,1,70,'2011-05-29 03:00:42','2011-05-29 03:00:42'),(55,1,69,'2011-05-29 03:00:42','2011-05-29 03:00:42'),(56,1,63,'2011-05-29 03:00:42','2011-05-29 03:00:42'),(57,1,66,'2011-05-29 03:00:42','2011-05-29 03:00:42'),(58,1,65,'2011-05-29 03:00:42','2011-05-29 03:00:42'),(59,1,64,'2011-05-29 03:00:42','2011-05-29 03:00:42'),(60,1,59,'2011-05-29 03:00:42','2011-05-29 03:00:42'),(61,1,60,'2011-05-29 03:00:42','2011-05-29 03:00:42'),(62,1,61,'2011-05-29 03:00:42','2011-05-29 03:00:42'),(63,1,62,'2011-05-29 03:00:42','2011-05-29 03:00:42'),(64,1,55,'2011-05-29 03:00:42','2011-05-29 03:00:42'),(65,1,56,'2011-05-29 03:00:42','2011-05-29 03:00:42'),(66,1,57,'2011-05-29 03:00:42','2011-05-29 03:00:42'),(67,1,58,'2011-05-29 03:00:42','2011-05-29 03:00:42'),(79,1,79,'2011-05-29 03:00:42','2011-05-29 03:00:42'),(80,1,80,'2011-05-29 03:00:42','2011-05-29 03:00:42'),(81,1,81,'2011-05-29 03:00:42','2011-05-29 03:00:42'),(82,1,82,'2011-05-29 03:00:42','2011-05-29 03:00:42'),(83,1,83,'2011-05-29 03:00:42','2011-05-29 03:00:42'),(84,1,84,'2011-05-29 03:00:42','2011-05-29 03:00:42'),(85,1,85,'2011-05-29 03:00:42','2011-05-29 03:00:42'),(86,1,86,'2011-05-29 03:00:42','2011-05-29 03:00:42'),(87,1,87,'2011-05-29 03:00:42','2011-05-29 03:00:42'),(88,1,88,'2011-05-29 03:00:42','2011-05-29 03:00:42'),(89,1,89,'2011-05-29 03:00:42','2011-05-29 03:00:42'),(90,1,90,'2011-05-29 03:00:42','2011-05-29 03:00:42'),(91,1,91,'2011-05-29 03:00:42','2011-05-29 03:00:42'),(92,1,92,'2011-05-29 03:00:42','2011-05-29 03:00:42'),(93,1,93,'2011-05-29 03:00:42','2011-05-29 03:00:42'),(94,1,94,'2011-05-29 03:00:42','2011-05-29 03:00:42'),(95,1,95,'2011-05-29 03:00:42','2011-05-29 03:00:42'),(96,1,96,'2011-05-29 03:00:42','2011-05-29 03:00:42'),(97,1,97,'2011-05-29 03:00:42','2011-05-29 03:00:42'),(148,1,8,'2012-05-26 03:23:51','2012-05-26 03:23:51'),(157,1,17,'2012-05-26 03:23:51','2012-05-26 03:23:51'),(158,1,18,'2012-05-26 03:23:51','2012-05-26 03:23:51'),(159,1,19,'2012-05-26 03:23:51','2012-05-26 03:23:51'),(160,1,20,'2012-05-26 03:23:51','2012-05-26 03:23:51'),(161,1,21,'2012-05-26 03:23:51','2012-05-26 03:23:51'),(177,1,37,'2012-05-26 03:23:51','2012-05-26 03:23:51'),(178,1,38,'2012-05-26 03:23:51','2012-05-26 03:23:51'),(179,1,39,'2012-05-26 03:23:51','2012-05-26 03:23:51'),(180,1,40,'2012-05-26 03:23:51','2012-05-26 03:23:51'),(202,4,8,'2012-05-26 04:57:17','2012-05-26 04:57:17'),(211,4,17,'2012-05-26 04:57:17','2012-05-26 04:57:17'),(212,4,18,'2012-05-26 04:57:17','2012-05-26 04:57:17'),(213,4,19,'2012-05-26 04:57:17','2012-05-26 04:57:17'),(214,4,20,'2012-05-26 04:57:17','2012-05-26 04:57:17'),(215,4,21,'2012-05-26 04:57:17','2012-05-26 04:57:17'),(231,4,37,'2012-05-26 04:57:18','2012-05-26 04:57:18'),(232,4,38,'2012-05-26 04:57:18','2012-05-26 04:57:18'),(233,4,39,'2012-05-26 04:57:18','2012-05-26 04:57:18'),(234,4,40,'2012-05-26 04:57:18','2012-05-26 04:57:18'),(253,1,50,'2012-05-28 07:56:35','2012-05-28 07:56:35'),(254,1,51,'2012-05-28 07:56:35','2012-05-28 07:56:35'),(255,1,52,'2012-05-28 07:56:35','2012-05-28 07:56:35'),(256,1,53,'2012-05-28 07:56:35','2012-05-28 07:56:35'),(257,1,54,'2012-05-28 07:56:35','2012-05-28 07:56:35'),(265,1,9,'2012-05-29 02:03:28','2012-05-29 02:03:28'),(271,1,26,'2012-05-29 02:03:28','2012-05-29 02:03:28'),(274,1,29,'2012-05-29 02:03:28','2012-05-29 02:03:28'),(275,1,30,'2012-05-29 02:03:28','2012-05-29 02:03:28'),(276,1,31,'2012-05-29 02:03:28','2012-05-29 02:03:28'),(278,1,33,'2012-05-29 02:03:28','2012-05-29 02:03:28'),(289,4,50,'2012-06-03 08:46:39','2012-06-03 08:46:39'),(290,4,51,'2012-06-03 08:46:39','2012-06-03 08:46:39'),(291,4,52,'2012-06-03 08:46:39','2012-06-03 08:46:39'),(292,4,53,'2012-06-03 08:46:39','2012-06-03 08:46:39'),(293,4,54,'2012-06-03 08:46:39','2012-06-03 08:46:39'),(301,4,9,'2012-06-03 08:46:39','2012-06-03 08:46:39'),(307,4,26,'2012-06-03 08:46:39','2012-06-03 08:46:39'),(310,4,29,'2012-06-03 08:46:39','2012-06-03 08:46:39'),(311,4,30,'2012-06-03 08:46:39','2012-06-03 08:46:39'),(312,4,31,'2012-06-03 08:46:39','2012-06-03 08:46:39'),(314,4,33,'2012-06-03 08:46:39','2012-06-03 08:46:39'),(322,1,10,'2012-06-06 06:56:00','2012-06-06 06:56:00'),(323,1,11,'2012-06-06 06:56:00','2012-06-06 06:56:00'),(324,1,12,'2012-06-06 06:56:00','2012-06-06 06:56:00'),(325,1,13,'2012-06-06 06:56:00','2012-06-06 06:56:00'),(326,1,14,'2012-06-06 06:56:00','2012-06-06 06:56:00'),(327,1,15,'2012-06-06 06:56:00','2012-06-06 06:56:00'),(328,1,16,'2012-06-06 06:56:00','2012-06-06 06:56:00'),(329,1,22,'2012-06-06 06:56:00','2012-06-06 06:56:00'),(330,1,23,'2012-06-06 06:56:00','2012-06-06 06:56:00'),(331,1,24,'2012-06-06 06:56:00','2012-06-06 06:56:00'),(332,1,25,'2012-06-06 06:56:00','2012-06-06 06:56:00'),(333,1,27,'2012-06-06 06:56:00','2012-06-06 06:56:00'),(334,1,28,'2012-06-06 06:56:00','2012-06-06 06:56:00'),(335,1,32,'2012-06-06 06:56:00','2012-06-06 06:56:00'),(336,1,34,'2012-06-06 06:56:00','2012-06-06 06:56:00'),(337,1,35,'2012-06-06 06:56:00','2012-06-06 06:56:00'),(338,1,36,'2012-06-06 06:56:00','2012-06-06 06:56:00'),(339,1,41,'2012-06-06 06:56:00','2012-06-06 06:56:00'),(340,1,42,'2012-06-06 06:56:00','2012-06-06 06:56:00'),(341,1,43,'2012-06-06 06:56:00','2012-06-06 06:56:00'),(342,1,44,'2012-06-06 06:56:00','2012-06-06 06:56:00'),(343,1,45,'2012-06-06 06:56:00','2012-06-06 06:56:00'),(344,1,46,'2012-06-06 06:56:00','2012-06-06 06:56:00'),(348,5,8,'2012-06-06 06:57:05','2012-06-06 06:57:05'),(349,5,17,'2012-06-06 06:57:05','2012-06-06 06:57:05'),(350,5,18,'2012-06-06 06:57:05','2012-06-06 06:57:05'),(351,5,19,'2012-06-06 06:57:05','2012-06-06 06:57:05'),(352,5,20,'2012-06-06 06:57:05','2012-06-06 06:57:05'),(353,5,21,'2012-06-06 06:57:05','2012-06-06 06:57:05'),(354,5,37,'2012-06-06 06:57:05','2012-06-06 06:57:05'),(355,5,38,'2012-06-06 06:57:05','2012-06-06 06:57:05'),(356,5,39,'2012-06-06 06:57:05','2012-06-06 06:57:05'),(357,5,40,'2012-06-06 06:57:05','2012-06-06 06:57:05'),(358,5,50,'2012-06-06 06:57:05','2012-06-06 06:57:05'),(359,5,51,'2012-06-06 06:57:05','2012-06-06 06:57:05'),(360,5,52,'2012-06-06 06:57:05','2012-06-06 06:57:05'),(361,5,53,'2012-06-06 06:57:05','2012-06-06 06:57:05'),(362,5,54,'2012-06-06 06:57:05','2012-06-06 06:57:05'),(363,5,9,'2012-06-06 06:57:05','2012-06-06 06:57:05'),(364,5,26,'2012-06-06 06:57:05','2012-06-06 06:57:05'),(365,5,29,'2012-06-06 06:57:05','2012-06-06 06:57:05'),(366,5,30,'2012-06-06 06:57:05','2012-06-06 06:57:05'),(367,5,31,'2012-06-06 06:57:05','2012-06-06 06:57:05'),(368,5,33,'2012-06-06 06:57:05','2012-06-06 06:57:05'),(369,6,8,'2012-06-06 07:01:11','2012-06-06 07:01:11'),(370,6,17,'2012-06-06 07:01:11','2012-06-06 07:01:11'),(371,6,18,'2012-06-06 07:01:11','2012-06-06 07:01:11'),(372,6,19,'2012-06-06 07:01:11','2012-06-06 07:01:11'),(373,6,20,'2012-06-06 07:01:11','2012-06-06 07:01:11'),(374,6,21,'2012-06-06 07:01:11','2012-06-06 07:01:11'),(375,6,37,'2012-06-06 07:01:11','2012-06-06 07:01:11'),(376,6,38,'2012-06-06 07:01:11','2012-06-06 07:01:11'),(377,6,39,'2012-06-06 07:01:11','2012-06-06 07:01:11'),(378,6,40,'2012-06-06 07:01:11','2012-06-06 07:01:11'),(379,6,50,'2012-06-06 07:01:11','2012-06-06 07:01:11'),(380,6,51,'2012-06-06 07:01:11','2012-06-06 07:01:11'),(381,6,52,'2012-06-06 07:01:11','2012-06-06 07:01:11'),(382,6,53,'2012-06-06 07:01:11','2012-06-06 07:01:11'),(383,6,54,'2012-06-06 07:01:11','2012-06-06 07:01:11'),(384,6,9,'2012-06-06 07:01:11','2012-06-06 07:01:11'),(385,6,26,'2012-06-06 07:01:11','2012-06-06 07:01:11'),(386,6,29,'2012-06-06 07:01:11','2012-06-06 07:01:11'),(387,6,30,'2012-06-06 07:01:11','2012-06-06 07:01:11'),(388,6,31,'2012-06-06 07:01:11','2012-06-06 07:01:11'),(389,6,33,'2012-06-06 07:01:11','2012-06-06 07:01:11'),(390,7,8,'2012-06-07 02:20:12','2012-06-07 02:20:12'),(391,7,17,'2012-06-07 02:20:12','2012-06-07 02:20:12'),(392,7,18,'2012-06-07 02:20:12','2012-06-07 02:20:12'),(393,7,19,'2012-06-07 02:20:12','2012-06-07 02:20:12'),(394,7,20,'2012-06-07 02:20:12','2012-06-07 02:20:12'),(395,7,21,'2012-06-07 02:20:12','2012-06-07 02:20:12'),(396,7,37,'2012-06-07 02:20:12','2012-06-07 02:20:12'),(397,7,38,'2012-06-07 02:20:12','2012-06-07 02:20:12'),(398,7,39,'2012-06-07 02:20:12','2012-06-07 02:20:12'),(399,7,40,'2012-06-07 02:20:12','2012-06-07 02:20:12'),(400,7,50,'2012-06-07 02:20:12','2012-06-07 02:20:12'),(401,7,51,'2012-06-07 02:20:12','2012-06-07 02:20:12'),(402,7,52,'2012-06-07 02:20:12','2012-06-07 02:20:12'),(403,7,53,'2012-06-07 02:20:12','2012-06-07 02:20:12'),(404,7,54,'2012-06-07 02:20:12','2012-06-07 02:20:12'),(405,7,9,'2012-06-07 02:20:12','2012-06-07 02:20:12'),(406,7,26,'2012-06-07 02:20:12','2012-06-07 02:20:12'),(407,7,29,'2012-06-07 02:20:12','2012-06-07 02:20:12'),(408,7,30,'2012-06-07 02:20:12','2012-06-07 02:20:12'),(409,7,31,'2012-06-07 02:20:12','2012-06-07 02:20:12'),(410,7,33,'2012-06-07 02:20:12','2012-06-07 02:20:12'),(412,7,22,'2012-06-09 04:30:06','2012-06-09 04:30:06'),(413,7,23,'2012-06-09 04:30:06','2012-06-09 04:30:06'),(414,7,25,'2012-06-09 04:30:06','2012-06-09 04:30:06'),(415,1,1,'2012-06-20 03:02:05','2012-06-20 03:02:05'),(416,1,2,'2012-06-20 03:02:05','2012-06-20 03:02:05'),(417,1,3,'2012-06-20 03:02:05','2012-06-20 03:02:05'),(418,1,4,'2012-06-20 03:02:05','2012-06-20 03:02:05'),(419,1,5,'2012-06-20 03:02:05','2012-06-20 03:02:05'),(420,1,6,'2012-06-20 03:02:05','2012-06-20 03:02:05');
/*!40000 ALTER TABLE `user_powers` ENABLE KEYS */;
UNLOCK TABLES;

--
-- Table structure for table `users`
--

DROP TABLE IF EXISTS `users`;
/*!40101 SET @saved_cs_client     = @@character_set_client */;
/*!40101 SET character_set_client = utf8 */;
CREATE TABLE `users` (
  `id` int(11) NOT NULL AUTO_INCREMENT,
  `created_at` datetime DEFAULT NULL,
  `updated_at` datetime DEFAULT NULL,
  `user_name` varchar(255) COLLATE utf8_unicode_ci DEFAULT NULL,
  `login` varchar(255) COLLATE utf8_unicode_ci DEFAULT NULL,
  `crypted_password` varchar(255) COLLATE utf8_unicode_ci DEFAULT NULL,
  `password_salt` varchar(255) COLLATE utf8_unicode_ci DEFAULT NULL,
  `persistence_token` varchar(255) COLLATE utf8_unicode_ci DEFAULT NULL,
  `login_count` int(11) DEFAULT NULL,
  `last_request_at` datetime DEFAULT NULL,
  `last_login_at` datetime DEFAULT NULL,
  `current_login_at` datetime DEFAULT NULL,
  `last_login_ip` varchar(255) COLLATE utf8_unicode_ci DEFAULT NULL,
  `current_login_ip` varchar(255) COLLATE utf8_unicode_ci DEFAULT NULL,
  `user_name_pinyin` varchar(255) COLLATE utf8_unicode_ci DEFAULT NULL,
  `state` varchar(255) COLLATE utf8_unicode_ci DEFAULT NULL,
  PRIMARY KEY (`id`),
  KEY `index_users_on_login` (`login`),
  KEY `index_users_on_persistence_token` (`persistence_token`),
  KEY `index_users_on_last_request_at` (`last_request_at`)
) ENGINE=InnoDB AUTO_INCREMENT=17 DEFAULT CHARSET=utf8 COLLATE=utf8_unicode_ci;
/*!40101 SET character_set_client = @saved_cs_client */;

--
-- Dumping data for table `users`
--

LOCK TABLES `users` WRITE;
/*!40000 ALTER TABLE `users` DISABLE KEYS */;
INSERT INTO `users` VALUES (1,'2011-05-27 18:27:02','2012-07-28 06:13:59','超级管理员','admin','f3554830e926579a2baa44a3dacaeefae9f510bb4f04e97cd068a410b0e75ceb4f5f61ca71d3b791890152218e4f6fc3fa4e5a36d0ef330e2ba210d72833b09a','OSjzNqoGAkk0UJSHU156','dc6b87fbc34f592e9f0805a6633d3c3dde2c487ab9b30c55ed5de13db106c68f7f45adb3bb2849b894d89298db7e87efa21f2bc6a441f24418cafce07721ca73',286,'2013-05-30 08:29:07','2012-07-28 04:36:31','2012-07-28 06:13:59','114.66.9.16','123.116.126.228','chaojiguanliyuan',NULL),(8,'2012-07-24 05:02:03','2012-07-28 06:08:21','吴帅','ctc','53bd81864da3b7931f7de95a97433585e126cfd13061f1b7e41edfe0ad680b81082ceae3ab5c3d5c1c365e3aeedd9f65a0b0742c7547e452f8a6c8ecb0fe01f2','AL9s2gCW0kSznBdw7h3','18cc8562d943bbb5bb40f0977cefb993399d5a0d2b1a6b9db5d4a4475abf9287d4524676bbeb7ba3f33fbd6c231c946a22fffa5d51d347064df93b46dd781cd5',32,'2012-07-28 06:08:21','2012-07-28 05:07:53','2012-07-28 06:07:51','61.148.244.91','114.247.10.77','wushuai','enabled'),(9,'2012-07-24 05:56:21','2012-07-28 06:04:46','俞晓航','yxh','220a20222163bf8109083e6c3a6de0de3ce5d2b25dddd569206c8ddcac862f4b7908f0bad800ec3f1f653be077c80b37b2a5aac5090bf7224b31ac38ac01bb6c','XR7FfbK7Ztx3bgJusMv','a6cada7bda1ec451b46b3f07dbf82261b1827c6ab0fc6528507ea03946d1ac535751e4e91aaaa476c61a72d5fc2a9008a45dfcef0ff4b6d9115f0fa77ec6b7c7',10,'2012-07-28 06:04:46','2012-07-27 23:06:27','2012-07-28 03:14:05','192.168.0.3','192.168.0.3','yuxiaohang','enabled'),(10,'2012-07-24 10:18:33','2012-07-24 10:18:33','史楠楠','SNN','df325402189493ceff9e6cb44d5a2ade34290a2f28ec5e70256becb16730ecb6945f4e02de1524bbabb77362af7031e08cbfa91f592bd72ae0ae9eeceee17815','OmjZiswwJsqdHQnGpGnZ','fbe0040e24a2d261d0ea8e75b6063a088ca0a01ee95ea679c72bde51add23f029e28625cab4d02b54b5b3e8f7d58b3efbf69ef26746616a0c69698669c34c097',NULL,NULL,NULL,NULL,NULL,NULL,'shinannan','enabled'),(11,'2012-07-24 10:20:22','2012-07-26 23:58:44','杨婷','yangt','ef676946a65040dbdcde4b401293ecc0c0d2ce3b038a37f83f126431e3c1a0e02cb446d08d18322c2ab5bbd48ceef351b5835075dddb8ccd774247df2ccb2f18','q44bGas3nZvMO1xXLN9i','5e31fd7c57d626b954fe68d0d9f7d14f88cb22cb752edfccbdd95fe003b301cd898fa0c03ee012e09755d6041a8d041d2cc471fddffa10bd2badecc6c854f37f',7,'2012-07-26 23:58:44','2012-07-26 10:48:02','2012-07-26 23:16:04','192.168.0.3','192.168.0.3','yangting','enabled'),(12,'2012-07-24 12:22:17','2012-07-25 08:29:57','朱经理','Manager zhu','fa7fbca3f197b94898a12ec46c7307da15b46f18c6e2e6e4ff8ab5b839a595e84a8b17c2bf04a6b650e793f7f7462d89a81957f6ca3c0735a556474b1e2b920c','OPxfOEXZLpyvaXJLX9Cw','76e565b9014b15cac37ed33499cf4020f98be0df34bb0b1ea80499cf34328f365f9d16ca03b928efac04a0f0b8abf68c51ecabc62674bf5d1f6754f35dbfe148',4,'2012-07-25 08:29:57','2012-07-25 08:18:56','2012-07-25 08:21:46','192.168.0.4','192.168.0.4','zhujingli','enabled'),(13,'2012-07-25 05:35:38','2012-07-25 05:35:52','王淑敏','wsm','8da40dde7b66a56f6f303adb38414814f1136417400c00d6435bb102a3da5c0c720b29b29c4e45c1360a9c6a282ffb23caea8bf222ec07f0cc5be59f2845a7fe','6lX3GTZFzQGo7agmlBH','81d520dc451ea2147730e1d347ab0d7edf58dfeadc796c2f537e1aeca609eb14d97deaa8c746976c318d6a97b3e1f371e4cf0f77d9c233ff390fa0676baa7826',1,'2012-07-25 05:35:52',NULL,'2012-07-25 05:35:52',NULL,'192.168.0.3','wangshumin','enabled'),(14,'2012-07-25 08:16:58','2012-07-25 08:16:58','李经理','Manager li','eda8a1db4e5dd94e2ff1c56cfb16d56096e336d37b1f811981ebe83539d6fe8ac5a798775eed1eb11f74ad5b98a2c4ce4b12ba22defb4a19f43a024844727c19','H9pZnDft45lGPewSyuh','87e181ce10425707548b49c83ee369ca74f76c2856754bdbbb5e45740c562b4c403e923aec7e59bc6e4759a805ca31d48bf39f07096d8e1dab75bbdd37ca2e60',NULL,NULL,NULL,NULL,NULL,NULL,'lijingli','enabled'),(15,'2012-07-27 00:15:30','2012-07-27 09:05:05','王晓霞','wxx','7d8e8d84044a9c1724db4195fc7ca6fe93715254addf13fe195110b3ec0897513e920aae0efa75faa2ee7432f915ae84d48e5891a40df2caa1f728736f29373d','CBxUoUohdqI1diF2','7a57c8d47688bf8adeacb94b1fd63d39c494d35e399956d92e3bb291f7984acd08c33718cca24b223a646b4da304c2f7d590d16bc0943e2f324c8495bf412ff7',3,'2012-07-27 09:05:05','2012-07-27 01:59:48','2012-07-27 05:13:56','192.168.0.3','192.168.0.3','wangxiaoxia','enabled'),(16,'2012-07-27 09:11:09','2012-07-27 14:28:33','吴滨滨','wbb','76856be389a07dbe1e8653ac19a4baf181232ab77df4c492ac11dd262ac55692bc5037e8bd512065c3a793a493bab1d161c0673fe9c14222f99837032a89cf48','uwuQRiAcl2wRCWtmpfSE','325245b97a60125696300d33f932eccae232936cc3db3b5fbae4c1ed2e34c475b08188fcfa02c48fbebfbc5a0ea0d892d17cc4475c874dd09f7106e32a51fded',3,'2012-07-27 14:28:33','2012-07-27 09:34:38','2012-07-27 11:17:11','192.168.0.3','192.168.0.3','wubinbin','enabled');
/*!40000 ALTER TABLE `users` ENABLE KEYS */;
UNLOCK TABLES;

--
-- Table structure for table `vacations`
--

DROP TABLE IF EXISTS `vacations`;
/*!40101 SET @saved_cs_client     = @@character_set_client */;
/*!40101 SET character_set_client = utf8 */;
CREATE TABLE `vacations` (
  `id` int(11) NOT NULL AUTO_INCREMENT,
  `start_date` date DEFAULT NULL,
  `end_date` date DEFAULT NULL,
  `name` varchar(255) COLLATE utf8_unicode_ci DEFAULT NULL,
  `created_at` datetime DEFAULT NULL,
  `updated_at` datetime DEFAULT NULL,
  `vacation_type` varchar(255) COLLATE utf8_unicode_ci DEFAULT NULL,
  PRIMARY KEY (`id`)
) ENGINE=InnoDB DEFAULT CHARSET=utf8 COLLATE=utf8_unicode_ci;
/*!40101 SET character_set_client = @saved_cs_client */;

--
-- Dumping data for table `vacations`
--

LOCK TABLES `vacations` WRITE;
/*!40000 ALTER TABLE `vacations` DISABLE KEYS */;
/*!40000 ALTER TABLE `vacations` ENABLE KEYS */;
UNLOCK TABLES;
/*!40103 SET TIME_ZONE=@OLD_TIME_ZONE */;

/*!40101 SET SQL_MODE=@OLD_SQL_MODE */;
/*!40014 SET FOREIGN_KEY_CHECKS=@OLD_FOREIGN_KEY_CHECKS */;
/*!40014 SET UNIQUE_CHECKS=@OLD_UNIQUE_CHECKS */;
/*!40101 SET CHARACTER_SET_CLIENT=@OLD_CHARACTER_SET_CLIENT */;
/*!40101 SET CHARACTER_SET_RESULTS=@OLD_CHARACTER_SET_RESULTS */;
/*!40101 SET COLLATION_CONNECTION=@OLD_COLLATION_CONNECTION */;
/*!40111 SET SQL_NOTES=@OLD_SQL_NOTES */;

-- Dump completed on 2012-07-28 14:19:10
